datetime_beginning_utc,datetime_beginning_ept,area,wind_generation_mw
6/1/2026 3:00:00 AM,5/31/2026 11:00:00 PM,MIDATL,209.662
6/1/2026 2:00:00 AM,5/31/2026 10:00:00 PM,MIDATL,216.028
6/1/2026 1:00:00 AM,5/31/2026 9:00:00 PM,MIDATL,186.942
6/1/2026 12:00:00 AM,5/31/2026 8:00:00 PM,MIDATL,159.519
5/31/2026 11:00:00 PM,5/31/2026 7:00:00 PM,MIDATL,169.357
5/31/2026 10:00:00 PM,5/31/2026 6:00:00 PM,MIDATL,173.176
5/31/2026 9:00:00 PM,5/31/2026 5:00:00 PM,MIDATL,152.664
5/31/2026 8:00:00 PM,5/31/2026 4:00:00 PM,MIDATL,156.391
5/31/2026 7:00:00 PM,5/31/2026 3:00:00 PM,MIDATL,157.274
5/31/2026 6:00:00 PM,5/31/2026 2:00:00 PM,MIDATL,147.298
5/31/2026 5:00:00 PM,5/31/2026 1:00:00 PM,MIDATL,146.642
5/31/2026 4:00:00 PM,5/31/2026 12:00:00 PM,MIDATL,119.463
5/31/2026 3:00:00 PM,5/31/2026 11:00:00 AM,MIDATL,99.769
5/31/2026 2:00:00 PM,5/31/2026 10:00:00 AM,MIDATL,80.855
5/31/2026 1:00:00 PM,5/31/2026 9:00:00 AM,MIDATL,73.959
5/31/2026 12:00:00 PM,5/31/2026 8:00:00 AM,MIDATL,75.450
5/31/2026 11:00:00 AM,5/31/2026 7:00:00 AM,MIDATL,117.878
5/31/2026 10:00:00 AM,5/31/2026 6:00:00 AM,MIDATL,116.958
5/31/2026 9:00:00 AM,5/31/2026 5:00:00 AM,MIDATL,101.877
5/31/2026 8:00:00 AM,5/31/2026 4:00:00 AM,MIDATL,117.663
5/31/2026 7:00:00 AM,5/31/2026 3:00:00 AM,MIDATL,111.884
5/31/2026 6:00:00 AM,5/31/2026 2:00:00 AM,MIDATL,95.059
5/31/2026 5:00:00 AM,5/31/2026 1:00:00 AM,MIDATL,135.211
5/31/2026 4:00:00 AM,5/31/2026 12:00:00 AM,MIDATL,206.381
5/31/2026 3:00:00 AM,5/30/2026 11:00:00 PM,MIDATL,252.221
5/31/2026 2:00:00 AM,5/30/2026 10:00:00 PM,MIDATL,279.500
5/31/2026 1:00:00 AM,5/30/2026 9:00:00 PM,MIDATL,261.454
5/31/2026 12:00:00 AM,5/30/2026 8:00:00 PM,MIDATL,174.556
5/30/2026 11:00:00 PM,5/30/2026 7:00:00 PM,MIDATL,239.863
5/30/2026 10:00:00 PM,5/30/2026 6:00:00 PM,MIDATL,344.455
5/30/2026 9:00:00 PM,5/30/2026 5:00:00 PM,MIDATL,332.779
5/30/2026 8:00:00 PM,5/30/2026 4:00:00 PM,MIDATL,293.187
5/30/2026 7:00:00 PM,5/30/2026 3:00:00 PM,MIDATL,334.056
5/30/2026 6:00:00 PM,5/30/2026 2:00:00 PM,MIDATL,400.444
5/30/2026 5:00:00 PM,5/30/2026 1:00:00 PM,MIDATL,253.640
5/30/2026 4:00:00 PM,5/30/2026 12:00:00 PM,MIDATL,177.630
5/30/2026 3:00:00 PM,5/30/2026 11:00:00 AM,MIDATL,227.342
5/30/2026 2:00:00 PM,5/30/2026 10:00:00 AM,MIDATL,382.987
5/30/2026 1:00:00 PM,5/30/2026 9:00:00 AM,MIDATL,495.763
5/30/2026 12:00:00 PM,5/30/2026 8:00:00 AM,MIDATL,596.191
5/30/2026 11:00:00 AM,5/30/2026 7:00:00 AM,MIDATL,620.516
5/30/2026 10:00:00 AM,5/30/2026 6:00:00 AM,MIDATL,622.550
5/30/2026 9:00:00 AM,5/30/2026 5:00:00 AM,MIDATL,616.525
5/30/2026 8:00:00 AM,5/30/2026 4:00:00 AM,MIDATL,632.325
5/30/2026 7:00:00 AM,5/30/2026 3:00:00 AM,MIDATL,622.810
5/30/2026 6:00:00 AM,5/30/2026 2:00:00 AM,MIDATL,682.343
5/30/2026 5:00:00 AM,5/30/2026 1:00:00 AM,MIDATL,703.190
5/30/2026 4:00:00 AM,5/30/2026 12:00:00 AM,MIDATL,717.913
5/30/2026 3:00:00 AM,5/29/2026 11:00:00 PM,MIDATL,751.333
5/30/2026 2:00:00 AM,5/29/2026 10:00:00 PM,MIDATL,715.400
5/30/2026 1:00:00 AM,5/29/2026 9:00:00 PM,MIDATL,681.291
5/30/2026 12:00:00 AM,5/29/2026 8:00:00 PM,MIDATL,621.880
5/29/2026 11:00:00 PM,5/29/2026 7:00:00 PM,MIDATL,561.174
5/29/2026 10:00:00 PM,5/29/2026 6:00:00 PM,MIDATL,568.472
5/29/2026 9:00:00 PM,5/29/2026 5:00:00 PM,MIDATL,520.836
5/29/2026 8:00:00 PM,5/29/2026 4:00:00 PM,MIDATL,421.183
5/29/2026 7:00:00 PM,5/29/2026 3:00:00 PM,MIDATL,309.248
5/29/2026 6:00:00 PM,5/29/2026 2:00:00 PM,MIDATL,209.326
5/29/2026 5:00:00 PM,5/29/2026 1:00:00 PM,MIDATL,128.915
5/29/2026 4:00:00 PM,5/29/2026 12:00:00 PM,MIDATL,86.159
5/29/2026 3:00:00 PM,5/29/2026 11:00:00 AM,MIDATL,69.542
5/29/2026 2:00:00 PM,5/29/2026 10:00:00 AM,MIDATL,53.996
5/29/2026 1:00:00 PM,5/29/2026 9:00:00 AM,MIDATL,45.236
5/29/2026 12:00:00 PM,5/29/2026 8:00:00 AM,MIDATL,66.103
5/29/2026 11:00:00 AM,5/29/2026 7:00:00 AM,MIDATL,128.373
5/29/2026 10:00:00 AM,5/29/2026 6:00:00 AM,MIDATL,202.124
5/29/2026 9:00:00 AM,5/29/2026 5:00:00 AM,MIDATL,207.309
5/29/2026 8:00:00 AM,5/29/2026 4:00:00 AM,MIDATL,202.906
5/29/2026 7:00:00 AM,5/29/2026 3:00:00 AM,MIDATL,203.948
5/29/2026 6:00:00 AM,5/29/2026 2:00:00 AM,MIDATL,216.114
5/29/2026 5:00:00 AM,5/29/2026 1:00:00 AM,MIDATL,220.206
5/29/2026 4:00:00 AM,5/29/2026 12:00:00 AM,MIDATL,215.109
5/29/2026 3:00:00 AM,5/28/2026 11:00:00 PM,MIDATL,218.728
5/29/2026 2:00:00 AM,5/28/2026 10:00:00 PM,MIDATL,304.875
5/29/2026 1:00:00 AM,5/28/2026 9:00:00 PM,MIDATL,381.331
5/29/2026 12:00:00 AM,5/28/2026 8:00:00 PM,MIDATL,394.168
5/28/2026 11:00:00 PM,5/28/2026 7:00:00 PM,MIDATL,482.004
5/28/2026 10:00:00 PM,5/28/2026 6:00:00 PM,MIDATL,614.539
5/28/2026 9:00:00 PM,5/28/2026 5:00:00 PM,MIDATL,672.006
5/28/2026 8:00:00 PM,5/28/2026 4:00:00 PM,MIDATL,706.804
5/28/2026 7:00:00 PM,5/28/2026 3:00:00 PM,MIDATL,721.976
5/28/2026 6:00:00 PM,5/28/2026 2:00:00 PM,MIDATL,699.774
5/28/2026 5:00:00 PM,5/28/2026 1:00:00 PM,MIDATL,677.437
5/28/2026 4:00:00 PM,5/28/2026 12:00:00 PM,MIDATL,597.107
5/28/2026 3:00:00 PM,5/28/2026 11:00:00 AM,MIDATL,538.566
5/28/2026 2:00:00 PM,5/28/2026 10:00:00 AM,MIDATL,335.940
5/28/2026 1:00:00 PM,5/28/2026 9:00:00 AM,MIDATL,132.390
5/28/2026 12:00:00 PM,5/28/2026 8:00:00 AM,MIDATL,95.488
5/28/2026 11:00:00 AM,5/28/2026 7:00:00 AM,MIDATL,177.385
5/28/2026 10:00:00 AM,5/28/2026 6:00:00 AM,MIDATL,321.261
5/28/2026 9:00:00 AM,5/28/2026 5:00:00 AM,MIDATL,427.969
5/28/2026 8:00:00 AM,5/28/2026 4:00:00 AM,MIDATL,436.949
5/28/2026 7:00:00 AM,5/28/2026 3:00:00 AM,MIDATL,413.129
5/28/2026 6:00:00 AM,5/28/2026 2:00:00 AM,MIDATL,385.205
5/28/2026 5:00:00 AM,5/28/2026 1:00:00 AM,MIDATL,364.340
5/28/2026 4:00:00 AM,5/28/2026 12:00:00 AM,MIDATL,344.771
5/28/2026 3:00:00 AM,5/27/2026 11:00:00 PM,MIDATL,326.225
5/28/2026 2:00:00 AM,5/27/2026 10:00:00 PM,MIDATL,334.460
5/28/2026 1:00:00 AM,5/27/2026 9:00:00 PM,MIDATL,361.204
5/28/2026 12:00:00 AM,5/27/2026 8:00:00 PM,MIDATL,376.132
5/27/2026 11:00:00 PM,5/27/2026 7:00:00 PM,MIDATL,326.252
5/27/2026 10:00:00 PM,5/27/2026 6:00:00 PM,MIDATL,282.139
5/27/2026 9:00:00 PM,5/27/2026 5:00:00 PM,MIDATL,261.487
5/27/2026 8:00:00 PM,5/27/2026 4:00:00 PM,MIDATL,259.428
5/27/2026 7:00:00 PM,5/27/2026 3:00:00 PM,MIDATL,195.419
5/27/2026 6:00:00 PM,5/27/2026 2:00:00 PM,MIDATL,130.663
5/27/2026 5:00:00 PM,5/27/2026 1:00:00 PM,MIDATL,80.960
5/27/2026 4:00:00 PM,5/27/2026 12:00:00 PM,MIDATL,51.156
5/27/2026 3:00:00 PM,5/27/2026 11:00:00 AM,MIDATL,52.204
5/27/2026 2:00:00 PM,5/27/2026 10:00:00 AM,MIDATL,54.046
5/27/2026 1:00:00 PM,5/27/2026 9:00:00 AM,MIDATL,64.590
5/27/2026 12:00:00 PM,5/27/2026 8:00:00 AM,MIDATL,70.652
5/27/2026 11:00:00 AM,5/27/2026 7:00:00 AM,MIDATL,134.913
5/27/2026 10:00:00 AM,5/27/2026 6:00:00 AM,MIDATL,153.933
5/27/2026 9:00:00 AM,5/27/2026 5:00:00 AM,MIDATL,170.261
5/27/2026 8:00:00 AM,5/27/2026 4:00:00 AM,MIDATL,205.134
5/27/2026 7:00:00 AM,5/27/2026 3:00:00 AM,MIDATL,207.881
5/27/2026 6:00:00 AM,5/27/2026 2:00:00 AM,MIDATL,257.133
5/27/2026 5:00:00 AM,5/27/2026 1:00:00 AM,MIDATL,244.944
5/27/2026 4:00:00 AM,5/27/2026 12:00:00 AM,MIDATL,266.170
5/27/2026 3:00:00 AM,5/26/2026 11:00:00 PM,MIDATL,303.684
5/27/2026 2:00:00 AM,5/26/2026 10:00:00 PM,MIDATL,296.436
5/27/2026 1:00:00 AM,5/26/2026 9:00:00 PM,MIDATL,276.960
5/27/2026 12:00:00 AM,5/26/2026 8:00:00 PM,MIDATL,214.034
5/26/2026 11:00:00 PM,5/26/2026 7:00:00 PM,MIDATL,173.625
5/26/2026 10:00:00 PM,5/26/2026 6:00:00 PM,MIDATL,115.268
5/26/2026 9:00:00 PM,5/26/2026 5:00:00 PM,MIDATL,78.030
5/26/2026 8:00:00 PM,5/26/2026 4:00:00 PM,MIDATL,83.777
5/26/2026 7:00:00 PM,5/26/2026 3:00:00 PM,MIDATL,81.965
5/26/2026 6:00:00 PM,5/26/2026 2:00:00 PM,MIDATL,90.818
5/26/2026 5:00:00 PM,5/26/2026 1:00:00 PM,MIDATL,73.490
5/26/2026 4:00:00 PM,5/26/2026 12:00:00 PM,MIDATL,57.351
5/26/2026 3:00:00 PM,5/26/2026 11:00:00 AM,MIDATL,48.154
5/26/2026 2:00:00 PM,5/26/2026 10:00:00 AM,MIDATL,43.659
5/26/2026 1:00:00 PM,5/26/2026 9:00:00 AM,MIDATL,39.662
5/26/2026 12:00:00 PM,5/26/2026 8:00:00 AM,MIDATL,24.300
5/26/2026 11:00:00 AM,5/26/2026 7:00:00 AM,MIDATL,15.286
5/26/2026 10:00:00 AM,5/26/2026 6:00:00 AM,MIDATL,25.647
5/26/2026 9:00:00 AM,5/26/2026 5:00:00 AM,MIDATL,25.417
5/26/2026 8:00:00 AM,5/26/2026 4:00:00 AM,MIDATL,27.230
5/26/2026 7:00:00 AM,5/26/2026 3:00:00 AM,MIDATL,23.983
5/26/2026 6:00:00 AM,5/26/2026 2:00:00 AM,MIDATL,26.067
5/26/2026 5:00:00 AM,5/26/2026 1:00:00 AM,MIDATL,22.935
5/26/2026 4:00:00 AM,5/26/2026 12:00:00 AM,MIDATL,21.163
5/26/2026 3:00:00 AM,5/25/2026 11:00:00 PM,MIDATL,16.195
5/26/2026 2:00:00 AM,5/25/2026 10:00:00 PM,MIDATL,9.763
5/26/2026 1:00:00 AM,5/25/2026 9:00:00 PM,MIDATL,13.469
5/26/2026 12:00:00 AM,5/25/2026 8:00:00 PM,MIDATL,13.936
5/25/2026 11:00:00 PM,5/25/2026 7:00:00 PM,MIDATL,18.020
5/25/2026 10:00:00 PM,5/25/2026 6:00:00 PM,MIDATL,38.008
5/25/2026 9:00:00 PM,5/25/2026 5:00:00 PM,MIDATL,51.241
5/25/2026 8:00:00 PM,5/25/2026 4:00:00 PM,MIDATL,62.451
5/25/2026 7:00:00 PM,5/25/2026 3:00:00 PM,MIDATL,61.165
5/25/2026 6:00:00 PM,5/25/2026 2:00:00 PM,MIDATL,63.068
5/25/2026 5:00:00 PM,5/25/2026 1:00:00 PM,MIDATL,47.250
5/25/2026 4:00:00 PM,5/25/2026 12:00:00 PM,MIDATL,52.211
5/25/2026 3:00:00 PM,5/25/2026 11:00:00 AM,MIDATL,49.084
5/25/2026 2:00:00 PM,5/25/2026 10:00:00 AM,MIDATL,40.480
5/25/2026 1:00:00 PM,5/25/2026 9:00:00 AM,MIDATL,67.025
5/25/2026 12:00:00 PM,5/25/2026 8:00:00 AM,MIDATL,113.033
5/25/2026 11:00:00 AM,5/25/2026 7:00:00 AM,MIDATL,163.133
5/25/2026 10:00:00 AM,5/25/2026 6:00:00 AM,MIDATL,202.331
5/25/2026 9:00:00 AM,5/25/2026 5:00:00 AM,MIDATL,227.246
5/25/2026 8:00:00 AM,5/25/2026 4:00:00 AM,MIDATL,279.218
5/25/2026 7:00:00 AM,5/25/2026 3:00:00 AM,MIDATL,296.377
5/25/2026 6:00:00 AM,5/25/2026 2:00:00 AM,MIDATL,311.604
5/25/2026 5:00:00 AM,5/25/2026 1:00:00 AM,MIDATL,359.046
5/25/2026 4:00:00 AM,5/25/2026 12:00:00 AM,MIDATL,391.818
5/25/2026 3:00:00 AM,5/24/2026 11:00:00 PM,MIDATL,332.067
5/25/2026 2:00:00 AM,5/24/2026 10:00:00 PM,MIDATL,321.042
5/25/2026 1:00:00 AM,5/24/2026 9:00:00 PM,MIDATL,286.305
5/25/2026 12:00:00 AM,5/24/2026 8:00:00 PM,MIDATL,303.499
5/24/2026 11:00:00 PM,5/24/2026 7:00:00 PM,MIDATL,270.199
5/24/2026 10:00:00 PM,5/24/2026 6:00:00 PM,MIDATL,229.948
5/24/2026 9:00:00 PM,5/24/2026 5:00:00 PM,MIDATL,259.073
5/24/2026 8:00:00 PM,5/24/2026 4:00:00 PM,MIDATL,224.626
5/24/2026 7:00:00 PM,5/24/2026 3:00:00 PM,MIDATL,226.503
5/24/2026 6:00:00 PM,5/24/2026 2:00:00 PM,MIDATL,232.341
5/24/2026 5:00:00 PM,5/24/2026 1:00:00 PM,MIDATL,248.498
5/24/2026 4:00:00 PM,5/24/2026 12:00:00 PM,MIDATL,323.627
5/24/2026 3:00:00 PM,5/24/2026 11:00:00 AM,MIDATL,412.376
5/24/2026 2:00:00 PM,5/24/2026 10:00:00 AM,MIDATL,477.626
5/24/2026 1:00:00 PM,5/24/2026 9:00:00 AM,MIDATL,549.895
5/24/2026 12:00:00 PM,5/24/2026 8:00:00 AM,MIDATL,571.790
5/24/2026 11:00:00 AM,5/24/2026 7:00:00 AM,MIDATL,630.669
5/24/2026 10:00:00 AM,5/24/2026 6:00:00 AM,MIDATL,699.620
5/24/2026 9:00:00 AM,5/24/2026 5:00:00 AM,MIDATL,708.919
5/24/2026 8:00:00 AM,5/24/2026 4:00:00 AM,MIDATL,794.191
5/24/2026 7:00:00 AM,5/24/2026 3:00:00 AM,MIDATL,789.644
5/24/2026 6:00:00 AM,5/24/2026 2:00:00 AM,MIDATL,835.865
5/24/2026 5:00:00 AM,5/24/2026 1:00:00 AM,MIDATL,865.548
5/24/2026 4:00:00 AM,5/24/2026 12:00:00 AM,MIDATL,900.098
5/24/2026 3:00:00 AM,5/23/2026 11:00:00 PM,MIDATL,924.730
5/24/2026 2:00:00 AM,5/23/2026 10:00:00 PM,MIDATL,943.116
5/24/2026 1:00:00 AM,5/23/2026 9:00:00 PM,MIDATL,945.919
5/24/2026 12:00:00 AM,5/23/2026 8:00:00 PM,MIDATL,994.728
5/23/2026 11:00:00 PM,5/23/2026 7:00:00 PM,MIDATL,1005.604
5/23/2026 10:00:00 PM,5/23/2026 6:00:00 PM,MIDATL,989.722
5/23/2026 9:00:00 PM,5/23/2026 5:00:00 PM,MIDATL,977.391
5/23/2026 8:00:00 PM,5/23/2026 4:00:00 PM,MIDATL,969.038
5/23/2026 7:00:00 PM,5/23/2026 3:00:00 PM,MIDATL,952.011
5/23/2026 6:00:00 PM,5/23/2026 2:00:00 PM,MIDATL,917.750
5/23/2026 5:00:00 PM,5/23/2026 1:00:00 PM,MIDATL,932.759
5/23/2026 4:00:00 PM,5/23/2026 12:00:00 PM,MIDATL,967.974
5/23/2026 3:00:00 PM,5/23/2026 11:00:00 AM,MIDATL,926.550
5/23/2026 2:00:00 PM,5/23/2026 10:00:00 AM,MIDATL,876.460
5/23/2026 1:00:00 PM,5/23/2026 9:00:00 AM,MIDATL,908.975
5/23/2026 12:00:00 PM,5/23/2026 8:00:00 AM,MIDATL,939.004
5/23/2026 11:00:00 AM,5/23/2026 7:00:00 AM,MIDATL,939.489
5/23/2026 10:00:00 AM,5/23/2026 6:00:00 AM,MIDATL,883.703
5/23/2026 9:00:00 AM,5/23/2026 5:00:00 AM,MIDATL,814.361
5/23/2026 8:00:00 AM,5/23/2026 4:00:00 AM,MIDATL,735.457
5/23/2026 7:00:00 AM,5/23/2026 3:00:00 AM,MIDATL,696.836
5/23/2026 6:00:00 AM,5/23/2026 2:00:00 AM,MIDATL,643.372
5/23/2026 5:00:00 AM,5/23/2026 1:00:00 AM,MIDATL,611.016
5/23/2026 4:00:00 AM,5/23/2026 12:00:00 AM,MIDATL,600.705
5/23/2026 3:00:00 AM,5/22/2026 11:00:00 PM,MIDATL,567.909
5/23/2026 2:00:00 AM,5/22/2026 10:00:00 PM,MIDATL,552.775
5/23/2026 1:00:00 AM,5/22/2026 9:00:00 PM,MIDATL,544.773
5/23/2026 12:00:00 AM,5/22/2026 8:00:00 PM,MIDATL,526.651
5/22/2026 11:00:00 PM,5/22/2026 7:00:00 PM,MIDATL,490.279
5/22/2026 10:00:00 PM,5/22/2026 6:00:00 PM,MIDATL,435.406
5/22/2026 9:00:00 PM,5/22/2026 5:00:00 PM,MIDATL,417.113
5/22/2026 8:00:00 PM,5/22/2026 4:00:00 PM,MIDATL,346.535
5/22/2026 7:00:00 PM,5/22/2026 3:00:00 PM,MIDATL,359.643
5/22/2026 6:00:00 PM,5/22/2026 2:00:00 PM,MIDATL,353.356
5/22/2026 5:00:00 PM,5/22/2026 1:00:00 PM,MIDATL,358.868
5/22/2026 4:00:00 PM,5/22/2026 12:00:00 PM,MIDATL,387.141
5/22/2026 3:00:00 PM,5/22/2026 11:00:00 AM,MIDATL,441.545
5/22/2026 2:00:00 PM,5/22/2026 10:00:00 AM,MIDATL,443.725
5/22/2026 1:00:00 PM,5/22/2026 9:00:00 AM,MIDATL,419.919
5/22/2026 12:00:00 PM,5/22/2026 8:00:00 AM,MIDATL,399.017
5/22/2026 11:00:00 AM,5/22/2026 7:00:00 AM,MIDATL,424.126
5/22/2026 10:00:00 AM,5/22/2026 6:00:00 AM,MIDATL,439.753
5/22/2026 9:00:00 AM,5/22/2026 5:00:00 AM,MIDATL,429.542
5/22/2026 8:00:00 AM,5/22/2026 4:00:00 AM,MIDATL,390.374
5/22/2026 7:00:00 AM,5/22/2026 3:00:00 AM,MIDATL,405.042
5/22/2026 6:00:00 AM,5/22/2026 2:00:00 AM,MIDATL,393.703
5/22/2026 5:00:00 AM,5/22/2026 1:00:00 AM,MIDATL,363.286
5/22/2026 4:00:00 AM,5/22/2026 12:00:00 AM,MIDATL,338.858
5/22/2026 3:00:00 AM,5/21/2026 11:00:00 PM,MIDATL,267.280
5/22/2026 2:00:00 AM,5/21/2026 10:00:00 PM,MIDATL,218.221
5/22/2026 1:00:00 AM,5/21/2026 9:00:00 PM,MIDATL,220.013
5/22/2026 12:00:00 AM,5/21/2026 8:00:00 PM,MIDATL,135.524
5/21/2026 11:00:00 PM,5/21/2026 7:00:00 PM,MIDATL,105.069
5/21/2026 10:00:00 PM,5/21/2026 6:00:00 PM,MIDATL,95.146
5/21/2026 9:00:00 PM,5/21/2026 5:00:00 PM,MIDATL,104.265
5/21/2026 8:00:00 PM,5/21/2026 4:00:00 PM,MIDATL,117.991
5/21/2026 7:00:00 PM,5/21/2026 3:00:00 PM,MIDATL,108.455
5/21/2026 6:00:00 PM,5/21/2026 2:00:00 PM,MIDATL,85.328
5/21/2026 5:00:00 PM,5/21/2026 1:00:00 PM,MIDATL,100.323
5/21/2026 4:00:00 PM,5/21/2026 12:00:00 PM,MIDATL,63.459
5/21/2026 3:00:00 PM,5/21/2026 11:00:00 AM,MIDATL,70.325
5/21/2026 2:00:00 PM,5/21/2026 10:00:00 AM,MIDATL,78.239
5/21/2026 1:00:00 PM,5/21/2026 9:00:00 AM,MIDATL,93.249
5/21/2026 12:00:00 PM,5/21/2026 8:00:00 AM,MIDATL,109.531
5/21/2026 11:00:00 AM,5/21/2026 7:00:00 AM,MIDATL,166.353
5/21/2026 10:00:00 AM,5/21/2026 6:00:00 AM,MIDATL,174.870
5/21/2026 9:00:00 AM,5/21/2026 5:00:00 AM,MIDATL,132.774
5/21/2026 8:00:00 AM,5/21/2026 4:00:00 AM,MIDATL,114.421
5/21/2026 7:00:00 AM,5/21/2026 3:00:00 AM,MIDATL,110.692
5/21/2026 6:00:00 AM,5/21/2026 2:00:00 AM,MIDATL,121.688
5/21/2026 5:00:00 AM,5/21/2026 1:00:00 AM,MIDATL,129.280
5/21/2026 4:00:00 AM,5/21/2026 12:00:00 AM,MIDATL,163.593
5/21/2026 3:00:00 AM,5/20/2026 11:00:00 PM,MIDATL,186.536
5/21/2026 2:00:00 AM,5/20/2026 10:00:00 PM,MIDATL,201.801
5/21/2026 1:00:00 AM,5/20/2026 9:00:00 PM,MIDATL,212.471
5/21/2026 12:00:00 AM,5/20/2026 8:00:00 PM,MIDATL,153.751
5/20/2026 11:00:00 PM,5/20/2026 7:00:00 PM,MIDATL,180.950
5/20/2026 10:00:00 PM,5/20/2026 6:00:00 PM,MIDATL,226.161
5/20/2026 9:00:00 PM,5/20/2026 5:00:00 PM,MIDATL,261.464
5/20/2026 8:00:00 PM,5/20/2026 4:00:00 PM,MIDATL,278.610
5/20/2026 7:00:00 PM,5/20/2026 3:00:00 PM,MIDATL,248.909
5/20/2026 6:00:00 PM,5/20/2026 2:00:00 PM,MIDATL,252.729
5/20/2026 5:00:00 PM,5/20/2026 1:00:00 PM,MIDATL,212.591
5/20/2026 4:00:00 PM,5/20/2026 12:00:00 PM,MIDATL,165.183
5/20/2026 3:00:00 PM,5/20/2026 11:00:00 AM,MIDATL,165.033
5/20/2026 2:00:00 PM,5/20/2026 10:00:00 AM,MIDATL,208.528
5/20/2026 1:00:00 PM,5/20/2026 9:00:00 AM,MIDATL,263.409
5/20/2026 12:00:00 PM,5/20/2026 8:00:00 AM,MIDATL,312.748
5/20/2026 11:00:00 AM,5/20/2026 7:00:00 AM,MIDATL,399.525
5/20/2026 10:00:00 AM,5/20/2026 6:00:00 AM,MIDATL,467.782
5/20/2026 9:00:00 AM,5/20/2026 5:00:00 AM,MIDATL,500.953
5/20/2026 8:00:00 AM,5/20/2026 4:00:00 AM,MIDATL,419.032
5/20/2026 7:00:00 AM,5/20/2026 3:00:00 AM,MIDATL,423.584
5/20/2026 6:00:00 AM,5/20/2026 2:00:00 AM,MIDATL,520.378
5/20/2026 5:00:00 AM,5/20/2026 1:00:00 AM,MIDATL,697.374
5/20/2026 4:00:00 AM,5/20/2026 12:00:00 AM,MIDATL,633.473
5/20/2026 3:00:00 AM,5/19/2026 11:00:00 PM,MIDATL,626.291
5/20/2026 2:00:00 AM,5/19/2026 10:00:00 PM,MIDATL,608.481
5/20/2026 1:00:00 AM,5/19/2026 9:00:00 PM,MIDATL,561.946
5/20/2026 12:00:00 AM,5/19/2026 8:00:00 PM,MIDATL,372.079
5/19/2026 11:00:00 PM,5/19/2026 7:00:00 PM,MIDATL,312.210
5/19/2026 10:00:00 PM,5/19/2026 6:00:00 PM,MIDATL,300.392
5/19/2026 9:00:00 PM,5/19/2026 5:00:00 PM,MIDATL,248.105
5/19/2026 8:00:00 PM,5/19/2026 4:00:00 PM,MIDATL,243.801
5/19/2026 7:00:00 PM,5/19/2026 3:00:00 PM,MIDATL,361.070
5/19/2026 6:00:00 PM,5/19/2026 2:00:00 PM,MIDATL,374.496
5/19/2026 5:00:00 PM,5/19/2026 1:00:00 PM,MIDATL,439.326
5/19/2026 4:00:00 PM,5/19/2026 12:00:00 PM,MIDATL,496.924
5/19/2026 3:00:00 PM,5/19/2026 11:00:00 AM,MIDATL,566.082
5/19/2026 2:00:00 PM,5/19/2026 10:00:00 AM,MIDATL,618.106
5/19/2026 1:00:00 PM,5/19/2026 9:00:00 AM,MIDATL,495.506
5/19/2026 12:00:00 PM,5/19/2026 8:00:00 AM,MIDATL,437.775
5/19/2026 11:00:00 AM,5/19/2026 7:00:00 AM,MIDATL,488.740
5/19/2026 10:00:00 AM,5/19/2026 6:00:00 AM,MIDATL,547.252
5/19/2026 9:00:00 AM,5/19/2026 5:00:00 AM,MIDATL,505.015
5/19/2026 8:00:00 AM,5/19/2026 4:00:00 AM,MIDATL,429.322
5/19/2026 7:00:00 AM,5/19/2026 3:00:00 AM,MIDATL,347.667
5/19/2026 6:00:00 AM,5/19/2026 2:00:00 AM,MIDATL,359.640
5/19/2026 5:00:00 AM,5/19/2026 1:00:00 AM,MIDATL,402.458
5/19/2026 4:00:00 AM,5/19/2026 12:00:00 AM,MIDATL,390.396
5/19/2026 3:00:00 AM,5/18/2026 11:00:00 PM,MIDATL,370.808
5/19/2026 2:00:00 AM,5/18/2026 10:00:00 PM,MIDATL,367.010
5/19/2026 1:00:00 AM,5/18/2026 9:00:00 PM,MIDATL,310.816
5/19/2026 12:00:00 AM,5/18/2026 8:00:00 PM,MIDATL,242.373
5/18/2026 11:00:00 PM,5/18/2026 7:00:00 PM,MIDATL,283.018
5/18/2026 10:00:00 PM,5/18/2026 6:00:00 PM,MIDATL,333.469
5/18/2026 9:00:00 PM,5/18/2026 5:00:00 PM,MIDATL,352.845
5/18/2026 8:00:00 PM,5/18/2026 4:00:00 PM,MIDATL,300.675
5/18/2026 7:00:00 PM,5/18/2026 3:00:00 PM,MIDATL,257.878
5/18/2026 6:00:00 PM,5/18/2026 2:00:00 PM,MIDATL,203.886
5/18/2026 5:00:00 PM,5/18/2026 1:00:00 PM,MIDATL,171.357
5/18/2026 4:00:00 PM,5/18/2026 12:00:00 PM,MIDATL,159.671
5/18/2026 3:00:00 PM,5/18/2026 11:00:00 AM,MIDATL,174.667
5/18/2026 2:00:00 PM,5/18/2026 10:00:00 AM,MIDATL,148.334
5/18/2026 1:00:00 PM,5/18/2026 9:00:00 AM,MIDATL,91.699
5/18/2026 12:00:00 PM,5/18/2026 8:00:00 AM,MIDATL,140.187
5/18/2026 11:00:00 AM,5/18/2026 7:00:00 AM,MIDATL,254.163
5/18/2026 10:00:00 AM,5/18/2026 6:00:00 AM,MIDATL,352.655
5/18/2026 9:00:00 AM,5/18/2026 5:00:00 AM,MIDATL,383.339
5/18/2026 8:00:00 AM,5/18/2026 4:00:00 AM,MIDATL,396.684
5/18/2026 7:00:00 AM,5/18/2026 3:00:00 AM,MIDATL,408.624
5/18/2026 6:00:00 AM,5/18/2026 2:00:00 AM,MIDATL,453.886
5/18/2026 5:00:00 AM,5/18/2026 1:00:00 AM,MIDATL,423.698
5/18/2026 4:00:00 AM,5/18/2026 12:00:00 AM,MIDATL,364.050
5/18/2026 3:00:00 AM,5/17/2026 11:00:00 PM,MIDATL,293.817
5/18/2026 2:00:00 AM,5/17/2026 10:00:00 PM,MIDATL,205.223
5/18/2026 1:00:00 AM,5/17/2026 9:00:00 PM,MIDATL,122.954
5/18/2026 12:00:00 AM,5/17/2026 8:00:00 PM,MIDATL,61.932
5/17/2026 11:00:00 PM,5/17/2026 7:00:00 PM,MIDATL,46.323
5/17/2026 10:00:00 PM,5/17/2026 6:00:00 PM,MIDATL,73.322
5/17/2026 9:00:00 PM,5/17/2026 5:00:00 PM,MIDATL,103.941
5/17/2026 8:00:00 PM,5/17/2026 4:00:00 PM,MIDATL,131.876
5/17/2026 7:00:00 PM,5/17/2026 3:00:00 PM,MIDATL,128.648
5/17/2026 6:00:00 PM,5/17/2026 2:00:00 PM,MIDATL,113.461
5/17/2026 5:00:00 PM,5/17/2026 1:00:00 PM,MIDATL,120.415
5/17/2026 4:00:00 PM,5/17/2026 12:00:00 PM,MIDATL,151.937
5/17/2026 3:00:00 PM,5/17/2026 11:00:00 AM,MIDATL,156.858
5/17/2026 2:00:00 PM,5/17/2026 10:00:00 AM,MIDATL,128.232
5/17/2026 1:00:00 PM,5/17/2026 9:00:00 AM,MIDATL,128.540
5/17/2026 12:00:00 PM,5/17/2026 8:00:00 AM,MIDATL,169.288
5/17/2026 11:00:00 AM,5/17/2026 7:00:00 AM,MIDATL,274.428
5/17/2026 10:00:00 AM,5/17/2026 6:00:00 AM,MIDATL,312.765
5/17/2026 9:00:00 AM,5/17/2026 5:00:00 AM,MIDATL,315.101
5/17/2026 8:00:00 AM,5/17/2026 4:00:00 AM,MIDATL,377.054
5/17/2026 7:00:00 AM,5/17/2026 3:00:00 AM,MIDATL,445.244
5/17/2026 6:00:00 AM,5/17/2026 2:00:00 AM,MIDATL,535.386
5/17/2026 5:00:00 AM,5/17/2026 1:00:00 AM,MIDATL,533.392
5/17/2026 4:00:00 AM,5/17/2026 12:00:00 AM,MIDATL,504.276
5/17/2026 3:00:00 AM,5/16/2026 11:00:00 PM,MIDATL,481.762
5/17/2026 2:00:00 AM,5/16/2026 10:00:00 PM,MIDATL,457.961
5/17/2026 1:00:00 AM,5/16/2026 9:00:00 PM,MIDATL,447.892
5/17/2026 12:00:00 AM,5/16/2026 8:00:00 PM,MIDATL,444.883
5/16/2026 11:00:00 PM,5/16/2026 7:00:00 PM,MIDATL,484.035
5/16/2026 10:00:00 PM,5/16/2026 6:00:00 PM,MIDATL,500.829
5/16/2026 9:00:00 PM,5/16/2026 5:00:00 PM,MIDATL,543.232
5/16/2026 8:00:00 PM,5/16/2026 4:00:00 PM,MIDATL,525.173
5/16/2026 7:00:00 PM,5/16/2026 3:00:00 PM,MIDATL,536.072
5/16/2026 6:00:00 PM,5/16/2026 2:00:00 PM,MIDATL,334.176
5/16/2026 5:00:00 PM,5/16/2026 1:00:00 PM,MIDATL,164.967
5/16/2026 4:00:00 PM,5/16/2026 12:00:00 PM,MIDATL,180.966
5/16/2026 3:00:00 PM,5/16/2026 11:00:00 AM,MIDATL,170.945
5/16/2026 2:00:00 PM,5/16/2026 10:00:00 AM,MIDATL,144.574
5/16/2026 1:00:00 PM,5/16/2026 9:00:00 AM,MIDATL,92.219
5/16/2026 12:00:00 PM,5/16/2026 8:00:00 AM,MIDATL,95.470
5/16/2026 11:00:00 AM,5/16/2026 7:00:00 AM,MIDATL,142.323
5/16/2026 10:00:00 AM,5/16/2026 6:00:00 AM,MIDATL,150.627
5/16/2026 9:00:00 AM,5/16/2026 5:00:00 AM,MIDATL,142.189
5/16/2026 8:00:00 AM,5/16/2026 4:00:00 AM,MIDATL,128.572
5/16/2026 7:00:00 AM,5/16/2026 3:00:00 AM,MIDATL,87.906
5/16/2026 6:00:00 AM,5/16/2026 2:00:00 AM,MIDATL,59.106
5/16/2026 5:00:00 AM,5/16/2026 1:00:00 AM,MIDATL,53.862
5/16/2026 4:00:00 AM,5/16/2026 12:00:00 AM,MIDATL,60.365
5/16/2026 3:00:00 AM,5/15/2026 11:00:00 PM,MIDATL,68.237
5/16/2026 2:00:00 AM,5/15/2026 10:00:00 PM,MIDATL,41.762
5/16/2026 1:00:00 AM,5/15/2026 9:00:00 PM,MIDATL,32.690
5/16/2026 12:00:00 AM,5/15/2026 8:00:00 PM,MIDATL,49.470
5/15/2026 11:00:00 PM,5/15/2026 7:00:00 PM,MIDATL,69.654
5/15/2026 10:00:00 PM,5/15/2026 6:00:00 PM,MIDATL,93.461
5/15/2026 9:00:00 PM,5/15/2026 5:00:00 PM,MIDATL,147.327
5/15/2026 8:00:00 PM,5/15/2026 4:00:00 PM,MIDATL,173.883
5/15/2026 7:00:00 PM,5/15/2026 3:00:00 PM,MIDATL,209.950
5/15/2026 6:00:00 PM,5/15/2026 2:00:00 PM,MIDATL,243.558
5/15/2026 5:00:00 PM,5/15/2026 1:00:00 PM,MIDATL,258.097
5/15/2026 4:00:00 PM,5/15/2026 12:00:00 PM,MIDATL,240.434
5/15/2026 3:00:00 PM,5/15/2026 11:00:00 AM,MIDATL,264.386
5/15/2026 2:00:00 PM,5/15/2026 10:00:00 AM,MIDATL,298.254
5/15/2026 1:00:00 PM,5/15/2026 9:00:00 AM,MIDATL,310.681
5/15/2026 12:00:00 PM,5/15/2026 8:00:00 AM,MIDATL,349.239
5/15/2026 11:00:00 AM,5/15/2026 7:00:00 AM,MIDATL,408.449
5/15/2026 10:00:00 AM,5/15/2026 6:00:00 AM,MIDATL,430.469
5/15/2026 9:00:00 AM,5/15/2026 5:00:00 AM,MIDATL,417.365
5/15/2026 8:00:00 AM,5/15/2026 4:00:00 AM,MIDATL,358.943
5/15/2026 7:00:00 AM,5/15/2026 3:00:00 AM,MIDATL,335.107
5/15/2026 6:00:00 AM,5/15/2026 2:00:00 AM,MIDATL,365.996
5/15/2026 5:00:00 AM,5/15/2026 1:00:00 AM,MIDATL,373.341
5/15/2026 4:00:00 AM,5/15/2026 12:00:00 AM,MIDATL,372.211
5/15/2026 3:00:00 AM,5/14/2026 11:00:00 PM,MIDATL,396.523
5/15/2026 2:00:00 AM,5/14/2026 10:00:00 PM,MIDATL,397.640
5/15/2026 1:00:00 AM,5/14/2026 9:00:00 PM,MIDATL,363.886
5/15/2026 12:00:00 AM,5/14/2026 8:00:00 PM,MIDATL,349.246
5/14/2026 11:00:00 PM,5/14/2026 7:00:00 PM,MIDATL,358.837
5/14/2026 10:00:00 PM,5/14/2026 6:00:00 PM,MIDATL,433.197
5/14/2026 9:00:00 PM,5/14/2026 5:00:00 PM,MIDATL,412.454
5/14/2026 8:00:00 PM,5/14/2026 4:00:00 PM,MIDATL,391.994
5/14/2026 7:00:00 PM,5/14/2026 3:00:00 PM,MIDATL,325.410
5/14/2026 6:00:00 PM,5/14/2026 2:00:00 PM,MIDATL,286.982
5/14/2026 5:00:00 PM,5/14/2026 1:00:00 PM,MIDATL,260.946
5/14/2026 4:00:00 PM,5/14/2026 12:00:00 PM,MIDATL,254.749
5/14/2026 3:00:00 PM,5/14/2026 11:00:00 AM,MIDATL,218.722
5/14/2026 2:00:00 PM,5/14/2026 10:00:00 AM,MIDATL,247.094
5/14/2026 1:00:00 PM,5/14/2026 9:00:00 AM,MIDATL,214.711
5/14/2026 12:00:00 PM,5/14/2026 8:00:00 AM,MIDATL,248.606
5/14/2026 11:00:00 AM,5/14/2026 7:00:00 AM,MIDATL,305.588
5/14/2026 10:00:00 AM,5/14/2026 6:00:00 AM,MIDATL,264.660
5/14/2026 9:00:00 AM,5/14/2026 5:00:00 AM,MIDATL,239.262
5/14/2026 8:00:00 AM,5/14/2026 4:00:00 AM,MIDATL,200.779
5/14/2026 7:00:00 AM,5/14/2026 3:00:00 AM,MIDATL,202.811
5/14/2026 6:00:00 AM,5/14/2026 2:00:00 AM,MIDATL,137.853
5/14/2026 5:00:00 AM,5/14/2026 1:00:00 AM,MIDATL,137.594
5/14/2026 4:00:00 AM,5/14/2026 12:00:00 AM,MIDATL,140.369
5/14/2026 3:00:00 AM,5/13/2026 11:00:00 PM,MIDATL,175.501
5/14/2026 2:00:00 AM,5/13/2026 10:00:00 PM,MIDATL,175.771
5/14/2026 1:00:00 AM,5/13/2026 9:00:00 PM,MIDATL,260.415
5/14/2026 12:00:00 AM,5/13/2026 8:00:00 PM,MIDATL,455.373
5/13/2026 11:00:00 PM,5/13/2026 7:00:00 PM,MIDATL,394.981
5/13/2026 10:00:00 PM,5/13/2026 6:00:00 PM,MIDATL,402.048
5/13/2026 9:00:00 PM,5/13/2026 5:00:00 PM,MIDATL,504.727
5/13/2026 8:00:00 PM,5/13/2026 4:00:00 PM,MIDATL,429.718
5/13/2026 7:00:00 PM,5/13/2026 3:00:00 PM,MIDATL,504.524
5/13/2026 6:00:00 PM,5/13/2026 2:00:00 PM,MIDATL,547.427
5/13/2026 5:00:00 PM,5/13/2026 1:00:00 PM,MIDATL,546.182
5/13/2026 4:00:00 PM,5/13/2026 12:00:00 PM,MIDATL,495.430
5/13/2026 3:00:00 PM,5/13/2026 11:00:00 AM,MIDATL,434.718
5/13/2026 2:00:00 PM,5/13/2026 10:00:00 AM,MIDATL,337.811
5/13/2026 1:00:00 PM,5/13/2026 9:00:00 AM,MIDATL,359.258
5/13/2026 12:00:00 PM,5/13/2026 8:00:00 AM,MIDATL,425.386
5/13/2026 11:00:00 AM,5/13/2026 7:00:00 AM,MIDATL,445.819
5/13/2026 10:00:00 AM,5/13/2026 6:00:00 AM,MIDATL,482.733
5/13/2026 9:00:00 AM,5/13/2026 5:00:00 AM,MIDATL,485.084
5/13/2026 8:00:00 AM,5/13/2026 4:00:00 AM,MIDATL,478.227
5/13/2026 7:00:00 AM,5/13/2026 3:00:00 AM,MIDATL,462.398
5/13/2026 6:00:00 AM,5/13/2026 2:00:00 AM,MIDATL,356.319
5/13/2026 5:00:00 AM,5/13/2026 1:00:00 AM,MIDATL,249.612
5/13/2026 4:00:00 AM,5/13/2026 12:00:00 AM,MIDATL,193.083
5/13/2026 3:00:00 AM,5/12/2026 11:00:00 PM,MIDATL,217.510
5/13/2026 2:00:00 AM,5/12/2026 10:00:00 PM,MIDATL,190.891
5/13/2026 1:00:00 AM,5/12/2026 9:00:00 PM,MIDATL,167.377
5/13/2026 12:00:00 AM,5/12/2026 8:00:00 PM,MIDATL,109.143
5/12/2026 11:00:00 PM,5/12/2026 7:00:00 PM,MIDATL,65.030
5/12/2026 10:00:00 PM,5/12/2026 6:00:00 PM,MIDATL,76.663
5/12/2026 9:00:00 PM,5/12/2026 5:00:00 PM,MIDATL,122.420
5/12/2026 8:00:00 PM,5/12/2026 4:00:00 PM,MIDATL,124.541
5/12/2026 7:00:00 PM,5/12/2026 3:00:00 PM,MIDATL,144.625
5/12/2026 6:00:00 PM,5/12/2026 2:00:00 PM,MIDATL,90.432
5/12/2026 5:00:00 PM,5/12/2026 1:00:00 PM,MIDATL,60.465
5/12/2026 4:00:00 PM,5/12/2026 12:00:00 PM,MIDATL,33.071
5/12/2026 3:00:00 PM,5/12/2026 11:00:00 AM,MIDATL,7.739
5/12/2026 2:00:00 PM,5/12/2026 10:00:00 AM,MIDATL,8.794
5/12/2026 1:00:00 PM,5/12/2026 9:00:00 AM,MIDATL,17.984
5/12/2026 12:00:00 PM,5/12/2026 8:00:00 AM,MIDATL,18.376
5/12/2026 11:00:00 AM,5/12/2026 7:00:00 AM,MIDATL,22.132
5/12/2026 10:00:00 AM,5/12/2026 6:00:00 AM,MIDATL,41.812
5/12/2026 9:00:00 AM,5/12/2026 5:00:00 AM,MIDATL,64.348
5/12/2026 8:00:00 AM,5/12/2026 4:00:00 AM,MIDATL,86.905
5/12/2026 7:00:00 AM,5/12/2026 3:00:00 AM,MIDATL,120.369
5/12/2026 6:00:00 AM,5/12/2026 2:00:00 AM,MIDATL,123.761
5/12/2026 5:00:00 AM,5/12/2026 1:00:00 AM,MIDATL,143.815
5/12/2026 4:00:00 AM,5/12/2026 12:00:00 AM,MIDATL,142.971
5/12/2026 3:00:00 AM,5/11/2026 11:00:00 PM,MIDATL,200.838
5/12/2026 2:00:00 AM,5/11/2026 10:00:00 PM,MIDATL,266.728
5/12/2026 1:00:00 AM,5/11/2026 9:00:00 PM,MIDATL,286.218
5/12/2026 12:00:00 AM,5/11/2026 8:00:00 PM,MIDATL,293.064
5/11/2026 11:00:00 PM,5/11/2026 7:00:00 PM,MIDATL,341.457
5/11/2026 10:00:00 PM,5/11/2026 6:00:00 PM,MIDATL,370.167
5/11/2026 9:00:00 PM,5/11/2026 5:00:00 PM,MIDATL,366.542
5/11/2026 8:00:00 PM,5/11/2026 4:00:00 PM,MIDATL,326.585
5/11/2026 7:00:00 PM,5/11/2026 3:00:00 PM,MIDATL,264.217
5/11/2026 6:00:00 PM,5/11/2026 2:00:00 PM,MIDATL,179.393
5/11/2026 5:00:00 PM,5/11/2026 1:00:00 PM,MIDATL,138.355
5/11/2026 4:00:00 PM,5/11/2026 12:00:00 PM,MIDATL,82.529
5/11/2026 3:00:00 PM,5/11/2026 11:00:00 AM,MIDATL,47.278
5/11/2026 2:00:00 PM,5/11/2026 10:00:00 AM,MIDATL,15.457
5/11/2026 1:00:00 PM,5/11/2026 9:00:00 AM,MIDATL,4.222
5/11/2026 12:00:00 PM,5/11/2026 8:00:00 AM,MIDATL,7.200
5/11/2026 11:00:00 AM,5/11/2026 7:00:00 AM,MIDATL,21.588
5/11/2026 10:00:00 AM,5/11/2026 6:00:00 AM,MIDATL,26.418
5/11/2026 9:00:00 AM,5/11/2026 5:00:00 AM,MIDATL,47.193
5/11/2026 8:00:00 AM,5/11/2026 4:00:00 AM,MIDATL,97.775
5/11/2026 7:00:00 AM,5/11/2026 3:00:00 AM,MIDATL,138.813
5/11/2026 6:00:00 AM,5/11/2026 2:00:00 AM,MIDATL,187.219
5/11/2026 5:00:00 AM,5/11/2026 1:00:00 AM,MIDATL,213.770
5/11/2026 4:00:00 AM,5/11/2026 12:00:00 AM,MIDATL,247.198
5/11/2026 3:00:00 AM,5/10/2026 11:00:00 PM,MIDATL,291.446
5/11/2026 2:00:00 AM,5/10/2026 10:00:00 PM,MIDATL,365.141
5/11/2026 1:00:00 AM,5/10/2026 9:00:00 PM,MIDATL,380.345
5/11/2026 12:00:00 AM,5/10/2026 8:00:00 PM,MIDATL,349.508
5/10/2026 11:00:00 PM,5/10/2026 7:00:00 PM,MIDATL,239.417
5/10/2026 10:00:00 PM,5/10/2026 6:00:00 PM,MIDATL,198.428
5/10/2026 9:00:00 PM,5/10/2026 5:00:00 PM,MIDATL,143.925
5/10/2026 8:00:00 PM,5/10/2026 4:00:00 PM,MIDATL,117.580
5/10/2026 7:00:00 PM,5/10/2026 3:00:00 PM,MIDATL,111.505
5/10/2026 6:00:00 PM,5/10/2026 2:00:00 PM,MIDATL,95.189
5/10/2026 5:00:00 PM,5/10/2026 1:00:00 PM,MIDATL,90.223
5/10/2026 4:00:00 PM,5/10/2026 12:00:00 PM,MIDATL,110.056
5/10/2026 3:00:00 PM,5/10/2026 11:00:00 AM,MIDATL,117.627
5/10/2026 2:00:00 PM,5/10/2026 10:00:00 AM,MIDATL,125.028
5/10/2026 1:00:00 PM,5/10/2026 9:00:00 AM,MIDATL,122.855
5/10/2026 12:00:00 PM,5/10/2026 8:00:00 AM,MIDATL,138.711
5/10/2026 11:00:00 AM,5/10/2026 7:00:00 AM,MIDATL,219.967
5/10/2026 10:00:00 AM,5/10/2026 6:00:00 AM,MIDATL,336.918
5/10/2026 9:00:00 AM,5/10/2026 5:00:00 AM,MIDATL,450.617
5/10/2026 8:00:00 AM,5/10/2026 4:00:00 AM,MIDATL,374.793
5/10/2026 7:00:00 AM,5/10/2026 3:00:00 AM,MIDATL,378.900
5/10/2026 6:00:00 AM,5/10/2026 2:00:00 AM,MIDATL,389.656
5/10/2026 5:00:00 AM,5/10/2026 1:00:00 AM,MIDATL,265.441
5/10/2026 4:00:00 AM,5/10/2026 12:00:00 AM,MIDATL,443.202
5/10/2026 3:00:00 AM,5/9/2026 11:00:00 PM,MIDATL,580.048
5/10/2026 2:00:00 AM,5/9/2026 10:00:00 PM,MIDATL,524.266
5/10/2026 1:00:00 AM,5/9/2026 9:00:00 PM,MIDATL,445.892
5/10/2026 12:00:00 AM,5/9/2026 8:00:00 PM,MIDATL,317.712
5/9/2026 11:00:00 PM,5/9/2026 7:00:00 PM,MIDATL,238.488
5/9/2026 10:00:00 PM,5/9/2026 6:00:00 PM,MIDATL,286.683
5/9/2026 9:00:00 PM,5/9/2026 5:00:00 PM,MIDATL,347.221
5/9/2026 8:00:00 PM,5/9/2026 4:00:00 PM,MIDATL,398.324
5/9/2026 7:00:00 PM,5/9/2026 3:00:00 PM,MIDATL,322.553
5/9/2026 6:00:00 PM,5/9/2026 2:00:00 PM,MIDATL,305.748
5/9/2026 5:00:00 PM,5/9/2026 1:00:00 PM,MIDATL,304.034
5/9/2026 4:00:00 PM,5/9/2026 12:00:00 PM,MIDATL,300.127
5/9/2026 3:00:00 PM,5/9/2026 11:00:00 AM,MIDATL,285.271
5/9/2026 2:00:00 PM,5/9/2026 10:00:00 AM,MIDATL,312.994
5/9/2026 1:00:00 PM,5/9/2026 9:00:00 AM,MIDATL,353.168
5/9/2026 12:00:00 PM,5/9/2026 8:00:00 AM,MIDATL,363.467
5/9/2026 11:00:00 AM,5/9/2026 7:00:00 AM,MIDATL,328.014
5/9/2026 10:00:00 AM,5/9/2026 6:00:00 AM,MIDATL,318.081
5/9/2026 9:00:00 AM,5/9/2026 5:00:00 AM,MIDATL,281.282
5/9/2026 8:00:00 AM,5/9/2026 4:00:00 AM,MIDATL,180.801
5/9/2026 7:00:00 AM,5/9/2026 3:00:00 AM,MIDATL,119.016
5/9/2026 6:00:00 AM,5/9/2026 2:00:00 AM,MIDATL,81.089
5/9/2026 5:00:00 AM,5/9/2026 1:00:00 AM,MIDATL,117.422
5/9/2026 4:00:00 AM,5/9/2026 12:00:00 AM,MIDATL,172.463
5/9/2026 3:00:00 AM,5/8/2026 11:00:00 PM,MIDATL,212.980
5/9/2026 2:00:00 AM,5/8/2026 10:00:00 PM,MIDATL,213.955
5/9/2026 1:00:00 AM,5/8/2026 9:00:00 PM,MIDATL,170.152
5/9/2026 12:00:00 AM,5/8/2026 8:00:00 PM,MIDATL,155.271
5/8/2026 11:00:00 PM,5/8/2026 7:00:00 PM,MIDATL,167.073
5/8/2026 10:00:00 PM,5/8/2026 6:00:00 PM,MIDATL,123.702
5/8/2026 9:00:00 PM,5/8/2026 5:00:00 PM,MIDATL,189.539
5/8/2026 8:00:00 PM,5/8/2026 4:00:00 PM,MIDATL,277.888
5/8/2026 7:00:00 PM,5/8/2026 3:00:00 PM,MIDATL,325.537
5/8/2026 6:00:00 PM,5/8/2026 2:00:00 PM,MIDATL,366.421
5/8/2026 5:00:00 PM,5/8/2026 1:00:00 PM,MIDATL,364.229
5/8/2026 4:00:00 PM,5/8/2026 12:00:00 PM,MIDATL,424.940
5/8/2026 3:00:00 PM,5/8/2026 11:00:00 AM,MIDATL,415.099
5/8/2026 2:00:00 PM,5/8/2026 10:00:00 AM,MIDATL,395.405
5/8/2026 1:00:00 PM,5/8/2026 9:00:00 AM,MIDATL,369.460
5/8/2026 12:00:00 PM,5/8/2026 8:00:00 AM,MIDATL,230.213
5/8/2026 11:00:00 AM,5/8/2026 7:00:00 AM,MIDATL,223.619
5/8/2026 10:00:00 AM,5/8/2026 6:00:00 AM,MIDATL,287.064
5/8/2026 9:00:00 AM,5/8/2026 5:00:00 AM,MIDATL,339.613
5/8/2026 8:00:00 AM,5/8/2026 4:00:00 AM,MIDATL,312.918
5/8/2026 7:00:00 AM,5/8/2026 3:00:00 AM,MIDATL,326.146
5/8/2026 6:00:00 AM,5/8/2026 2:00:00 AM,MIDATL,370.535
5/8/2026 5:00:00 AM,5/8/2026 1:00:00 AM,MIDATL,376.953
5/8/2026 4:00:00 AM,5/8/2026 12:00:00 AM,MIDATL,446.170
5/8/2026 3:00:00 AM,5/7/2026 11:00:00 PM,MIDATL,373.178
5/8/2026 2:00:00 AM,5/7/2026 10:00:00 PM,MIDATL,374.285
5/8/2026 1:00:00 AM,5/7/2026 9:00:00 PM,MIDATL,316.524
5/8/2026 12:00:00 AM,5/7/2026 8:00:00 PM,MIDATL,231.088
5/7/2026 11:00:00 PM,5/7/2026 7:00:00 PM,MIDATL,207.015
5/7/2026 10:00:00 PM,5/7/2026 6:00:00 PM,MIDATL,213.407
5/7/2026 9:00:00 PM,5/7/2026 5:00:00 PM,MIDATL,203.672
5/7/2026 8:00:00 PM,5/7/2026 4:00:00 PM,MIDATL,196.720
5/7/2026 7:00:00 PM,5/7/2026 3:00:00 PM,MIDATL,211.824
5/7/2026 6:00:00 PM,5/7/2026 2:00:00 PM,MIDATL,203.106
5/7/2026 5:00:00 PM,5/7/2026 1:00:00 PM,MIDATL,196.140
5/7/2026 4:00:00 PM,5/7/2026 12:00:00 PM,MIDATL,173.613
5/7/2026 3:00:00 PM,5/7/2026 11:00:00 AM,MIDATL,163.353
5/7/2026 2:00:00 PM,5/7/2026 10:00:00 AM,MIDATL,152.994
5/7/2026 1:00:00 PM,5/7/2026 9:00:00 AM,MIDATL,80.284
5/7/2026 12:00:00 PM,5/7/2026 8:00:00 AM,MIDATL,44.300
5/7/2026 11:00:00 AM,5/7/2026 7:00:00 AM,MIDATL,63.217
5/7/2026 10:00:00 AM,5/7/2026 6:00:00 AM,MIDATL,132.052
5/7/2026 9:00:00 AM,5/7/2026 5:00:00 AM,MIDATL,175.367
5/7/2026 8:00:00 AM,5/7/2026 4:00:00 AM,MIDATL,168.869
5/7/2026 7:00:00 AM,5/7/2026 3:00:00 AM,MIDATL,167.760
5/7/2026 6:00:00 AM,5/7/2026 2:00:00 AM,MIDATL,184.584
5/7/2026 5:00:00 AM,5/7/2026 1:00:00 AM,MIDATL,188.896
5/7/2026 4:00:00 AM,5/7/2026 12:00:00 AM,MIDATL,156.800
5/7/2026 3:00:00 AM,5/6/2026 11:00:00 PM,MIDATL,105.667
5/7/2026 2:00:00 AM,5/6/2026 10:00:00 PM,MIDATL,128.736
5/7/2026 1:00:00 AM,5/6/2026 9:00:00 PM,MIDATL,173.163
5/7/2026 12:00:00 AM,5/6/2026 8:00:00 PM,MIDATL,209.691
5/6/2026 11:00:00 PM,5/6/2026 7:00:00 PM,MIDATL,280.599
5/6/2026 10:00:00 PM,5/6/2026 6:00:00 PM,MIDATL,321.765
5/6/2026 9:00:00 PM,5/6/2026 5:00:00 PM,MIDATL,346.603
5/6/2026 8:00:00 PM,5/6/2026 4:00:00 PM,MIDATL,308.656
5/6/2026 7:00:00 PM,5/6/2026 3:00:00 PM,MIDATL,269.620
5/6/2026 6:00:00 PM,5/6/2026 2:00:00 PM,MIDATL,293.019
5/6/2026 5:00:00 PM,5/6/2026 1:00:00 PM,MIDATL,302.794
5/6/2026 4:00:00 PM,5/6/2026 12:00:00 PM,MIDATL,377.228
5/6/2026 3:00:00 PM,5/6/2026 11:00:00 AM,MIDATL,464.494
5/6/2026 2:00:00 PM,5/6/2026 10:00:00 AM,MIDATL,491.106
5/6/2026 1:00:00 PM,5/6/2026 9:00:00 AM,MIDATL,497.492
5/6/2026 12:00:00 PM,5/6/2026 8:00:00 AM,MIDATL,420.415
5/6/2026 11:00:00 AM,5/6/2026 7:00:00 AM,MIDATL,428.670
5/6/2026 10:00:00 AM,5/6/2026 6:00:00 AM,MIDATL,408.695
5/6/2026 9:00:00 AM,5/6/2026 5:00:00 AM,MIDATL,348.789
5/6/2026 8:00:00 AM,5/6/2026 4:00:00 AM,MIDATL,362.677
5/6/2026 7:00:00 AM,5/6/2026 3:00:00 AM,MIDATL,355.287
5/6/2026 6:00:00 AM,5/6/2026 2:00:00 AM,MIDATL,367.264
5/6/2026 5:00:00 AM,5/6/2026 1:00:00 AM,MIDATL,321.599
5/6/2026 4:00:00 AM,5/6/2026 12:00:00 AM,MIDATL,293.810
5/6/2026 3:00:00 AM,5/5/2026 11:00:00 PM,MIDATL,290.266
5/6/2026 2:00:00 AM,5/5/2026 10:00:00 PM,MIDATL,302.359
5/6/2026 1:00:00 AM,5/5/2026 9:00:00 PM,MIDATL,329.596
5/6/2026 12:00:00 AM,5/5/2026 8:00:00 PM,MIDATL,320.567
5/5/2026 11:00:00 PM,5/5/2026 7:00:00 PM,MIDATL,365.624
5/5/2026 10:00:00 PM,5/5/2026 6:00:00 PM,MIDATL,445.450
5/5/2026 9:00:00 PM,5/5/2026 5:00:00 PM,MIDATL,541.598
5/5/2026 8:00:00 PM,5/5/2026 4:00:00 PM,MIDATL,609.953
5/5/2026 7:00:00 PM,5/5/2026 3:00:00 PM,MIDATL,591.659
5/5/2026 6:00:00 PM,5/5/2026 2:00:00 PM,MIDATL,692.650
5/5/2026 5:00:00 PM,5/5/2026 1:00:00 PM,MIDATL,688.225
5/5/2026 4:00:00 PM,5/5/2026 12:00:00 PM,MIDATL,679.792
5/5/2026 3:00:00 PM,5/5/2026 11:00:00 AM,MIDATL,689.636
5/5/2026 2:00:00 PM,5/5/2026 10:00:00 AM,MIDATL,668.191
5/5/2026 1:00:00 PM,5/5/2026 9:00:00 AM,MIDATL,616.958
5/5/2026 12:00:00 PM,5/5/2026 8:00:00 AM,MIDATL,661.098
5/5/2026 11:00:00 AM,5/5/2026 7:00:00 AM,MIDATL,719.986
5/5/2026 10:00:00 AM,5/5/2026 6:00:00 AM,MIDATL,713.685
5/5/2026 9:00:00 AM,5/5/2026 5:00:00 AM,MIDATL,676.212
5/5/2026 8:00:00 AM,5/5/2026 4:00:00 AM,MIDATL,698.698
5/5/2026 7:00:00 AM,5/5/2026 3:00:00 AM,MIDATL,675.441
5/5/2026 6:00:00 AM,5/5/2026 2:00:00 AM,MIDATL,622.619
5/5/2026 5:00:00 AM,5/5/2026 1:00:00 AM,MIDATL,605.359
5/5/2026 4:00:00 AM,5/5/2026 12:00:00 AM,MIDATL,559.146
5/5/2026 3:00:00 AM,5/4/2026 11:00:00 PM,MIDATL,555.860
5/5/2026 2:00:00 AM,5/4/2026 10:00:00 PM,MIDATL,498.504
5/5/2026 1:00:00 AM,5/4/2026 9:00:00 PM,MIDATL,470.400
5/5/2026 12:00:00 AM,5/4/2026 8:00:00 PM,MIDATL,398.304
5/4/2026 11:00:00 PM,5/4/2026 7:00:00 PM,MIDATL,462.273
5/4/2026 10:00:00 PM,5/4/2026 6:00:00 PM,MIDATL,504.530
5/4/2026 9:00:00 PM,5/4/2026 5:00:00 PM,MIDATL,445.687
5/4/2026 8:00:00 PM,5/4/2026 4:00:00 PM,MIDATL,390.869
5/4/2026 7:00:00 PM,5/4/2026 3:00:00 PM,MIDATL,404.106
5/4/2026 6:00:00 PM,5/4/2026 2:00:00 PM,MIDATL,456.201
5/4/2026 5:00:00 PM,5/4/2026 1:00:00 PM,MIDATL,475.478
5/4/2026 4:00:00 PM,5/4/2026 12:00:00 PM,MIDATL,465.376
5/4/2026 3:00:00 PM,5/4/2026 11:00:00 AM,MIDATL,404.152
5/4/2026 2:00:00 PM,5/4/2026 10:00:00 AM,MIDATL,429.803
5/4/2026 1:00:00 PM,5/4/2026 9:00:00 AM,MIDATL,404.164
5/4/2026 12:00:00 PM,5/4/2026 8:00:00 AM,MIDATL,414.371
5/4/2026 11:00:00 AM,5/4/2026 7:00:00 AM,MIDATL,483.975
5/4/2026 10:00:00 AM,5/4/2026 6:00:00 AM,MIDATL,549.560
5/4/2026 9:00:00 AM,5/4/2026 5:00:00 AM,MIDATL,538.744
5/4/2026 8:00:00 AM,5/4/2026 4:00:00 AM,MIDATL,562.122
5/4/2026 7:00:00 AM,5/4/2026 3:00:00 AM,MIDATL,583.151
5/4/2026 6:00:00 AM,5/4/2026 2:00:00 AM,MIDATL,608.614
5/4/2026 5:00:00 AM,5/4/2026 1:00:00 AM,MIDATL,588.999
5/4/2026 4:00:00 AM,5/4/2026 12:00:00 AM,MIDATL,560.648
5/4/2026 3:00:00 AM,5/3/2026 11:00:00 PM,MIDATL,548.000
5/4/2026 2:00:00 AM,5/3/2026 10:00:00 PM,MIDATL,510.944
5/4/2026 1:00:00 AM,5/3/2026 9:00:00 PM,MIDATL,365.890
5/4/2026 12:00:00 AM,5/3/2026 8:00:00 PM,MIDATL,262.220
5/3/2026 11:00:00 PM,5/3/2026 7:00:00 PM,MIDATL,339.894
5/3/2026 10:00:00 PM,5/3/2026 6:00:00 PM,MIDATL,401.526
5/3/2026 9:00:00 PM,5/3/2026 5:00:00 PM,MIDATL,492.087
5/3/2026 8:00:00 PM,5/3/2026 4:00:00 PM,MIDATL,518.635
5/3/2026 7:00:00 PM,5/3/2026 3:00:00 PM,MIDATL,572.502
5/3/2026 6:00:00 PM,5/3/2026 2:00:00 PM,MIDATL,585.863
5/3/2026 5:00:00 PM,5/3/2026 1:00:00 PM,MIDATL,550.445
5/3/2026 4:00:00 PM,5/3/2026 12:00:00 PM,MIDATL,535.449
5/3/2026 3:00:00 PM,5/3/2026 11:00:00 AM,MIDATL,576.648
5/3/2026 2:00:00 PM,5/3/2026 10:00:00 AM,MIDATL,593.768
5/3/2026 1:00:00 PM,5/3/2026 9:00:00 AM,MIDATL,485.291
5/3/2026 12:00:00 PM,5/3/2026 8:00:00 AM,MIDATL,415.844
5/3/2026 11:00:00 AM,5/3/2026 7:00:00 AM,MIDATL,407.398
5/3/2026 10:00:00 AM,5/3/2026 6:00:00 AM,MIDATL,375.463
5/3/2026 9:00:00 AM,5/3/2026 5:00:00 AM,MIDATL,398.401
5/3/2026 8:00:00 AM,5/3/2026 4:00:00 AM,MIDATL,386.933
5/3/2026 7:00:00 AM,5/3/2026 3:00:00 AM,MIDATL,319.638
5/3/2026 6:00:00 AM,5/3/2026 2:00:00 AM,MIDATL,329.162
5/3/2026 5:00:00 AM,5/3/2026 1:00:00 AM,MIDATL,266.353
5/3/2026 4:00:00 AM,5/3/2026 12:00:00 AM,MIDATL,229.862
5/3/2026 3:00:00 AM,5/2/2026 11:00:00 PM,MIDATL,191.935
5/3/2026 2:00:00 AM,5/2/2026 10:00:00 PM,MIDATL,192.998
5/3/2026 1:00:00 AM,5/2/2026 9:00:00 PM,MIDATL,206.157
5/3/2026 12:00:00 AM,5/2/2026 8:00:00 PM,MIDATL,198.970
5/2/2026 11:00:00 PM,5/2/2026 7:00:00 PM,MIDATL,199.496
5/2/2026 10:00:00 PM,5/2/2026 6:00:00 PM,MIDATL,216.015
5/2/2026 9:00:00 PM,5/2/2026 5:00:00 PM,MIDATL,209.709
5/2/2026 8:00:00 PM,5/2/2026 4:00:00 PM,MIDATL,189.920
5/2/2026 7:00:00 PM,5/2/2026 3:00:00 PM,MIDATL,152.308
5/2/2026 6:00:00 PM,5/2/2026 2:00:00 PM,MIDATL,131.893
5/2/2026 5:00:00 PM,5/2/2026 1:00:00 PM,MIDATL,95.919
5/2/2026 4:00:00 PM,5/2/2026 12:00:00 PM,MIDATL,91.170
5/2/2026 3:00:00 PM,5/2/2026 11:00:00 AM,MIDATL,105.294
5/2/2026 2:00:00 PM,5/2/2026 10:00:00 AM,MIDATL,140.985
5/2/2026 1:00:00 PM,5/2/2026 9:00:00 AM,MIDATL,137.152
5/2/2026 12:00:00 PM,5/2/2026 8:00:00 AM,MIDATL,154.967
5/2/2026 11:00:00 AM,5/2/2026 7:00:00 AM,MIDATL,176.590
5/2/2026 10:00:00 AM,5/2/2026 6:00:00 AM,MIDATL,232.252
5/2/2026 9:00:00 AM,5/2/2026 5:00:00 AM,MIDATL,218.147
5/2/2026 8:00:00 AM,5/2/2026 4:00:00 AM,MIDATL,212.106
5/2/2026 7:00:00 AM,5/2/2026 3:00:00 AM,MIDATL,203.122
5/2/2026 6:00:00 AM,5/2/2026 2:00:00 AM,MIDATL,164.022
5/2/2026 5:00:00 AM,5/2/2026 1:00:00 AM,MIDATL,221.656
5/2/2026 4:00:00 AM,5/2/2026 12:00:00 AM,MIDATL,283.831
5/2/2026 3:00:00 AM,5/1/2026 11:00:00 PM,MIDATL,243.112
5/2/2026 2:00:00 AM,5/1/2026 10:00:00 PM,MIDATL,221.325
5/2/2026 1:00:00 AM,5/1/2026 9:00:00 PM,MIDATL,165.529
5/2/2026 12:00:00 AM,5/1/2026 8:00:00 PM,MIDATL,102.770
5/1/2026 11:00:00 PM,5/1/2026 7:00:00 PM,MIDATL,142.353
5/1/2026 10:00:00 PM,5/1/2026 6:00:00 PM,MIDATL,169.102
5/1/2026 9:00:00 PM,5/1/2026 5:00:00 PM,MIDATL,145.274
5/1/2026 8:00:00 PM,5/1/2026 4:00:00 PM,MIDATL,174.902
5/1/2026 7:00:00 PM,5/1/2026 3:00:00 PM,MIDATL,183.574
5/1/2026 6:00:00 PM,5/1/2026 2:00:00 PM,MIDATL,140.122
5/1/2026 5:00:00 PM,5/1/2026 1:00:00 PM,MIDATL,94.399
5/1/2026 4:00:00 PM,5/1/2026 12:00:00 PM,MIDATL,55.788
5/1/2026 3:00:00 PM,5/1/2026 11:00:00 AM,MIDATL,23.049
5/1/2026 2:00:00 PM,5/1/2026 10:00:00 AM,MIDATL,16.417
5/1/2026 1:00:00 PM,5/1/2026 9:00:00 AM,MIDATL,14.899
5/1/2026 12:00:00 PM,5/1/2026 8:00:00 AM,MIDATL,33.300
5/1/2026 11:00:00 AM,5/1/2026 7:00:00 AM,MIDATL,94.121
5/1/2026 10:00:00 AM,5/1/2026 6:00:00 AM,MIDATL,149.916
5/1/2026 9:00:00 AM,5/1/2026 5:00:00 AM,MIDATL,156.841
5/1/2026 8:00:00 AM,5/1/2026 4:00:00 AM,MIDATL,171.098
5/1/2026 7:00:00 AM,5/1/2026 3:00:00 AM,MIDATL,207.797
5/1/2026 6:00:00 AM,5/1/2026 2:00:00 AM,MIDATL,228.807
5/1/2026 5:00:00 AM,5/1/2026 1:00:00 AM,MIDATL,243.393
5/1/2026 4:00:00 AM,5/1/2026 12:00:00 AM,MIDATL,268.359
5/1/2026 3:00:00 AM,4/30/2026 11:00:00 PM,MIDATL,255.273
5/1/2026 2:00:00 AM,4/30/2026 10:00:00 PM,MIDATL,245.212
5/1/2026 1:00:00 AM,4/30/2026 9:00:00 PM,MIDATL,225.954
5/1/2026 12:00:00 AM,4/30/2026 8:00:00 PM,MIDATL,280.521
4/30/2026 11:00:00 PM,4/30/2026 7:00:00 PM,MIDATL,303.321
4/30/2026 10:00:00 PM,4/30/2026 6:00:00 PM,MIDATL,361.376
4/30/2026 9:00:00 PM,4/30/2026 5:00:00 PM,MIDATL,450.578
4/30/2026 8:00:00 PM,4/30/2026 4:00:00 PM,MIDATL,438.187
4/30/2026 7:00:00 PM,4/30/2026 3:00:00 PM,MIDATL,416.356
4/30/2026 6:00:00 PM,4/30/2026 2:00:00 PM,MIDATL,420.107
4/30/2026 5:00:00 PM,4/30/2026 1:00:00 PM,MIDATL,320.805
4/30/2026 4:00:00 PM,4/30/2026 12:00:00 PM,MIDATL,197.469
4/30/2026 3:00:00 PM,4/30/2026 11:00:00 AM,MIDATL,163.851
4/30/2026 2:00:00 PM,4/30/2026 10:00:00 AM,MIDATL,175.911
4/30/2026 1:00:00 PM,4/30/2026 9:00:00 AM,MIDATL,191.913
4/30/2026 12:00:00 PM,4/30/2026 8:00:00 AM,MIDATL,204.893
4/30/2026 11:00:00 AM,4/30/2026 7:00:00 AM,MIDATL,246.540
4/30/2026 10:00:00 AM,4/30/2026 6:00:00 AM,MIDATL,241.096
4/30/2026 9:00:00 AM,4/30/2026 5:00:00 AM,MIDATL,236.019
4/30/2026 8:00:00 AM,4/30/2026 4:00:00 AM,MIDATL,260.930
4/30/2026 7:00:00 AM,4/30/2026 3:00:00 AM,MIDATL,263.843
4/30/2026 6:00:00 AM,4/30/2026 2:00:00 AM,MIDATL,298.076
4/30/2026 5:00:00 AM,4/30/2026 1:00:00 AM,MIDATL,349.653
4/30/2026 4:00:00 AM,4/30/2026 12:00:00 AM,MIDATL,417.130
4/30/2026 3:00:00 AM,4/29/2026 11:00:00 PM,MIDATL,491.826
4/30/2026 2:00:00 AM,4/29/2026 10:00:00 PM,MIDATL,524.084
4/30/2026 1:00:00 AM,4/29/2026 9:00:00 PM,MIDATL,426.324
4/30/2026 12:00:00 AM,4/29/2026 8:00:00 PM,MIDATL,446.045
4/29/2026 11:00:00 PM,4/29/2026 7:00:00 PM,MIDATL,410.779
4/29/2026 10:00:00 PM,4/29/2026 6:00:00 PM,MIDATL,418.326
4/29/2026 9:00:00 PM,4/29/2026 5:00:00 PM,MIDATL,403.480
4/29/2026 8:00:00 PM,4/29/2026 4:00:00 PM,MIDATL,420.654
4/29/2026 7:00:00 PM,4/29/2026 3:00:00 PM,MIDATL,385.829
4/29/2026 6:00:00 PM,4/29/2026 2:00:00 PM,MIDATL,374.529
4/29/2026 5:00:00 PM,4/29/2026 1:00:00 PM,MIDATL,305.740
4/29/2026 4:00:00 PM,4/29/2026 12:00:00 PM,MIDATL,272.354
4/29/2026 3:00:00 PM,4/29/2026 11:00:00 AM,MIDATL,189.985
4/29/2026 2:00:00 PM,4/29/2026 10:00:00 AM,MIDATL,197.082
4/29/2026 1:00:00 PM,4/29/2026 9:00:00 AM,MIDATL,169.036
4/29/2026 12:00:00 PM,4/29/2026 8:00:00 AM,MIDATL,154.844
4/29/2026 11:00:00 AM,4/29/2026 7:00:00 AM,MIDATL,148.908
4/29/2026 10:00:00 AM,4/29/2026 6:00:00 AM,MIDATL,120.815
4/29/2026 9:00:00 AM,4/29/2026 5:00:00 AM,MIDATL,134.678
4/29/2026 8:00:00 AM,4/29/2026 4:00:00 AM,MIDATL,170.577
4/29/2026 7:00:00 AM,4/29/2026 3:00:00 AM,MIDATL,205.256
4/29/2026 6:00:00 AM,4/29/2026 2:00:00 AM,MIDATL,254.419
4/29/2026 5:00:00 AM,4/29/2026 1:00:00 AM,MIDATL,288.256
4/29/2026 4:00:00 AM,4/29/2026 12:00:00 AM,MIDATL,270.682
4/29/2026 3:00:00 AM,4/28/2026 11:00:00 PM,MIDATL,251.220
4/29/2026 2:00:00 AM,4/28/2026 10:00:00 PM,MIDATL,292.640
4/29/2026 1:00:00 AM,4/28/2026 9:00:00 PM,MIDATL,264.882
4/29/2026 12:00:00 AM,4/28/2026 8:00:00 PM,MIDATL,274.304
4/28/2026 11:00:00 PM,4/28/2026 7:00:00 PM,MIDATL,245.168
4/28/2026 10:00:00 PM,4/28/2026 6:00:00 PM,MIDATL,218.526
4/28/2026 9:00:00 PM,4/28/2026 5:00:00 PM,MIDATL,253.952
4/28/2026 8:00:00 PM,4/28/2026 4:00:00 PM,MIDATL,298.307
4/28/2026 7:00:00 PM,4/28/2026 3:00:00 PM,MIDATL,319.022
4/28/2026 6:00:00 PM,4/28/2026 2:00:00 PM,MIDATL,357.935
4/28/2026 5:00:00 PM,4/28/2026 1:00:00 PM,MIDATL,379.696
4/28/2026 4:00:00 PM,4/28/2026 12:00:00 PM,MIDATL,427.876
4/28/2026 3:00:00 PM,4/28/2026 11:00:00 AM,MIDATL,537.229
4/28/2026 2:00:00 PM,4/28/2026 10:00:00 AM,MIDATL,655.971
4/28/2026 1:00:00 PM,4/28/2026 9:00:00 AM,MIDATL,734.233
4/28/2026 12:00:00 PM,4/28/2026 8:00:00 AM,MIDATL,740.185
4/28/2026 11:00:00 AM,4/28/2026 7:00:00 AM,MIDATL,770.209
4/28/2026 10:00:00 AM,4/28/2026 6:00:00 AM,MIDATL,776.063
4/28/2026 9:00:00 AM,4/28/2026 5:00:00 AM,MIDATL,808.429
4/28/2026 8:00:00 AM,4/28/2026 4:00:00 AM,MIDATL,820.376
4/28/2026 7:00:00 AM,4/28/2026 3:00:00 AM,MIDATL,832.975
4/28/2026 6:00:00 AM,4/28/2026 2:00:00 AM,MIDATL,869.360
4/28/2026 5:00:00 AM,4/28/2026 1:00:00 AM,MIDATL,892.747
4/28/2026 4:00:00 AM,4/28/2026 12:00:00 AM,MIDATL,880.839
4/28/2026 3:00:00 AM,4/27/2026 11:00:00 PM,MIDATL,829.994
4/28/2026 2:00:00 AM,4/27/2026 10:00:00 PM,MIDATL,761.839
4/28/2026 1:00:00 AM,4/27/2026 9:00:00 PM,MIDATL,660.399
4/28/2026 12:00:00 AM,4/27/2026 8:00:00 PM,MIDATL,539.315
4/27/2026 11:00:00 PM,4/27/2026 7:00:00 PM,MIDATL,349.847
4/27/2026 10:00:00 PM,4/27/2026 6:00:00 PM,MIDATL,318.718
4/27/2026 9:00:00 PM,4/27/2026 5:00:00 PM,MIDATL,268.894
4/27/2026 8:00:00 PM,4/27/2026 4:00:00 PM,MIDATL,226.043
4/27/2026 7:00:00 PM,4/27/2026 3:00:00 PM,MIDATL,195.257
4/27/2026 6:00:00 PM,4/27/2026 2:00:00 PM,MIDATL,206.989
4/27/2026 5:00:00 PM,4/27/2026 1:00:00 PM,MIDATL,235.631
4/27/2026 4:00:00 PM,4/27/2026 12:00:00 PM,MIDATL,252.389
4/27/2026 3:00:00 PM,4/27/2026 11:00:00 AM,MIDATL,251.689
4/27/2026 2:00:00 PM,4/27/2026 10:00:00 AM,MIDATL,191.064
4/27/2026 1:00:00 PM,4/27/2026 9:00:00 AM,MIDATL,109.388
4/27/2026 12:00:00 PM,4/27/2026 8:00:00 AM,MIDATL,101.125
4/27/2026 11:00:00 AM,4/27/2026 7:00:00 AM,MIDATL,150.525
4/27/2026 10:00:00 AM,4/27/2026 6:00:00 AM,MIDATL,203.731
4/27/2026 9:00:00 AM,4/27/2026 5:00:00 AM,MIDATL,230.590
4/27/2026 8:00:00 AM,4/27/2026 4:00:00 AM,MIDATL,235.438
4/27/2026 7:00:00 AM,4/27/2026 3:00:00 AM,MIDATL,175.671
4/27/2026 6:00:00 AM,4/27/2026 2:00:00 AM,MIDATL,98.970
4/27/2026 5:00:00 AM,4/27/2026 1:00:00 AM,MIDATL,105.458
4/27/2026 4:00:00 AM,4/27/2026 12:00:00 AM,MIDATL,125.404
4/27/2026 3:00:00 AM,4/26/2026 11:00:00 PM,MIDATL,146.680
4/27/2026 2:00:00 AM,4/26/2026 10:00:00 PM,MIDATL,134.199
4/27/2026 1:00:00 AM,4/26/2026 9:00:00 PM,MIDATL,93.057
4/27/2026 12:00:00 AM,4/26/2026 8:00:00 PM,MIDATL,67.728
4/26/2026 11:00:00 PM,4/26/2026 7:00:00 PM,MIDATL,45.772
4/26/2026 10:00:00 PM,4/26/2026 6:00:00 PM,MIDATL,37.967
4/26/2026 9:00:00 PM,4/26/2026 5:00:00 PM,MIDATL,35.155
4/26/2026 8:00:00 PM,4/26/2026 4:00:00 PM,MIDATL,24.807
4/26/2026 7:00:00 PM,4/26/2026 3:00:00 PM,MIDATL,34.631
4/26/2026 6:00:00 PM,4/26/2026 2:00:00 PM,MIDATL,36.443
4/26/2026 5:00:00 PM,4/26/2026 1:00:00 PM,MIDATL,29.867
4/26/2026 4:00:00 PM,4/26/2026 12:00:00 PM,MIDATL,23.966
4/26/2026 3:00:00 PM,4/26/2026 11:00:00 AM,MIDATL,21.225
4/26/2026 2:00:00 PM,4/26/2026 10:00:00 AM,MIDATL,21.263
4/26/2026 1:00:00 PM,4/26/2026 9:00:00 AM,MIDATL,23.530
4/26/2026 12:00:00 PM,4/26/2026 8:00:00 AM,MIDATL,42.399
4/26/2026 11:00:00 AM,4/26/2026 7:00:00 AM,MIDATL,31.754
4/26/2026 10:00:00 AM,4/26/2026 6:00:00 AM,MIDATL,32.197
4/26/2026 9:00:00 AM,4/26/2026 5:00:00 AM,MIDATL,24.253
4/26/2026 8:00:00 AM,4/26/2026 4:00:00 AM,MIDATL,30.249
4/26/2026 7:00:00 AM,4/26/2026 3:00:00 AM,MIDATL,31.911
4/26/2026 6:00:00 AM,4/26/2026 2:00:00 AM,MIDATL,35.261
4/26/2026 5:00:00 AM,4/26/2026 1:00:00 AM,MIDATL,47.504
4/26/2026 4:00:00 AM,4/26/2026 12:00:00 AM,MIDATL,67.262
4/26/2026 3:00:00 AM,4/25/2026 11:00:00 PM,MIDATL,92.796
4/26/2026 2:00:00 AM,4/25/2026 10:00:00 PM,MIDATL,127.122
4/26/2026 1:00:00 AM,4/25/2026 9:00:00 PM,MIDATL,133.203
4/26/2026 12:00:00 AM,4/25/2026 8:00:00 PM,MIDATL,124.434
4/25/2026 11:00:00 PM,4/25/2026 7:00:00 PM,MIDATL,143.807
4/25/2026 10:00:00 PM,4/25/2026 6:00:00 PM,MIDATL,168.180
4/25/2026 9:00:00 PM,4/25/2026 5:00:00 PM,MIDATL,202.703
4/25/2026 8:00:00 PM,4/25/2026 4:00:00 PM,MIDATL,320.673
4/25/2026 7:00:00 PM,4/25/2026 3:00:00 PM,MIDATL,432.704
4/25/2026 6:00:00 PM,4/25/2026 2:00:00 PM,MIDATL,484.876
4/25/2026 5:00:00 PM,4/25/2026 1:00:00 PM,MIDATL,542.717
4/25/2026 4:00:00 PM,4/25/2026 12:00:00 PM,MIDATL,507.855
4/25/2026 3:00:00 PM,4/25/2026 11:00:00 AM,MIDATL,495.645
4/25/2026 2:00:00 PM,4/25/2026 10:00:00 AM,MIDATL,424.471
4/25/2026 1:00:00 PM,4/25/2026 9:00:00 AM,MIDATL,383.478
4/25/2026 12:00:00 PM,4/25/2026 8:00:00 AM,MIDATL,507.257
4/25/2026 11:00:00 AM,4/25/2026 7:00:00 AM,MIDATL,506.970
4/25/2026 10:00:00 AM,4/25/2026 6:00:00 AM,MIDATL,427.512
4/25/2026 9:00:00 AM,4/25/2026 5:00:00 AM,MIDATL,371.420
4/25/2026 8:00:00 AM,4/25/2026 4:00:00 AM,MIDATL,319.205
4/25/2026 7:00:00 AM,4/25/2026 3:00:00 AM,MIDATL,322.805
4/25/2026 6:00:00 AM,4/25/2026 2:00:00 AM,MIDATL,298.760
4/25/2026 5:00:00 AM,4/25/2026 1:00:00 AM,MIDATL,268.253
4/25/2026 4:00:00 AM,4/25/2026 12:00:00 AM,MIDATL,217.377
4/25/2026 3:00:00 AM,4/24/2026 11:00:00 PM,MIDATL,147.836
4/25/2026 2:00:00 AM,4/24/2026 10:00:00 PM,MIDATL,103.661
4/25/2026 1:00:00 AM,4/24/2026 9:00:00 PM,MIDATL,83.553
4/25/2026 12:00:00 AM,4/24/2026 8:00:00 PM,MIDATL,33.639
4/24/2026 11:00:00 PM,4/24/2026 7:00:00 PM,MIDATL,26.848
4/24/2026 10:00:00 PM,4/24/2026 6:00:00 PM,MIDATL,62.531
4/24/2026 9:00:00 PM,4/24/2026 5:00:00 PM,MIDATL,129.208
4/24/2026 8:00:00 PM,4/24/2026 4:00:00 PM,MIDATL,190.970
4/24/2026 7:00:00 PM,4/24/2026 3:00:00 PM,MIDATL,233.653
4/24/2026 6:00:00 PM,4/24/2026 2:00:00 PM,MIDATL,224.865
4/24/2026 5:00:00 PM,4/24/2026 1:00:00 PM,MIDATL,208.014
4/24/2026 4:00:00 PM,4/24/2026 12:00:00 PM,MIDATL,190.854
4/24/2026 3:00:00 PM,4/24/2026 11:00:00 AM,MIDATL,169.224
4/24/2026 2:00:00 PM,4/24/2026 10:00:00 AM,MIDATL,183.685
4/24/2026 1:00:00 PM,4/24/2026 9:00:00 AM,MIDATL,167.340
4/24/2026 12:00:00 PM,4/24/2026 8:00:00 AM,MIDATL,209.526
4/24/2026 11:00:00 AM,4/24/2026 7:00:00 AM,MIDATL,317.525
4/24/2026 10:00:00 AM,4/24/2026 6:00:00 AM,MIDATL,345.411
4/24/2026 9:00:00 AM,4/24/2026 5:00:00 AM,MIDATL,322.413
4/24/2026 8:00:00 AM,4/24/2026 4:00:00 AM,MIDATL,314.322
4/24/2026 7:00:00 AM,4/24/2026 3:00:00 AM,MIDATL,260.779
4/24/2026 6:00:00 AM,4/24/2026 2:00:00 AM,MIDATL,157.725
4/24/2026 5:00:00 AM,4/24/2026 1:00:00 AM,MIDATL,126.461
4/24/2026 4:00:00 AM,4/24/2026 12:00:00 AM,MIDATL,119.489
4/24/2026 3:00:00 AM,4/23/2026 11:00:00 PM,MIDATL,146.742
4/24/2026 2:00:00 AM,4/23/2026 10:00:00 PM,MIDATL,208.156
4/24/2026 1:00:00 AM,4/23/2026 9:00:00 PM,MIDATL,217.169
4/24/2026 12:00:00 AM,4/23/2026 8:00:00 PM,MIDATL,149.034
4/23/2026 11:00:00 PM,4/23/2026 7:00:00 PM,MIDATL,113.666
4/23/2026 10:00:00 PM,4/23/2026 6:00:00 PM,MIDATL,142.633
4/23/2026 9:00:00 PM,4/23/2026 5:00:00 PM,MIDATL,194.847
4/23/2026 8:00:00 PM,4/23/2026 4:00:00 PM,MIDATL,246.203
4/23/2026 7:00:00 PM,4/23/2026 3:00:00 PM,MIDATL,256.957
4/23/2026 6:00:00 PM,4/23/2026 2:00:00 PM,MIDATL,222.024
4/23/2026 5:00:00 PM,4/23/2026 1:00:00 PM,MIDATL,202.557
4/23/2026 4:00:00 PM,4/23/2026 12:00:00 PM,MIDATL,150.815
4/23/2026 3:00:00 PM,4/23/2026 11:00:00 AM,MIDATL,101.115
4/23/2026 2:00:00 PM,4/23/2026 10:00:00 AM,MIDATL,80.605
4/23/2026 1:00:00 PM,4/23/2026 9:00:00 AM,MIDATL,74.186
4/23/2026 12:00:00 PM,4/23/2026 8:00:00 AM,MIDATL,98.972
4/23/2026 11:00:00 AM,4/23/2026 7:00:00 AM,MIDATL,148.541
4/23/2026 10:00:00 AM,4/23/2026 6:00:00 AM,MIDATL,176.073
4/23/2026 9:00:00 AM,4/23/2026 5:00:00 AM,MIDATL,159.211
4/23/2026 8:00:00 AM,4/23/2026 4:00:00 AM,MIDATL,194.179
4/23/2026 7:00:00 AM,4/23/2026 3:00:00 AM,MIDATL,218.670
4/23/2026 6:00:00 AM,4/23/2026 2:00:00 AM,MIDATL,241.081
4/23/2026 5:00:00 AM,4/23/2026 1:00:00 AM,MIDATL,201.987
4/23/2026 4:00:00 AM,4/23/2026 12:00:00 AM,MIDATL,175.112
4/23/2026 3:00:00 AM,4/22/2026 11:00:00 PM,MIDATL,176.653
4/23/2026 2:00:00 AM,4/22/2026 10:00:00 PM,MIDATL,161.155
4/23/2026 1:00:00 AM,4/22/2026 9:00:00 PM,MIDATL,192.379
4/23/2026 12:00:00 AM,4/22/2026 8:00:00 PM,MIDATL,250.597
4/22/2026 11:00:00 PM,4/22/2026 7:00:00 PM,MIDATL,290.626
4/22/2026 10:00:00 PM,4/22/2026 6:00:00 PM,MIDATL,307.521
4/22/2026 9:00:00 PM,4/22/2026 5:00:00 PM,MIDATL,257.983
4/22/2026 8:00:00 PM,4/22/2026 4:00:00 PM,MIDATL,243.301
4/22/2026 7:00:00 PM,4/22/2026 3:00:00 PM,MIDATL,221.485
4/22/2026 6:00:00 PM,4/22/2026 2:00:00 PM,MIDATL,218.090
4/22/2026 5:00:00 PM,4/22/2026 1:00:00 PM,MIDATL,204.040
4/22/2026 4:00:00 PM,4/22/2026 12:00:00 PM,MIDATL,188.111
4/22/2026 3:00:00 PM,4/22/2026 11:00:00 AM,MIDATL,272.466
4/22/2026 2:00:00 PM,4/22/2026 10:00:00 AM,MIDATL,279.419
4/22/2026 1:00:00 PM,4/22/2026 9:00:00 AM,MIDATL,280.566
4/22/2026 12:00:00 PM,4/22/2026 8:00:00 AM,MIDATL,355.003
4/22/2026 11:00:00 AM,4/22/2026 7:00:00 AM,MIDATL,487.390
4/22/2026 10:00:00 AM,4/22/2026 6:00:00 AM,MIDATL,553.535
4/22/2026 9:00:00 AM,4/22/2026 5:00:00 AM,MIDATL,539.203
4/22/2026 8:00:00 AM,4/22/2026 4:00:00 AM,MIDATL,598.670
4/22/2026 7:00:00 AM,4/22/2026 3:00:00 AM,MIDATL,623.121
4/22/2026 6:00:00 AM,4/22/2026 2:00:00 AM,MIDATL,600.525
4/22/2026 5:00:00 AM,4/22/2026 1:00:00 AM,MIDATL,558.339
4/22/2026 4:00:00 AM,4/22/2026 12:00:00 AM,MIDATL,492.920
4/22/2026 3:00:00 AM,4/21/2026 11:00:00 PM,MIDATL,488.906
4/22/2026 2:00:00 AM,4/21/2026 10:00:00 PM,MIDATL,484.779
4/22/2026 1:00:00 AM,4/21/2026 9:00:00 PM,MIDATL,438.496
4/22/2026 12:00:00 AM,4/21/2026 8:00:00 PM,MIDATL,367.072
4/21/2026 11:00:00 PM,4/21/2026 7:00:00 PM,MIDATL,226.490
4/21/2026 10:00:00 PM,4/21/2026 6:00:00 PM,MIDATL,163.066
4/21/2026 9:00:00 PM,4/21/2026 5:00:00 PM,MIDATL,136.023
4/21/2026 8:00:00 PM,4/21/2026 4:00:00 PM,MIDATL,118.475
4/21/2026 7:00:00 PM,4/21/2026 3:00:00 PM,MIDATL,100.506
4/21/2026 6:00:00 PM,4/21/2026 2:00:00 PM,MIDATL,89.290
4/21/2026 5:00:00 PM,4/21/2026 1:00:00 PM,MIDATL,66.073
4/21/2026 4:00:00 PM,4/21/2026 12:00:00 PM,MIDATL,50.989
4/21/2026 3:00:00 PM,4/21/2026 11:00:00 AM,MIDATL,41.352
4/21/2026 2:00:00 PM,4/21/2026 10:00:00 AM,MIDATL,43.084
4/21/2026 1:00:00 PM,4/21/2026 9:00:00 AM,MIDATL,38.643
4/21/2026 12:00:00 PM,4/21/2026 8:00:00 AM,MIDATL,47.611
4/21/2026 11:00:00 AM,4/21/2026 7:00:00 AM,MIDATL,57.679
4/21/2026 10:00:00 AM,4/21/2026 6:00:00 AM,MIDATL,30.074
4/21/2026 9:00:00 AM,4/21/2026 5:00:00 AM,MIDATL,1.888
4/21/2026 8:00:00 AM,4/21/2026 4:00:00 AM,MIDATL,-0.190
4/21/2026 7:00:00 AM,4/21/2026 3:00:00 AM,MIDATL,2.099
4/21/2026 6:00:00 AM,4/21/2026 2:00:00 AM,MIDATL,10.855
4/21/2026 5:00:00 AM,4/21/2026 1:00:00 AM,MIDATL,33.694
4/21/2026 4:00:00 AM,4/21/2026 12:00:00 AM,MIDATL,73.340
4/21/2026 3:00:00 AM,4/20/2026 11:00:00 PM,MIDATL,104.471
4/21/2026 2:00:00 AM,4/20/2026 10:00:00 PM,MIDATL,115.577
4/21/2026 1:00:00 AM,4/20/2026 9:00:00 PM,MIDATL,138.667
4/21/2026 12:00:00 AM,4/20/2026 8:00:00 PM,MIDATL,162.112
4/20/2026 11:00:00 PM,4/20/2026 7:00:00 PM,MIDATL,259.943
4/20/2026 10:00:00 PM,4/20/2026 6:00:00 PM,MIDATL,379.430
4/20/2026 9:00:00 PM,4/20/2026 5:00:00 PM,MIDATL,437.971
4/20/2026 8:00:00 PM,4/20/2026 4:00:00 PM,MIDATL,476.435
4/20/2026 7:00:00 PM,4/20/2026 3:00:00 PM,MIDATL,514.231
4/20/2026 6:00:00 PM,4/20/2026 2:00:00 PM,MIDATL,530.352
4/20/2026 5:00:00 PM,4/20/2026 1:00:00 PM,MIDATL,511.277
4/20/2026 4:00:00 PM,4/20/2026 12:00:00 PM,MIDATL,471.408
4/20/2026 3:00:00 PM,4/20/2026 11:00:00 AM,MIDATL,388.474
4/20/2026 2:00:00 PM,4/20/2026 10:00:00 AM,MIDATL,354.342
4/20/2026 1:00:00 PM,4/20/2026 9:00:00 AM,MIDATL,356.497
4/20/2026 12:00:00 PM,4/20/2026 8:00:00 AM,MIDATL,314.065
4/20/2026 11:00:00 AM,4/20/2026 7:00:00 AM,MIDATL,253.719
4/20/2026 10:00:00 AM,4/20/2026 6:00:00 AM,MIDATL,281.274
4/20/2026 9:00:00 AM,4/20/2026 5:00:00 AM,MIDATL,249.938
4/20/2026 8:00:00 AM,4/20/2026 4:00:00 AM,MIDATL,240.918
4/20/2026 7:00:00 AM,4/20/2026 3:00:00 AM,MIDATL,264.536
4/20/2026 6:00:00 AM,4/20/2026 2:00:00 AM,MIDATL,228.301
4/20/2026 5:00:00 AM,4/20/2026 1:00:00 AM,MIDATL,207.571
4/20/2026 4:00:00 AM,4/20/2026 12:00:00 AM,MIDATL,224.228
4/20/2026 3:00:00 AM,4/19/2026 11:00:00 PM,MIDATL,236.886
4/20/2026 2:00:00 AM,4/19/2026 10:00:00 PM,MIDATL,173.386
4/20/2026 1:00:00 AM,4/19/2026 9:00:00 PM,MIDATL,207.290
4/20/2026 12:00:00 AM,4/19/2026 8:00:00 PM,MIDATL,337.930
4/19/2026 11:00:00 PM,4/19/2026 7:00:00 PM,MIDATL,488.736
4/19/2026 10:00:00 PM,4/19/2026 6:00:00 PM,MIDATL,660.249
4/19/2026 9:00:00 PM,4/19/2026 5:00:00 PM,MIDATL,708.850
4/19/2026 8:00:00 PM,4/19/2026 4:00:00 PM,MIDATL,777.029
4/19/2026 7:00:00 PM,4/19/2026 3:00:00 PM,MIDATL,688.281
4/19/2026 6:00:00 PM,4/19/2026 2:00:00 PM,MIDATL,614.615
4/19/2026 5:00:00 PM,4/19/2026 1:00:00 PM,MIDATL,611.433
4/19/2026 4:00:00 PM,4/19/2026 12:00:00 PM,MIDATL,469.892
4/19/2026 3:00:00 PM,4/19/2026 11:00:00 AM,MIDATL,375.653
4/19/2026 2:00:00 PM,4/19/2026 10:00:00 AM,MIDATL,453.371
4/19/2026 1:00:00 PM,4/19/2026 9:00:00 AM,MIDATL,475.560
4/19/2026 12:00:00 PM,4/19/2026 8:00:00 AM,MIDATL,611.712
4/19/2026 11:00:00 AM,4/19/2026 7:00:00 AM,MIDATL,682.336
4/19/2026 10:00:00 AM,4/19/2026 6:00:00 AM,MIDATL,824.085
4/19/2026 9:00:00 AM,4/19/2026 5:00:00 AM,MIDATL,786.101
4/19/2026 8:00:00 AM,4/19/2026 4:00:00 AM,MIDATL,668.727
4/19/2026 7:00:00 AM,4/19/2026 3:00:00 AM,MIDATL,632.090
4/19/2026 6:00:00 AM,4/19/2026 2:00:00 AM,MIDATL,571.532
4/19/2026 5:00:00 AM,4/19/2026 1:00:00 AM,MIDATL,438.917
4/19/2026 4:00:00 AM,4/19/2026 12:00:00 AM,MIDATL,430.506
4/19/2026 3:00:00 AM,4/18/2026 11:00:00 PM,MIDATL,398.733
4/19/2026 2:00:00 AM,4/18/2026 10:00:00 PM,MIDATL,510.976
4/19/2026 1:00:00 AM,4/18/2026 9:00:00 PM,MIDATL,664.542
4/19/2026 12:00:00 AM,4/18/2026 8:00:00 PM,MIDATL,710.184
4/18/2026 11:00:00 PM,4/18/2026 7:00:00 PM,MIDATL,669.389
4/18/2026 10:00:00 PM,4/18/2026 6:00:00 PM,MIDATL,614.045
4/18/2026 9:00:00 PM,4/18/2026 5:00:00 PM,MIDATL,655.654
4/18/2026 8:00:00 PM,4/18/2026 4:00:00 PM,MIDATL,574.255
4/18/2026 7:00:00 PM,4/18/2026 3:00:00 PM,MIDATL,562.197
4/18/2026 6:00:00 PM,4/18/2026 2:00:00 PM,MIDATL,539.493
4/18/2026 5:00:00 PM,4/18/2026 1:00:00 PM,MIDATL,529.114
4/18/2026 4:00:00 PM,4/18/2026 12:00:00 PM,MIDATL,514.148
4/18/2026 3:00:00 PM,4/18/2026 11:00:00 AM,MIDATL,483.622
4/18/2026 2:00:00 PM,4/18/2026 10:00:00 AM,MIDATL,483.347
4/18/2026 1:00:00 PM,4/18/2026 9:00:00 AM,MIDATL,489.179
4/18/2026 12:00:00 PM,4/18/2026 8:00:00 AM,MIDATL,493.833
4/18/2026 11:00:00 AM,4/18/2026 7:00:00 AM,MIDATL,526.601
4/18/2026 10:00:00 AM,4/18/2026 6:00:00 AM,MIDATL,506.084
4/18/2026 9:00:00 AM,4/18/2026 5:00:00 AM,MIDATL,479.251
4/18/2026 8:00:00 AM,4/18/2026 4:00:00 AM,MIDATL,425.747
4/18/2026 7:00:00 AM,4/18/2026 3:00:00 AM,MIDATL,366.640
4/18/2026 6:00:00 AM,4/18/2026 2:00:00 AM,MIDATL,256.465
4/18/2026 5:00:00 AM,4/18/2026 1:00:00 AM,MIDATL,172.367
4/18/2026 4:00:00 AM,4/18/2026 12:00:00 AM,MIDATL,73.949
4/18/2026 3:00:00 AM,4/17/2026 11:00:00 PM,MIDATL,48.711
4/18/2026 2:00:00 AM,4/17/2026 10:00:00 PM,MIDATL,61.680
4/18/2026 1:00:00 AM,4/17/2026 9:00:00 PM,MIDATL,56.804
4/18/2026 12:00:00 AM,4/17/2026 8:00:00 PM,MIDATL,63.121
4/17/2026 11:00:00 PM,4/17/2026 7:00:00 PM,MIDATL,64.829
4/17/2026 10:00:00 PM,4/17/2026 6:00:00 PM,MIDATL,77.888
4/17/2026 9:00:00 PM,4/17/2026 5:00:00 PM,MIDATL,104.467
4/17/2026 8:00:00 PM,4/17/2026 4:00:00 PM,MIDATL,123.467
4/17/2026 7:00:00 PM,4/17/2026 3:00:00 PM,MIDATL,132.475
4/17/2026 6:00:00 PM,4/17/2026 2:00:00 PM,MIDATL,145.139
4/17/2026 5:00:00 PM,4/17/2026 1:00:00 PM,MIDATL,148.149
4/17/2026 4:00:00 PM,4/17/2026 12:00:00 PM,MIDATL,165.118
4/17/2026 3:00:00 PM,4/17/2026 11:00:00 AM,MIDATL,188.916
4/17/2026 2:00:00 PM,4/17/2026 10:00:00 AM,MIDATL,216.290
4/17/2026 1:00:00 PM,4/17/2026 9:00:00 AM,MIDATL,249.061
4/17/2026 12:00:00 PM,4/17/2026 8:00:00 AM,MIDATL,302.626
4/17/2026 11:00:00 AM,4/17/2026 7:00:00 AM,MIDATL,463.574
4/17/2026 10:00:00 AM,4/17/2026 6:00:00 AM,MIDATL,459.530
4/17/2026 9:00:00 AM,4/17/2026 5:00:00 AM,MIDATL,452.071
4/17/2026 8:00:00 AM,4/17/2026 4:00:00 AM,MIDATL,437.114
4/17/2026 7:00:00 AM,4/17/2026 3:00:00 AM,MIDATL,415.990
4/17/2026 6:00:00 AM,4/17/2026 2:00:00 AM,MIDATL,437.813
4/17/2026 5:00:00 AM,4/17/2026 1:00:00 AM,MIDATL,304.364
4/17/2026 4:00:00 AM,4/17/2026 12:00:00 AM,MIDATL,248.080
4/17/2026 3:00:00 AM,4/16/2026 11:00:00 PM,MIDATL,267.602
4/17/2026 2:00:00 AM,4/16/2026 10:00:00 PM,MIDATL,374.867
4/17/2026 1:00:00 AM,4/16/2026 9:00:00 PM,MIDATL,430.392
4/17/2026 12:00:00 AM,4/16/2026 8:00:00 PM,MIDATL,481.418
4/16/2026 11:00:00 PM,4/16/2026 7:00:00 PM,MIDATL,596.911
4/16/2026 10:00:00 PM,4/16/2026 6:00:00 PM,MIDATL,484.856
4/16/2026 9:00:00 PM,4/16/2026 5:00:00 PM,MIDATL,547.437
4/16/2026 8:00:00 PM,4/16/2026 4:00:00 PM,MIDATL,481.423
4/16/2026 7:00:00 PM,4/16/2026 3:00:00 PM,MIDATL,454.257
4/16/2026 6:00:00 PM,4/16/2026 2:00:00 PM,MIDATL,428.637
4/16/2026 5:00:00 PM,4/16/2026 1:00:00 PM,MIDATL,398.460
4/16/2026 4:00:00 PM,4/16/2026 12:00:00 PM,MIDATL,407.094
4/16/2026 3:00:00 PM,4/16/2026 11:00:00 AM,MIDATL,399.481
4/16/2026 2:00:00 PM,4/16/2026 10:00:00 AM,MIDATL,325.524
4/16/2026 1:00:00 PM,4/16/2026 9:00:00 AM,MIDATL,289.639
4/16/2026 12:00:00 PM,4/16/2026 8:00:00 AM,MIDATL,368.723
4/16/2026 11:00:00 AM,4/16/2026 7:00:00 AM,MIDATL,485.922
4/16/2026 10:00:00 AM,4/16/2026 6:00:00 AM,MIDATL,435.485
4/16/2026 9:00:00 AM,4/16/2026 5:00:00 AM,MIDATL,415.572
4/16/2026 8:00:00 AM,4/16/2026 4:00:00 AM,MIDATL,477.201
4/16/2026 7:00:00 AM,4/16/2026 3:00:00 AM,MIDATL,434.327
4/16/2026 6:00:00 AM,4/16/2026 2:00:00 AM,MIDATL,417.895
4/16/2026 5:00:00 AM,4/16/2026 1:00:00 AM,MIDATL,451.261
4/16/2026 4:00:00 AM,4/16/2026 12:00:00 AM,MIDATL,517.352
4/16/2026 3:00:00 AM,4/15/2026 11:00:00 PM,MIDATL,494.734
4/16/2026 2:00:00 AM,4/15/2026 10:00:00 PM,MIDATL,431.451
4/16/2026 1:00:00 AM,4/15/2026 9:00:00 PM,MIDATL,442.768
4/16/2026 12:00:00 AM,4/15/2026 8:00:00 PM,MIDATL,261.051
4/15/2026 11:00:00 PM,4/15/2026 7:00:00 PM,MIDATL,182.291
4/15/2026 10:00:00 PM,4/15/2026 6:00:00 PM,MIDATL,222.401
4/15/2026 9:00:00 PM,4/15/2026 5:00:00 PM,MIDATL,311.557
4/15/2026 8:00:00 PM,4/15/2026 4:00:00 PM,MIDATL,299.257
4/15/2026 7:00:00 PM,4/15/2026 3:00:00 PM,MIDATL,362.014
4/15/2026 6:00:00 PM,4/15/2026 2:00:00 PM,MIDATL,375.804
4/15/2026 5:00:00 PM,4/15/2026 1:00:00 PM,MIDATL,477.205
4/15/2026 4:00:00 PM,4/15/2026 12:00:00 PM,MIDATL,545.001
4/15/2026 3:00:00 PM,4/15/2026 11:00:00 AM,MIDATL,603.396
4/15/2026 2:00:00 PM,4/15/2026 10:00:00 AM,MIDATL,624.982
4/15/2026 1:00:00 PM,4/15/2026 9:00:00 AM,MIDATL,678.420
4/15/2026 12:00:00 PM,4/15/2026 8:00:00 AM,MIDATL,733.351
4/15/2026 11:00:00 AM,4/15/2026 7:00:00 AM,MIDATL,774.203
4/15/2026 10:00:00 AM,4/15/2026 6:00:00 AM,MIDATL,717.142
4/15/2026 9:00:00 AM,4/15/2026 5:00:00 AM,MIDATL,538.800
4/15/2026 8:00:00 AM,4/15/2026 4:00:00 AM,MIDATL,403.124
4/15/2026 7:00:00 AM,4/15/2026 3:00:00 AM,MIDATL,294.474
4/15/2026 6:00:00 AM,4/15/2026 2:00:00 AM,MIDATL,294.825
4/15/2026 5:00:00 AM,4/15/2026 1:00:00 AM,MIDATL,321.722
4/15/2026 4:00:00 AM,4/15/2026 12:00:00 AM,MIDATL,403.192
4/15/2026 3:00:00 AM,4/14/2026 11:00:00 PM,MIDATL,423.323
4/15/2026 2:00:00 AM,4/14/2026 10:00:00 PM,MIDATL,379.219
4/15/2026 1:00:00 AM,4/14/2026 9:00:00 PM,MIDATL,368.710
4/15/2026 12:00:00 AM,4/14/2026 8:00:00 PM,MIDATL,398.506
4/14/2026 11:00:00 PM,4/14/2026 7:00:00 PM,MIDATL,407.417
4/14/2026 10:00:00 PM,4/14/2026 6:00:00 PM,MIDATL,486.151
4/14/2026 9:00:00 PM,4/14/2026 5:00:00 PM,MIDATL,466.097
4/14/2026 8:00:00 PM,4/14/2026 4:00:00 PM,MIDATL,596.088
4/14/2026 7:00:00 PM,4/14/2026 3:00:00 PM,MIDATL,633.436
4/14/2026 6:00:00 PM,4/14/2026 2:00:00 PM,MIDATL,601.027
4/14/2026 5:00:00 PM,4/14/2026 1:00:00 PM,MIDATL,553.798
4/14/2026 4:00:00 PM,4/14/2026 12:00:00 PM,MIDATL,511.497
4/14/2026 3:00:00 PM,4/14/2026 11:00:00 AM,MIDATL,449.477
4/14/2026 2:00:00 PM,4/14/2026 10:00:00 AM,MIDATL,417.765
4/14/2026 1:00:00 PM,4/14/2026 9:00:00 AM,MIDATL,405.704
4/14/2026 12:00:00 PM,4/14/2026 8:00:00 AM,MIDATL,341.742
4/14/2026 11:00:00 AM,4/14/2026 7:00:00 AM,MIDATL,402.791
4/14/2026 10:00:00 AM,4/14/2026 6:00:00 AM,MIDATL,411.304
4/14/2026 9:00:00 AM,4/14/2026 5:00:00 AM,MIDATL,423.894
4/14/2026 8:00:00 AM,4/14/2026 4:00:00 AM,MIDATL,430.245
4/14/2026 7:00:00 AM,4/14/2026 3:00:00 AM,MIDATL,495.964
4/14/2026 6:00:00 AM,4/14/2026 2:00:00 AM,MIDATL,510.165
4/14/2026 5:00:00 AM,4/14/2026 1:00:00 AM,MIDATL,408.665
4/14/2026 4:00:00 AM,4/14/2026 12:00:00 AM,MIDATL,390.036
4/14/2026 3:00:00 AM,4/13/2026 11:00:00 PM,MIDATL,389.319
4/14/2026 2:00:00 AM,4/13/2026 10:00:00 PM,MIDATL,375.595
4/14/2026 1:00:00 AM,4/13/2026 9:00:00 PM,MIDATL,377.024
4/14/2026 12:00:00 AM,4/13/2026 8:00:00 PM,MIDATL,352.480
4/13/2026 11:00:00 PM,4/13/2026 7:00:00 PM,MIDATL,416.632
4/13/2026 10:00:00 PM,4/13/2026 6:00:00 PM,MIDATL,544.321
4/13/2026 9:00:00 PM,4/13/2026 5:00:00 PM,MIDATL,635.738
4/13/2026 8:00:00 PM,4/13/2026 4:00:00 PM,MIDATL,723.128
4/13/2026 7:00:00 PM,4/13/2026 3:00:00 PM,MIDATL,750.335
4/13/2026 6:00:00 PM,4/13/2026 2:00:00 PM,MIDATL,748.322
4/13/2026 5:00:00 PM,4/13/2026 1:00:00 PM,MIDATL,754.343
4/13/2026 4:00:00 PM,4/13/2026 12:00:00 PM,MIDATL,778.763
4/13/2026 3:00:00 PM,4/13/2026 11:00:00 AM,MIDATL,770.818
4/13/2026 2:00:00 PM,4/13/2026 10:00:00 AM,MIDATL,832.631
4/13/2026 1:00:00 PM,4/13/2026 9:00:00 AM,MIDATL,834.635
4/13/2026 12:00:00 PM,4/13/2026 8:00:00 AM,MIDATL,848.505
4/13/2026 11:00:00 AM,4/13/2026 7:00:00 AM,MIDATL,813.319
4/13/2026 10:00:00 AM,4/13/2026 6:00:00 AM,MIDATL,786.833
4/13/2026 9:00:00 AM,4/13/2026 5:00:00 AM,MIDATL,734.535
4/13/2026 8:00:00 AM,4/13/2026 4:00:00 AM,MIDATL,677.934
4/13/2026 7:00:00 AM,4/13/2026 3:00:00 AM,MIDATL,637.600
4/13/2026 6:00:00 AM,4/13/2026 2:00:00 AM,MIDATL,645.740
4/13/2026 5:00:00 AM,4/13/2026 1:00:00 AM,MIDATL,696.801
4/13/2026 4:00:00 AM,4/13/2026 12:00:00 AM,MIDATL,714.169
4/13/2026 3:00:00 AM,4/12/2026 11:00:00 PM,MIDATL,730.895
4/13/2026 2:00:00 AM,4/12/2026 10:00:00 PM,MIDATL,733.092
4/13/2026 1:00:00 AM,4/12/2026 9:00:00 PM,MIDATL,719.405
4/13/2026 12:00:00 AM,4/12/2026 8:00:00 PM,MIDATL,668.740
4/12/2026 11:00:00 PM,4/12/2026 7:00:00 PM,MIDATL,607.288
4/12/2026 10:00:00 PM,4/12/2026 6:00:00 PM,MIDATL,535.154
4/12/2026 9:00:00 PM,4/12/2026 5:00:00 PM,MIDATL,472.106
4/12/2026 8:00:00 PM,4/12/2026 4:00:00 PM,MIDATL,460.972
4/12/2026 7:00:00 PM,4/12/2026 3:00:00 PM,MIDATL,454.744
4/12/2026 6:00:00 PM,4/12/2026 2:00:00 PM,MIDATL,437.642
4/12/2026 5:00:00 PM,4/12/2026 1:00:00 PM,MIDATL,419.260
4/12/2026 4:00:00 PM,4/12/2026 12:00:00 PM,MIDATL,384.880
4/12/2026 3:00:00 PM,4/12/2026 11:00:00 AM,MIDATL,467.266
4/12/2026 2:00:00 PM,4/12/2026 10:00:00 AM,MIDATL,538.095
4/12/2026 1:00:00 PM,4/12/2026 9:00:00 AM,MIDATL,544.572
4/12/2026 12:00:00 PM,4/12/2026 8:00:00 AM,MIDATL,497.402
4/12/2026 11:00:00 AM,4/12/2026 7:00:00 AM,MIDATL,509.828
4/12/2026 10:00:00 AM,4/12/2026 6:00:00 AM,MIDATL,467.010
4/12/2026 9:00:00 AM,4/12/2026 5:00:00 AM,MIDATL,398.918
4/12/2026 8:00:00 AM,4/12/2026 4:00:00 AM,MIDATL,326.248
4/12/2026 7:00:00 AM,4/12/2026 3:00:00 AM,MIDATL,253.191
4/12/2026 6:00:00 AM,4/12/2026 2:00:00 AM,MIDATL,158.590
4/12/2026 5:00:00 AM,4/12/2026 1:00:00 AM,MIDATL,106.476
4/12/2026 4:00:00 AM,4/12/2026 12:00:00 AM,MIDATL,110.917
4/12/2026 3:00:00 AM,4/11/2026 11:00:00 PM,MIDATL,159.389
4/12/2026 2:00:00 AM,4/11/2026 10:00:00 PM,MIDATL,159.715
4/12/2026 1:00:00 AM,4/11/2026 9:00:00 PM,MIDATL,110.723
4/12/2026 12:00:00 AM,4/11/2026 8:00:00 PM,MIDATL,124.439
4/11/2026 11:00:00 PM,4/11/2026 7:00:00 PM,MIDATL,133.351
4/11/2026 10:00:00 PM,4/11/2026 6:00:00 PM,MIDATL,155.919
4/11/2026 9:00:00 PM,4/11/2026 5:00:00 PM,MIDATL,181.054
4/11/2026 8:00:00 PM,4/11/2026 4:00:00 PM,MIDATL,239.081
4/11/2026 7:00:00 PM,4/11/2026 3:00:00 PM,MIDATL,269.210
4/11/2026 6:00:00 PM,4/11/2026 2:00:00 PM,MIDATL,265.848
4/11/2026 5:00:00 PM,4/11/2026 1:00:00 PM,MIDATL,239.459
4/11/2026 4:00:00 PM,4/11/2026 12:00:00 PM,MIDATL,240.826
4/11/2026 3:00:00 PM,4/11/2026 11:00:00 AM,MIDATL,275.286
4/11/2026 2:00:00 PM,4/11/2026 10:00:00 AM,MIDATL,341.957
4/11/2026 1:00:00 PM,4/11/2026 9:00:00 AM,MIDATL,380.969
4/11/2026 12:00:00 PM,4/11/2026 8:00:00 AM,MIDATL,347.199
4/11/2026 11:00:00 AM,4/11/2026 7:00:00 AM,MIDATL,334.496
4/11/2026 10:00:00 AM,4/11/2026 6:00:00 AM,MIDATL,336.652
4/11/2026 9:00:00 AM,4/11/2026 5:00:00 AM,MIDATL,390.813
4/11/2026 8:00:00 AM,4/11/2026 4:00:00 AM,MIDATL,507.582
4/11/2026 7:00:00 AM,4/11/2026 3:00:00 AM,MIDATL,536.760
4/11/2026 6:00:00 AM,4/11/2026 2:00:00 AM,MIDATL,520.476
4/11/2026 5:00:00 AM,4/11/2026 1:00:00 AM,MIDATL,532.235
4/11/2026 4:00:00 AM,4/11/2026 12:00:00 AM,MIDATL,474.831
4/11/2026 3:00:00 AM,4/10/2026 11:00:00 PM,MIDATL,468.769
4/11/2026 2:00:00 AM,4/10/2026 10:00:00 PM,MIDATL,418.138
4/11/2026 1:00:00 AM,4/10/2026 9:00:00 PM,MIDATL,443.265
4/11/2026 12:00:00 AM,4/10/2026 8:00:00 PM,MIDATL,562.413
4/10/2026 11:00:00 PM,4/10/2026 7:00:00 PM,MIDATL,525.730
4/10/2026 10:00:00 PM,4/10/2026 6:00:00 PM,MIDATL,619.742
4/10/2026 9:00:00 PM,4/10/2026 5:00:00 PM,MIDATL,631.927
4/10/2026 8:00:00 PM,4/10/2026 4:00:00 PM,MIDATL,616.333
4/10/2026 7:00:00 PM,4/10/2026 3:00:00 PM,MIDATL,590.542
4/10/2026 6:00:00 PM,4/10/2026 2:00:00 PM,MIDATL,566.509
4/10/2026 5:00:00 PM,4/10/2026 1:00:00 PM,MIDATL,594.028
4/10/2026 4:00:00 PM,4/10/2026 12:00:00 PM,MIDATL,546.021
4/10/2026 3:00:00 PM,4/10/2026 11:00:00 AM,MIDATL,389.822
4/10/2026 2:00:00 PM,4/10/2026 10:00:00 AM,MIDATL,273.609
4/10/2026 1:00:00 PM,4/10/2026 9:00:00 AM,MIDATL,299.904
4/10/2026 12:00:00 PM,4/10/2026 8:00:00 AM,MIDATL,471.525
4/10/2026 11:00:00 AM,4/10/2026 7:00:00 AM,MIDATL,562.951
4/10/2026 10:00:00 AM,4/10/2026 6:00:00 AM,MIDATL,548.068
4/10/2026 9:00:00 AM,4/10/2026 5:00:00 AM,MIDATL,499.625
4/10/2026 8:00:00 AM,4/10/2026 4:00:00 AM,MIDATL,447.176
4/10/2026 7:00:00 AM,4/10/2026 3:00:00 AM,MIDATL,439.443
4/10/2026 6:00:00 AM,4/10/2026 2:00:00 AM,MIDATL,502.924
4/10/2026 5:00:00 AM,4/10/2026 1:00:00 AM,MIDATL,513.054
4/10/2026 4:00:00 AM,4/10/2026 12:00:00 AM,MIDATL,532.454
4/10/2026 3:00:00 AM,4/9/2026 11:00:00 PM,MIDATL,553.536
4/10/2026 2:00:00 AM,4/9/2026 10:00:00 PM,MIDATL,531.969
4/10/2026 1:00:00 AM,4/9/2026 9:00:00 PM,MIDATL,534.523
4/10/2026 12:00:00 AM,4/9/2026 8:00:00 PM,MIDATL,568.255
4/9/2026 11:00:00 PM,4/9/2026 7:00:00 PM,MIDATL,534.896
4/9/2026 10:00:00 PM,4/9/2026 6:00:00 PM,MIDATL,577.483
4/9/2026 9:00:00 PM,4/9/2026 5:00:00 PM,MIDATL,554.208
4/9/2026 8:00:00 PM,4/9/2026 4:00:00 PM,MIDATL,516.224
4/9/2026 7:00:00 PM,4/9/2026 3:00:00 PM,MIDATL,477.000
4/9/2026 6:00:00 PM,4/9/2026 2:00:00 PM,MIDATL,452.085
4/9/2026 5:00:00 PM,4/9/2026 1:00:00 PM,MIDATL,406.448
4/9/2026 4:00:00 PM,4/9/2026 12:00:00 PM,MIDATL,370.515
4/9/2026 3:00:00 PM,4/9/2026 11:00:00 AM,MIDATL,366.133
4/9/2026 2:00:00 PM,4/9/2026 10:00:00 AM,MIDATL,385.278
4/9/2026 1:00:00 PM,4/9/2026 9:00:00 AM,MIDATL,444.639
4/9/2026 12:00:00 PM,4/9/2026 8:00:00 AM,MIDATL,545.056
4/9/2026 11:00:00 AM,4/9/2026 7:00:00 AM,MIDATL,619.206
4/9/2026 10:00:00 AM,4/9/2026 6:00:00 AM,MIDATL,666.180
4/9/2026 9:00:00 AM,4/9/2026 5:00:00 AM,MIDATL,650.488
4/9/2026 8:00:00 AM,4/9/2026 4:00:00 AM,MIDATL,641.623
4/9/2026 7:00:00 AM,4/9/2026 3:00:00 AM,MIDATL,680.037
4/9/2026 6:00:00 AM,4/9/2026 2:00:00 AM,MIDATL,752.634
4/9/2026 5:00:00 AM,4/9/2026 1:00:00 AM,MIDATL,809.776
4/9/2026 4:00:00 AM,4/9/2026 12:00:00 AM,MIDATL,794.530
4/9/2026 3:00:00 AM,4/8/2026 11:00:00 PM,MIDATL,772.798
4/9/2026 2:00:00 AM,4/8/2026 10:00:00 PM,MIDATL,742.230
4/9/2026 1:00:00 AM,4/8/2026 9:00:00 PM,MIDATL,715.132
4/9/2026 12:00:00 AM,4/8/2026 8:00:00 PM,MIDATL,614.033
4/8/2026 11:00:00 PM,4/8/2026 7:00:00 PM,MIDATL,419.022
4/8/2026 10:00:00 PM,4/8/2026 6:00:00 PM,MIDATL,342.691
4/8/2026 9:00:00 PM,4/8/2026 5:00:00 PM,MIDATL,272.422
4/8/2026 8:00:00 PM,4/8/2026 4:00:00 PM,MIDATL,217.197
4/8/2026 7:00:00 PM,4/8/2026 3:00:00 PM,MIDATL,198.991
4/8/2026 6:00:00 PM,4/8/2026 2:00:00 PM,MIDATL,176.757
4/8/2026 5:00:00 PM,4/8/2026 1:00:00 PM,MIDATL,147.335
4/8/2026 4:00:00 PM,4/8/2026 12:00:00 PM,MIDATL,144.844
4/8/2026 3:00:00 PM,4/8/2026 11:00:00 AM,MIDATL,144.654
4/8/2026 2:00:00 PM,4/8/2026 10:00:00 AM,MIDATL,112.622
4/8/2026 1:00:00 PM,4/8/2026 9:00:00 AM,MIDATL,144.735
4/8/2026 12:00:00 PM,4/8/2026 8:00:00 AM,MIDATL,173.135
4/8/2026 11:00:00 AM,4/8/2026 7:00:00 AM,MIDATL,205.634
4/8/2026 10:00:00 AM,4/8/2026 6:00:00 AM,MIDATL,191.328
4/8/2026 9:00:00 AM,4/8/2026 5:00:00 AM,MIDATL,193.444
4/8/2026 8:00:00 AM,4/8/2026 4:00:00 AM,MIDATL,108.085
4/8/2026 7:00:00 AM,4/8/2026 3:00:00 AM,MIDATL,71.186
4/8/2026 6:00:00 AM,4/8/2026 2:00:00 AM,MIDATL,67.215
4/8/2026 5:00:00 AM,4/8/2026 1:00:00 AM,MIDATL,64.751
4/8/2026 4:00:00 AM,4/8/2026 12:00:00 AM,MIDATL,83.564
4/8/2026 3:00:00 AM,4/7/2026 11:00:00 PM,MIDATL,98.983
4/8/2026 2:00:00 AM,4/7/2026 10:00:00 PM,MIDATL,156.085
4/8/2026 1:00:00 AM,4/7/2026 9:00:00 PM,MIDATL,167.544
4/8/2026 12:00:00 AM,4/7/2026 8:00:00 PM,MIDATL,175.101
4/7/2026 11:00:00 PM,4/7/2026 7:00:00 PM,MIDATL,245.092
4/7/2026 10:00:00 PM,4/7/2026 6:00:00 PM,MIDATL,379.994
4/7/2026 9:00:00 PM,4/7/2026 5:00:00 PM,MIDATL,460.364
4/7/2026 8:00:00 PM,4/7/2026 4:00:00 PM,MIDATL,553.515
4/7/2026 7:00:00 PM,4/7/2026 3:00:00 PM,MIDATL,582.499
4/7/2026 6:00:00 PM,4/7/2026 2:00:00 PM,MIDATL,617.278
4/7/2026 5:00:00 PM,4/7/2026 1:00:00 PM,MIDATL,676.011
4/7/2026 4:00:00 PM,4/7/2026 12:00:00 PM,MIDATL,727.320
4/7/2026 3:00:00 PM,4/7/2026 11:00:00 AM,MIDATL,748.570
4/7/2026 2:00:00 PM,4/7/2026 10:00:00 AM,MIDATL,763.236
4/7/2026 1:00:00 PM,4/7/2026 9:00:00 AM,MIDATL,785.877
4/7/2026 12:00:00 PM,4/7/2026 8:00:00 AM,MIDATL,761.998
4/7/2026 11:00:00 AM,4/7/2026 7:00:00 AM,MIDATL,705.052
4/7/2026 10:00:00 AM,4/7/2026 6:00:00 AM,MIDATL,716.534
4/7/2026 9:00:00 AM,4/7/2026 5:00:00 AM,MIDATL,660.430
4/7/2026 8:00:00 AM,4/7/2026 4:00:00 AM,MIDATL,567.098
4/7/2026 7:00:00 AM,4/7/2026 3:00:00 AM,MIDATL,460.656
4/7/2026 6:00:00 AM,4/7/2026 2:00:00 AM,MIDATL,401.851
4/7/2026 5:00:00 AM,4/7/2026 1:00:00 AM,MIDATL,374.147
4/7/2026 4:00:00 AM,4/7/2026 12:00:00 AM,MIDATL,308.543
4/7/2026 3:00:00 AM,4/6/2026 11:00:00 PM,MIDATL,199.456
4/7/2026 2:00:00 AM,4/6/2026 10:00:00 PM,MIDATL,82.760
4/7/2026 1:00:00 AM,4/6/2026 9:00:00 PM,MIDATL,88.931
4/7/2026 12:00:00 AM,4/6/2026 8:00:00 PM,MIDATL,104.571
4/6/2026 11:00:00 PM,4/6/2026 7:00:00 PM,MIDATL,164.249
4/6/2026 10:00:00 PM,4/6/2026 6:00:00 PM,MIDATL,268.823
4/6/2026 9:00:00 PM,4/6/2026 5:00:00 PM,MIDATL,329.024
4/6/2026 8:00:00 PM,4/6/2026 4:00:00 PM,MIDATL,299.809
4/6/2026 7:00:00 PM,4/6/2026 3:00:00 PM,MIDATL,342.811
4/6/2026 6:00:00 PM,4/6/2026 2:00:00 PM,MIDATL,303.762
4/6/2026 5:00:00 PM,4/6/2026 1:00:00 PM,MIDATL,280.085
4/6/2026 4:00:00 PM,4/6/2026 12:00:00 PM,MIDATL,403.161
4/6/2026 3:00:00 PM,4/6/2026 11:00:00 AM,MIDATL,436.489
4/6/2026 2:00:00 PM,4/6/2026 10:00:00 AM,MIDATL,459.436
4/6/2026 1:00:00 PM,4/6/2026 9:00:00 AM,MIDATL,581.612
4/6/2026 12:00:00 PM,4/6/2026 8:00:00 AM,MIDATL,600.282
4/6/2026 11:00:00 AM,4/6/2026 7:00:00 AM,MIDATL,608.001
4/6/2026 10:00:00 AM,4/6/2026 6:00:00 AM,MIDATL,652.973
4/6/2026 9:00:00 AM,4/6/2026 5:00:00 AM,MIDATL,752.708
4/6/2026 8:00:00 AM,4/6/2026 4:00:00 AM,MIDATL,793.880
4/6/2026 7:00:00 AM,4/6/2026 3:00:00 AM,MIDATL,818.179
4/6/2026 6:00:00 AM,4/6/2026 2:00:00 AM,MIDATL,775.574
4/6/2026 5:00:00 AM,4/6/2026 1:00:00 AM,MIDATL,839.141
4/6/2026 4:00:00 AM,4/6/2026 12:00:00 AM,MIDATL,810.288
4/6/2026 3:00:00 AM,4/5/2026 11:00:00 PM,MIDATL,802.411
4/6/2026 2:00:00 AM,4/5/2026 10:00:00 PM,MIDATL,787.601
4/6/2026 1:00:00 AM,4/5/2026 9:00:00 PM,MIDATL,791.131
4/6/2026 12:00:00 AM,4/5/2026 8:00:00 PM,MIDATL,811.719
4/5/2026 11:00:00 PM,4/5/2026 7:00:00 PM,MIDATL,823.890
4/5/2026 10:00:00 PM,4/5/2026 6:00:00 PM,MIDATL,805.618
4/5/2026 9:00:00 PM,4/5/2026 5:00:00 PM,MIDATL,826.868
4/5/2026 8:00:00 PM,4/5/2026 4:00:00 PM,MIDATL,783.048
4/5/2026 7:00:00 PM,4/5/2026 3:00:00 PM,MIDATL,765.924
4/5/2026 6:00:00 PM,4/5/2026 2:00:00 PM,MIDATL,767.393
4/5/2026 5:00:00 PM,4/5/2026 1:00:00 PM,MIDATL,737.577
4/5/2026 4:00:00 PM,4/5/2026 12:00:00 PM,MIDATL,642.214
4/5/2026 3:00:00 PM,4/5/2026 11:00:00 AM,MIDATL,602.430
4/5/2026 2:00:00 PM,4/5/2026 10:00:00 AM,MIDATL,632.083
4/5/2026 1:00:00 PM,4/5/2026 9:00:00 AM,MIDATL,681.069
4/5/2026 12:00:00 PM,4/5/2026 8:00:00 AM,MIDATL,607.041
4/5/2026 11:00:00 AM,4/5/2026 7:00:00 AM,MIDATL,661.978
4/5/2026 10:00:00 AM,4/5/2026 6:00:00 AM,MIDATL,592.608
4/5/2026 9:00:00 AM,4/5/2026 5:00:00 AM,MIDATL,697.215
4/5/2026 8:00:00 AM,4/5/2026 4:00:00 AM,MIDATL,722.933
4/5/2026 7:00:00 AM,4/5/2026 3:00:00 AM,MIDATL,776.003
4/5/2026 6:00:00 AM,4/5/2026 2:00:00 AM,MIDATL,628.330
4/5/2026 5:00:00 AM,4/5/2026 1:00:00 AM,MIDATL,684.255
4/5/2026 4:00:00 AM,4/5/2026 12:00:00 AM,MIDATL,711.052
4/5/2026 3:00:00 AM,4/4/2026 11:00:00 PM,MIDATL,720.016
4/5/2026 2:00:00 AM,4/4/2026 10:00:00 PM,MIDATL,722.707
4/5/2026 1:00:00 AM,4/4/2026 9:00:00 PM,MIDATL,737.286
4/5/2026 12:00:00 AM,4/4/2026 8:00:00 PM,MIDATL,709.163
4/4/2026 11:00:00 PM,4/4/2026 7:00:00 PM,MIDATL,611.248
4/4/2026 10:00:00 PM,4/4/2026 6:00:00 PM,MIDATL,501.456
4/4/2026 9:00:00 PM,4/4/2026 5:00:00 PM,MIDATL,334.963
4/4/2026 8:00:00 PM,4/4/2026 4:00:00 PM,MIDATL,311.734
4/4/2026 7:00:00 PM,4/4/2026 3:00:00 PM,MIDATL,227.134
4/4/2026 6:00:00 PM,4/4/2026 2:00:00 PM,MIDATL,145.434
4/4/2026 5:00:00 PM,4/4/2026 1:00:00 PM,MIDATL,118.849
4/4/2026 4:00:00 PM,4/4/2026 12:00:00 PM,MIDATL,86.281
4/4/2026 3:00:00 PM,4/4/2026 11:00:00 AM,MIDATL,66.949
4/4/2026 2:00:00 PM,4/4/2026 10:00:00 AM,MIDATL,56.656
4/4/2026 1:00:00 PM,4/4/2026 9:00:00 AM,MIDATL,40.919
4/4/2026 12:00:00 PM,4/4/2026 8:00:00 AM,MIDATL,56.350
4/4/2026 11:00:00 AM,4/4/2026 7:00:00 AM,MIDATL,112.744
4/4/2026 10:00:00 AM,4/4/2026 6:00:00 AM,MIDATL,122.847
4/4/2026 9:00:00 AM,4/4/2026 5:00:00 AM,MIDATL,119.708
4/4/2026 8:00:00 AM,4/4/2026 4:00:00 AM,MIDATL,174.175
4/4/2026 7:00:00 AM,4/4/2026 3:00:00 AM,MIDATL,188.414
4/4/2026 6:00:00 AM,4/4/2026 2:00:00 AM,MIDATL,182.947
4/4/2026 5:00:00 AM,4/4/2026 1:00:00 AM,MIDATL,261.905
4/4/2026 4:00:00 AM,4/4/2026 12:00:00 AM,MIDATL,386.562
4/4/2026 3:00:00 AM,4/3/2026 11:00:00 PM,MIDATL,412.743
4/4/2026 2:00:00 AM,4/3/2026 10:00:00 PM,MIDATL,461.357
4/4/2026 1:00:00 AM,4/3/2026 9:00:00 PM,MIDATL,434.554
4/4/2026 12:00:00 AM,4/3/2026 8:00:00 PM,MIDATL,430.131
4/3/2026 11:00:00 PM,4/3/2026 7:00:00 PM,MIDATL,483.880
4/3/2026 10:00:00 PM,4/3/2026 6:00:00 PM,MIDATL,506.969
4/3/2026 9:00:00 PM,4/3/2026 5:00:00 PM,MIDATL,524.689
4/3/2026 8:00:00 PM,4/3/2026 4:00:00 PM,MIDATL,485.580
4/3/2026 7:00:00 PM,4/3/2026 3:00:00 PM,MIDATL,512.606
4/3/2026 6:00:00 PM,4/3/2026 2:00:00 PM,MIDATL,571.537
4/3/2026 5:00:00 PM,4/3/2026 1:00:00 PM,MIDATL,547.058
4/3/2026 4:00:00 PM,4/3/2026 12:00:00 PM,MIDATL,571.688
4/3/2026 3:00:00 PM,4/3/2026 11:00:00 AM,MIDATL,585.291
4/3/2026 2:00:00 PM,4/3/2026 10:00:00 AM,MIDATL,511.749
4/3/2026 1:00:00 PM,4/3/2026 9:00:00 AM,MIDATL,552.755
4/3/2026 12:00:00 PM,4/3/2026 8:00:00 AM,MIDATL,647.780
4/3/2026 11:00:00 AM,4/3/2026 7:00:00 AM,MIDATL,705.800
4/3/2026 10:00:00 AM,4/3/2026 6:00:00 AM,MIDATL,726.818
4/3/2026 9:00:00 AM,4/3/2026 5:00:00 AM,MIDATL,742.294
4/3/2026 8:00:00 AM,4/3/2026 4:00:00 AM,MIDATL,777.652
4/3/2026 7:00:00 AM,4/3/2026 3:00:00 AM,MIDATL,782.208
4/3/2026 6:00:00 AM,4/3/2026 2:00:00 AM,MIDATL,808.221
4/3/2026 5:00:00 AM,4/3/2026 1:00:00 AM,MIDATL,857.255
4/3/2026 4:00:00 AM,4/3/2026 12:00:00 AM,MIDATL,892.080
4/3/2026 3:00:00 AM,4/2/2026 11:00:00 PM,MIDATL,921.273
4/3/2026 2:00:00 AM,4/2/2026 10:00:00 PM,MIDATL,924.978
4/3/2026 1:00:00 AM,4/2/2026 9:00:00 PM,MIDATL,918.223
4/3/2026 12:00:00 AM,4/2/2026 8:00:00 PM,MIDATL,878.260
4/2/2026 11:00:00 PM,4/2/2026 7:00:00 PM,MIDATL,852.635
4/2/2026 10:00:00 PM,4/2/2026 6:00:00 PM,MIDATL,791.132
4/2/2026 9:00:00 PM,4/2/2026 5:00:00 PM,MIDATL,714.531
4/2/2026 8:00:00 PM,4/2/2026 4:00:00 PM,MIDATL,609.968
4/2/2026 7:00:00 PM,4/2/2026 3:00:00 PM,MIDATL,493.306
4/2/2026 6:00:00 PM,4/2/2026 2:00:00 PM,MIDATL,396.391
4/2/2026 5:00:00 PM,4/2/2026 1:00:00 PM,MIDATL,417.808
4/2/2026 4:00:00 PM,4/2/2026 12:00:00 PM,MIDATL,416.547
4/2/2026 3:00:00 PM,4/2/2026 11:00:00 AM,MIDATL,437.810
4/2/2026 2:00:00 PM,4/2/2026 10:00:00 AM,MIDATL,489.370
4/2/2026 1:00:00 PM,4/2/2026 9:00:00 AM,MIDATL,457.552
4/2/2026 12:00:00 PM,4/2/2026 8:00:00 AM,MIDATL,414.785
4/2/2026 11:00:00 AM,4/2/2026 7:00:00 AM,MIDATL,388.401
4/2/2026 10:00:00 AM,4/2/2026 6:00:00 AM,MIDATL,355.031
4/2/2026 9:00:00 AM,4/2/2026 5:00:00 AM,MIDATL,321.552
4/2/2026 8:00:00 AM,4/2/2026 4:00:00 AM,MIDATL,312.701
4/2/2026 7:00:00 AM,4/2/2026 3:00:00 AM,MIDATL,328.845
4/2/2026 6:00:00 AM,4/2/2026 2:00:00 AM,MIDATL,282.014
4/2/2026 5:00:00 AM,4/2/2026 1:00:00 AM,MIDATL,222.617
4/2/2026 4:00:00 AM,4/2/2026 12:00:00 AM,MIDATL,216.639
4/2/2026 3:00:00 AM,4/1/2026 11:00:00 PM,MIDATL,253.439
4/2/2026 2:00:00 AM,4/1/2026 10:00:00 PM,MIDATL,246.287
4/2/2026 1:00:00 AM,4/1/2026 9:00:00 PM,MIDATL,326.843
4/2/2026 12:00:00 AM,4/1/2026 8:00:00 PM,MIDATL,229.434
4/1/2026 11:00:00 PM,4/1/2026 7:00:00 PM,MIDATL,174.286
4/1/2026 10:00:00 PM,4/1/2026 6:00:00 PM,MIDATL,154.406
4/1/2026 9:00:00 PM,4/1/2026 5:00:00 PM,MIDATL,103.659
4/1/2026 8:00:00 PM,4/1/2026 4:00:00 PM,MIDATL,94.547
4/1/2026 7:00:00 PM,4/1/2026 3:00:00 PM,MIDATL,117.391
4/1/2026 6:00:00 PM,4/1/2026 2:00:00 PM,MIDATL,119.229
4/1/2026 5:00:00 PM,4/1/2026 1:00:00 PM,MIDATL,112.642
4/1/2026 4:00:00 PM,4/1/2026 12:00:00 PM,MIDATL,126.301
4/1/2026 3:00:00 PM,4/1/2026 11:00:00 AM,MIDATL,231.569
4/1/2026 2:00:00 PM,4/1/2026 10:00:00 AM,MIDATL,325.484
4/1/2026 1:00:00 PM,4/1/2026 9:00:00 AM,MIDATL,434.687
4/1/2026 12:00:00 PM,4/1/2026 8:00:00 AM,MIDATL,388.415
4/1/2026 11:00:00 AM,4/1/2026 7:00:00 AM,MIDATL,456.697
4/1/2026 10:00:00 AM,4/1/2026 6:00:00 AM,MIDATL,497.814
4/1/2026 9:00:00 AM,4/1/2026 5:00:00 AM,MIDATL,542.020
4/1/2026 8:00:00 AM,4/1/2026 4:00:00 AM,MIDATL,540.046
4/1/2026 7:00:00 AM,4/1/2026 3:00:00 AM,MIDATL,527.719
4/1/2026 6:00:00 AM,4/1/2026 2:00:00 AM,MIDATL,502.405
4/1/2026 5:00:00 AM,4/1/2026 1:00:00 AM,MIDATL,596.969
4/1/2026 4:00:00 AM,4/1/2026 12:00:00 AM,MIDATL,574.100
4/1/2026 3:00:00 AM,3/31/2026 11:00:00 PM,MIDATL,664.169
4/1/2026 2:00:00 AM,3/31/2026 10:00:00 PM,MIDATL,654.252
4/1/2026 1:00:00 AM,3/31/2026 9:00:00 PM,MIDATL,593.724
4/1/2026 12:00:00 AM,3/31/2026 8:00:00 PM,MIDATL,526.093
3/31/2026 11:00:00 PM,3/31/2026 7:00:00 PM,MIDATL,608.186
3/31/2026 10:00:00 PM,3/31/2026 6:00:00 PM,MIDATL,710.677
3/31/2026 9:00:00 PM,3/31/2026 5:00:00 PM,MIDATL,779.229
3/31/2026 8:00:00 PM,3/31/2026 4:00:00 PM,MIDATL,799.199
3/31/2026 7:00:00 PM,3/31/2026 3:00:00 PM,MIDATL,741.734
3/31/2026 6:00:00 PM,3/31/2026 2:00:00 PM,MIDATL,624.269
3/31/2026 5:00:00 PM,3/31/2026 1:00:00 PM,MIDATL,569.332
3/31/2026 4:00:00 PM,3/31/2026 12:00:00 PM,MIDATL,578.289
3/31/2026 3:00:00 PM,3/31/2026 11:00:00 AM,MIDATL,666.686
3/31/2026 2:00:00 PM,3/31/2026 10:00:00 AM,MIDATL,756.821
3/31/2026 1:00:00 PM,3/31/2026 9:00:00 AM,MIDATL,772.543
3/31/2026 12:00:00 PM,3/31/2026 8:00:00 AM,MIDATL,801.475
3/31/2026 11:00:00 AM,3/31/2026 7:00:00 AM,MIDATL,848.134
3/31/2026 10:00:00 AM,3/31/2026 6:00:00 AM,MIDATL,869.172
3/31/2026 9:00:00 AM,3/31/2026 5:00:00 AM,MIDATL,874.201
3/31/2026 8:00:00 AM,3/31/2026 4:00:00 AM,MIDATL,825.564
3/31/2026 7:00:00 AM,3/31/2026 3:00:00 AM,MIDATL,777.618
3/31/2026 6:00:00 AM,3/31/2026 2:00:00 AM,MIDATL,710.723
3/31/2026 5:00:00 AM,3/31/2026 1:00:00 AM,MIDATL,726.994
3/31/2026 4:00:00 AM,3/31/2026 12:00:00 AM,MIDATL,733.352
3/31/2026 3:00:00 AM,3/30/2026 11:00:00 PM,MIDATL,668.210
3/31/2026 2:00:00 AM,3/30/2026 10:00:00 PM,MIDATL,556.034
3/31/2026 1:00:00 AM,3/30/2026 9:00:00 PM,MIDATL,505.408
3/31/2026 12:00:00 AM,3/30/2026 8:00:00 PM,MIDATL,462.392
3/30/2026 11:00:00 PM,3/30/2026 7:00:00 PM,MIDATL,374.655
3/30/2026 10:00:00 PM,3/30/2026 6:00:00 PM,MIDATL,295.090
3/30/2026 9:00:00 PM,3/30/2026 5:00:00 PM,MIDATL,337.978
3/30/2026 8:00:00 PM,3/30/2026 4:00:00 PM,MIDATL,378.318
3/30/2026 7:00:00 PM,3/30/2026 3:00:00 PM,MIDATL,403.195
3/30/2026 6:00:00 PM,3/30/2026 2:00:00 PM,MIDATL,456.862
3/30/2026 5:00:00 PM,3/30/2026 1:00:00 PM,MIDATL,518.286
3/30/2026 4:00:00 PM,3/30/2026 12:00:00 PM,MIDATL,554.039
3/30/2026 3:00:00 PM,3/30/2026 11:00:00 AM,MIDATL,511.942
3/30/2026 2:00:00 PM,3/30/2026 10:00:00 AM,MIDATL,496.653
3/30/2026 1:00:00 PM,3/30/2026 9:00:00 AM,MIDATL,565.222
3/30/2026 12:00:00 PM,3/30/2026 8:00:00 AM,MIDATL,644.191
3/30/2026 11:00:00 AM,3/30/2026 7:00:00 AM,MIDATL,672.585
3/30/2026 10:00:00 AM,3/30/2026 6:00:00 AM,MIDATL,676.623
3/30/2026 9:00:00 AM,3/30/2026 5:00:00 AM,MIDATL,745.280
3/30/2026 8:00:00 AM,3/30/2026 4:00:00 AM,MIDATL,703.611
3/30/2026 7:00:00 AM,3/30/2026 3:00:00 AM,MIDATL,703.537
3/30/2026 6:00:00 AM,3/30/2026 2:00:00 AM,MIDATL,678.072
3/30/2026 5:00:00 AM,3/30/2026 1:00:00 AM,MIDATL,645.982
3/30/2026 4:00:00 AM,3/30/2026 12:00:00 AM,MIDATL,580.540
3/30/2026 3:00:00 AM,3/29/2026 11:00:00 PM,MIDATL,546.860
3/30/2026 2:00:00 AM,3/29/2026 10:00:00 PM,MIDATL,454.352
3/30/2026 1:00:00 AM,3/29/2026 9:00:00 PM,MIDATL,398.204
3/30/2026 12:00:00 AM,3/29/2026 8:00:00 PM,MIDATL,260.523
3/29/2026 11:00:00 PM,3/29/2026 7:00:00 PM,MIDATL,148.859
3/29/2026 10:00:00 PM,3/29/2026 6:00:00 PM,MIDATL,131.147
3/29/2026 9:00:00 PM,3/29/2026 5:00:00 PM,MIDATL,192.290
3/29/2026 8:00:00 PM,3/29/2026 4:00:00 PM,MIDATL,225.432
3/29/2026 7:00:00 PM,3/29/2026 3:00:00 PM,MIDATL,190.922
3/29/2026 6:00:00 PM,3/29/2026 2:00:00 PM,MIDATL,227.356
3/29/2026 5:00:00 PM,3/29/2026 1:00:00 PM,MIDATL,212.679
3/29/2026 4:00:00 PM,3/29/2026 12:00:00 PM,MIDATL,232.043
3/29/2026 3:00:00 PM,3/29/2026 11:00:00 AM,MIDATL,227.895
3/29/2026 2:00:00 PM,3/29/2026 10:00:00 AM,MIDATL,226.718
3/29/2026 1:00:00 PM,3/29/2026 9:00:00 AM,MIDATL,272.521
3/29/2026 12:00:00 PM,3/29/2026 8:00:00 AM,MIDATL,358.645
3/29/2026 11:00:00 AM,3/29/2026 7:00:00 AM,MIDATL,353.343
3/29/2026 10:00:00 AM,3/29/2026 6:00:00 AM,MIDATL,326.580
3/29/2026 9:00:00 AM,3/29/2026 5:00:00 AM,MIDATL,316.166
3/29/2026 8:00:00 AM,3/29/2026 4:00:00 AM,MIDATL,286.527
3/29/2026 7:00:00 AM,3/29/2026 3:00:00 AM,MIDATL,282.422
3/29/2026 6:00:00 AM,3/29/2026 2:00:00 AM,MIDATL,219.770
3/29/2026 5:00:00 AM,3/29/2026 1:00:00 AM,MIDATL,176.719
3/29/2026 4:00:00 AM,3/29/2026 12:00:00 AM,MIDATL,181.688
3/29/2026 3:00:00 AM,3/28/2026 11:00:00 PM,MIDATL,202.305
3/29/2026 2:00:00 AM,3/28/2026 10:00:00 PM,MIDATL,218.477
3/29/2026 1:00:00 AM,3/28/2026 9:00:00 PM,MIDATL,226.362
3/29/2026 12:00:00 AM,3/28/2026 8:00:00 PM,MIDATL,230.339
3/28/2026 11:00:00 PM,3/28/2026 7:00:00 PM,MIDATL,339.923
3/28/2026 10:00:00 PM,3/28/2026 6:00:00 PM,MIDATL,462.108
3/28/2026 9:00:00 PM,3/28/2026 5:00:00 PM,MIDATL,585.544
3/28/2026 8:00:00 PM,3/28/2026 4:00:00 PM,MIDATL,634.411
3/28/2026 7:00:00 PM,3/28/2026 3:00:00 PM,MIDATL,655.714
3/28/2026 6:00:00 PM,3/28/2026 2:00:00 PM,MIDATL,683.184
3/28/2026 5:00:00 PM,3/28/2026 1:00:00 PM,MIDATL,698.778
3/28/2026 4:00:00 PM,3/28/2026 12:00:00 PM,MIDATL,646.666
3/28/2026 3:00:00 PM,3/28/2026 11:00:00 AM,MIDATL,503.238
3/28/2026 2:00:00 PM,3/28/2026 10:00:00 AM,MIDATL,452.788
3/28/2026 1:00:00 PM,3/28/2026 9:00:00 AM,MIDATL,441.753
3/28/2026 12:00:00 PM,3/28/2026 8:00:00 AM,MIDATL,439.898
3/28/2026 11:00:00 AM,3/28/2026 7:00:00 AM,MIDATL,464.821
3/28/2026 10:00:00 AM,3/28/2026 6:00:00 AM,MIDATL,439.806
3/28/2026 9:00:00 AM,3/28/2026 5:00:00 AM,MIDATL,449.475
3/28/2026 8:00:00 AM,3/28/2026 4:00:00 AM,MIDATL,524.260
3/28/2026 7:00:00 AM,3/28/2026 3:00:00 AM,MIDATL,671.787
3/28/2026 6:00:00 AM,3/28/2026 2:00:00 AM,MIDATL,669.782
3/28/2026 5:00:00 AM,3/28/2026 1:00:00 AM,MIDATL,649.936
3/28/2026 4:00:00 AM,3/28/2026 12:00:00 AM,MIDATL,572.412
3/28/2026 3:00:00 AM,3/27/2026 11:00:00 PM,MIDATL,448.425
3/28/2026 2:00:00 AM,3/27/2026 10:00:00 PM,MIDATL,335.953
3/28/2026 1:00:00 AM,3/27/2026 9:00:00 PM,MIDATL,334.697
3/28/2026 12:00:00 AM,3/27/2026 8:00:00 PM,MIDATL,316.908
3/27/2026 11:00:00 PM,3/27/2026 7:00:00 PM,MIDATL,235.475
3/27/2026 10:00:00 PM,3/27/2026 6:00:00 PM,MIDATL,123.618
3/27/2026 9:00:00 PM,3/27/2026 5:00:00 PM,MIDATL,41.544
3/27/2026 8:00:00 PM,3/27/2026 4:00:00 PM,MIDATL,31.234
3/27/2026 7:00:00 PM,3/27/2026 3:00:00 PM,MIDATL,57.781
3/27/2026 6:00:00 PM,3/27/2026 2:00:00 PM,MIDATL,131.709
3/27/2026 5:00:00 PM,3/27/2026 1:00:00 PM,MIDATL,158.891
3/27/2026 4:00:00 PM,3/27/2026 12:00:00 PM,MIDATL,204.411
3/27/2026 3:00:00 PM,3/27/2026 11:00:00 AM,MIDATL,209.677
3/27/2026 2:00:00 PM,3/27/2026 10:00:00 AM,MIDATL,287.336
3/27/2026 1:00:00 PM,3/27/2026 9:00:00 AM,MIDATL,362.642
3/27/2026 12:00:00 PM,3/27/2026 8:00:00 AM,MIDATL,449.103
3/27/2026 11:00:00 AM,3/27/2026 7:00:00 AM,MIDATL,535.514
3/27/2026 10:00:00 AM,3/27/2026 6:00:00 AM,MIDATL,568.513
3/27/2026 9:00:00 AM,3/27/2026 5:00:00 AM,MIDATL,567.774
3/27/2026 8:00:00 AM,3/27/2026 4:00:00 AM,MIDATL,535.710
3/27/2026 7:00:00 AM,3/27/2026 3:00:00 AM,MIDATL,367.892
3/27/2026 6:00:00 AM,3/27/2026 2:00:00 AM,MIDATL,318.347
3/27/2026 5:00:00 AM,3/27/2026 1:00:00 AM,MIDATL,170.174
3/27/2026 4:00:00 AM,3/27/2026 12:00:00 AM,MIDATL,309.792
3/27/2026 3:00:00 AM,3/26/2026 11:00:00 PM,MIDATL,505.206
3/27/2026 2:00:00 AM,3/26/2026 10:00:00 PM,MIDATL,551.129
3/27/2026 1:00:00 AM,3/26/2026 9:00:00 PM,MIDATL,582.345
3/27/2026 12:00:00 AM,3/26/2026 8:00:00 PM,MIDATL,625.702
3/26/2026 11:00:00 PM,3/26/2026 7:00:00 PM,MIDATL,687.598
3/26/2026 10:00:00 PM,3/26/2026 6:00:00 PM,MIDATL,662.906
3/26/2026 9:00:00 PM,3/26/2026 5:00:00 PM,MIDATL,619.264
3/26/2026 8:00:00 PM,3/26/2026 4:00:00 PM,MIDATL,594.755
3/26/2026 7:00:00 PM,3/26/2026 3:00:00 PM,MIDATL,592.735
3/26/2026 6:00:00 PM,3/26/2026 2:00:00 PM,MIDATL,524.470
3/26/2026 5:00:00 PM,3/26/2026 1:00:00 PM,MIDATL,569.124
3/26/2026 4:00:00 PM,3/26/2026 12:00:00 PM,MIDATL,524.856
3/26/2026 3:00:00 PM,3/26/2026 11:00:00 AM,MIDATL,472.516
3/26/2026 2:00:00 PM,3/26/2026 10:00:00 AM,MIDATL,515.726
3/26/2026 1:00:00 PM,3/26/2026 9:00:00 AM,MIDATL,559.827
3/26/2026 12:00:00 PM,3/26/2026 8:00:00 AM,MIDATL,692.100
3/26/2026 11:00:00 AM,3/26/2026 7:00:00 AM,MIDATL,728.862
3/26/2026 10:00:00 AM,3/26/2026 6:00:00 AM,MIDATL,724.240
3/26/2026 9:00:00 AM,3/26/2026 5:00:00 AM,MIDATL,718.935
3/26/2026 8:00:00 AM,3/26/2026 4:00:00 AM,MIDATL,662.866
3/26/2026 7:00:00 AM,3/26/2026 3:00:00 AM,MIDATL,599.878
3/26/2026 6:00:00 AM,3/26/2026 2:00:00 AM,MIDATL,618.843
3/26/2026 5:00:00 AM,3/26/2026 1:00:00 AM,MIDATL,610.695
3/26/2026 4:00:00 AM,3/26/2026 12:00:00 AM,MIDATL,592.415
3/26/2026 3:00:00 AM,3/25/2026 11:00:00 PM,MIDATL,594.762
3/26/2026 2:00:00 AM,3/25/2026 10:00:00 PM,MIDATL,607.683
3/26/2026 1:00:00 AM,3/25/2026 9:00:00 PM,MIDATL,629.105
3/26/2026 12:00:00 AM,3/25/2026 8:00:00 PM,MIDATL,625.477
3/25/2026 11:00:00 PM,3/25/2026 7:00:00 PM,MIDATL,548.448
3/25/2026 10:00:00 PM,3/25/2026 6:00:00 PM,MIDATL,500.196
3/25/2026 9:00:00 PM,3/25/2026 5:00:00 PM,MIDATL,448.593
3/25/2026 8:00:00 PM,3/25/2026 4:00:00 PM,MIDATL,383.892
3/25/2026 7:00:00 PM,3/25/2026 3:00:00 PM,MIDATL,305.693
3/25/2026 6:00:00 PM,3/25/2026 2:00:00 PM,MIDATL,304.214
3/25/2026 5:00:00 PM,3/25/2026 1:00:00 PM,MIDATL,255.274
3/25/2026 4:00:00 PM,3/25/2026 12:00:00 PM,MIDATL,209.556
3/25/2026 3:00:00 PM,3/25/2026 11:00:00 AM,MIDATL,217.470
3/25/2026 2:00:00 PM,3/25/2026 10:00:00 AM,MIDATL,206.618
3/25/2026 1:00:00 PM,3/25/2026 9:00:00 AM,MIDATL,280.318
3/25/2026 12:00:00 PM,3/25/2026 8:00:00 AM,MIDATL,223.004
3/25/2026 11:00:00 AM,3/25/2026 7:00:00 AM,MIDATL,135.144
3/25/2026 10:00:00 AM,3/25/2026 6:00:00 AM,MIDATL,60.932
3/25/2026 9:00:00 AM,3/25/2026 5:00:00 AM,MIDATL,10.022
3/25/2026 8:00:00 AM,3/25/2026 4:00:00 AM,MIDATL,11.951
3/25/2026 7:00:00 AM,3/25/2026 3:00:00 AM,MIDATL,29.634
3/25/2026 6:00:00 AM,3/25/2026 2:00:00 AM,MIDATL,40.210
3/25/2026 5:00:00 AM,3/25/2026 1:00:00 AM,MIDATL,65.820
3/25/2026 4:00:00 AM,3/25/2026 12:00:00 AM,MIDATL,77.858
3/25/2026 3:00:00 AM,3/24/2026 11:00:00 PM,MIDATL,104.540
3/25/2026 2:00:00 AM,3/24/2026 10:00:00 PM,MIDATL,146.614
3/25/2026 1:00:00 AM,3/24/2026 9:00:00 PM,MIDATL,176.774
3/25/2026 12:00:00 AM,3/24/2026 8:00:00 PM,MIDATL,145.329
3/24/2026 11:00:00 PM,3/24/2026 7:00:00 PM,MIDATL,105.860
3/24/2026 10:00:00 PM,3/24/2026 6:00:00 PM,MIDATL,74.973
3/24/2026 9:00:00 PM,3/24/2026 5:00:00 PM,MIDATL,84.061
3/24/2026 8:00:00 PM,3/24/2026 4:00:00 PM,MIDATL,49.770
3/24/2026 7:00:00 PM,3/24/2026 3:00:00 PM,MIDATL,26.620
3/24/2026 6:00:00 PM,3/24/2026 2:00:00 PM,MIDATL,11.694
3/24/2026 5:00:00 PM,3/24/2026 1:00:00 PM,MIDATL,2.635
3/24/2026 4:00:00 PM,3/24/2026 12:00:00 PM,MIDATL,-2.090
3/24/2026 3:00:00 PM,3/24/2026 11:00:00 AM,MIDATL,-4.404
3/24/2026 2:00:00 PM,3/24/2026 10:00:00 AM,MIDATL,-2.585
3/24/2026 1:00:00 PM,3/24/2026 9:00:00 AM,MIDATL,11.010
3/24/2026 12:00:00 PM,3/24/2026 8:00:00 AM,MIDATL,30.433
3/24/2026 11:00:00 AM,3/24/2026 7:00:00 AM,MIDATL,59.730
3/24/2026 10:00:00 AM,3/24/2026 6:00:00 AM,MIDATL,120.707
3/24/2026 9:00:00 AM,3/24/2026 5:00:00 AM,MIDATL,156.762
3/24/2026 8:00:00 AM,3/24/2026 4:00:00 AM,MIDATL,188.749
3/24/2026 7:00:00 AM,3/24/2026 3:00:00 AM,MIDATL,323.671
3/24/2026 6:00:00 AM,3/24/2026 2:00:00 AM,MIDATL,398.892
3/24/2026 5:00:00 AM,3/24/2026 1:00:00 AM,MIDATL,446.954
3/24/2026 4:00:00 AM,3/24/2026 12:00:00 AM,MIDATL,506.877
3/24/2026 3:00:00 AM,3/23/2026 11:00:00 PM,MIDATL,453.564
3/24/2026 2:00:00 AM,3/23/2026 10:00:00 PM,MIDATL,507.998
3/24/2026 1:00:00 AM,3/23/2026 9:00:00 PM,MIDATL,542.165
3/24/2026 12:00:00 AM,3/23/2026 8:00:00 PM,MIDATL,602.471
3/23/2026 11:00:00 PM,3/23/2026 7:00:00 PM,MIDATL,610.309
3/23/2026 10:00:00 PM,3/23/2026 6:00:00 PM,MIDATL,607.303
3/23/2026 9:00:00 PM,3/23/2026 5:00:00 PM,MIDATL,608.197
3/23/2026 8:00:00 PM,3/23/2026 4:00:00 PM,MIDATL,601.776
3/23/2026 7:00:00 PM,3/23/2026 3:00:00 PM,MIDATL,574.239
3/23/2026 6:00:00 PM,3/23/2026 2:00:00 PM,MIDATL,569.051
3/23/2026 5:00:00 PM,3/23/2026 1:00:00 PM,MIDATL,582.854
3/23/2026 4:00:00 PM,3/23/2026 12:00:00 PM,MIDATL,553.969
3/23/2026 3:00:00 PM,3/23/2026 11:00:00 AM,MIDATL,520.770
3/23/2026 2:00:00 PM,3/23/2026 10:00:00 AM,MIDATL,464.906
3/23/2026 1:00:00 PM,3/23/2026 9:00:00 AM,MIDATL,498.106
3/23/2026 12:00:00 PM,3/23/2026 8:00:00 AM,MIDATL,444.925
3/23/2026 11:00:00 AM,3/23/2026 7:00:00 AM,MIDATL,373.883
3/23/2026 10:00:00 AM,3/23/2026 6:00:00 AM,MIDATL,278.871
3/23/2026 9:00:00 AM,3/23/2026 5:00:00 AM,MIDATL,249.238
3/23/2026 8:00:00 AM,3/23/2026 4:00:00 AM,MIDATL,247.245
3/23/2026 7:00:00 AM,3/23/2026 3:00:00 AM,MIDATL,237.850
3/23/2026 6:00:00 AM,3/23/2026 2:00:00 AM,MIDATL,106.700
3/23/2026 5:00:00 AM,3/23/2026 1:00:00 AM,MIDATL,105.799
3/23/2026 4:00:00 AM,3/23/2026 12:00:00 AM,MIDATL,244.826
3/23/2026 3:00:00 AM,3/22/2026 11:00:00 PM,MIDATL,370.433
3/23/2026 2:00:00 AM,3/22/2026 10:00:00 PM,MIDATL,255.067
3/23/2026 1:00:00 AM,3/22/2026 9:00:00 PM,MIDATL,175.915
3/23/2026 12:00:00 AM,3/22/2026 8:00:00 PM,MIDATL,260.894
3/22/2026 11:00:00 PM,3/22/2026 7:00:00 PM,MIDATL,304.492
3/22/2026 10:00:00 PM,3/22/2026 6:00:00 PM,MIDATL,432.796
3/22/2026 9:00:00 PM,3/22/2026 5:00:00 PM,MIDATL,423.346
3/22/2026 8:00:00 PM,3/22/2026 4:00:00 PM,MIDATL,454.395
3/22/2026 7:00:00 PM,3/22/2026 3:00:00 PM,MIDATL,450.886
3/22/2026 6:00:00 PM,3/22/2026 2:00:00 PM,MIDATL,407.333
3/22/2026 5:00:00 PM,3/22/2026 1:00:00 PM,MIDATL,449.242
3/22/2026 4:00:00 PM,3/22/2026 12:00:00 PM,MIDATL,498.275
3/22/2026 3:00:00 PM,3/22/2026 11:00:00 AM,MIDATL,450.719
3/22/2026 2:00:00 PM,3/22/2026 10:00:00 AM,MIDATL,443.725
3/22/2026 1:00:00 PM,3/22/2026 9:00:00 AM,MIDATL,603.673
3/22/2026 12:00:00 PM,3/22/2026 8:00:00 AM,MIDATL,678.968
3/22/2026 11:00:00 AM,3/22/2026 7:00:00 AM,MIDATL,713.119
3/22/2026 10:00:00 AM,3/22/2026 6:00:00 AM,MIDATL,650.861
3/22/2026 9:00:00 AM,3/22/2026 5:00:00 AM,MIDATL,587.250
3/22/2026 8:00:00 AM,3/22/2026 4:00:00 AM,MIDATL,546.547
3/22/2026 7:00:00 AM,3/22/2026 3:00:00 AM,MIDATL,559.036
3/22/2026 6:00:00 AM,3/22/2026 2:00:00 AM,MIDATL,579.681
3/22/2026 5:00:00 AM,3/22/2026 1:00:00 AM,MIDATL,561.244
3/22/2026 4:00:00 AM,3/22/2026 12:00:00 AM,MIDATL,518.658
3/22/2026 3:00:00 AM,3/21/2026 11:00:00 PM,MIDATL,401.158
3/22/2026 2:00:00 AM,3/21/2026 10:00:00 PM,MIDATL,236.957
3/22/2026 1:00:00 AM,3/21/2026 9:00:00 PM,MIDATL,106.135
3/22/2026 12:00:00 AM,3/21/2026 8:00:00 PM,MIDATL,56.217
3/21/2026 11:00:00 PM,3/21/2026 7:00:00 PM,MIDATL,47.621
3/21/2026 10:00:00 PM,3/21/2026 6:00:00 PM,MIDATL,11.920
3/21/2026 9:00:00 PM,3/21/2026 5:00:00 PM,MIDATL,6.041
3/21/2026 8:00:00 PM,3/21/2026 4:00:00 PM,MIDATL,13.254
3/21/2026 7:00:00 PM,3/21/2026 3:00:00 PM,MIDATL,9.304
3/21/2026 6:00:00 PM,3/21/2026 2:00:00 PM,MIDATL,14.509
3/21/2026 5:00:00 PM,3/21/2026 1:00:00 PM,MIDATL,15.129
3/21/2026 4:00:00 PM,3/21/2026 12:00:00 PM,MIDATL,44.234
3/21/2026 3:00:00 PM,3/21/2026 11:00:00 AM,MIDATL,201.359
3/21/2026 2:00:00 PM,3/21/2026 10:00:00 AM,MIDATL,174.492
3/21/2026 1:00:00 PM,3/21/2026 9:00:00 AM,MIDATL,213.295
3/21/2026 12:00:00 PM,3/21/2026 8:00:00 AM,MIDATL,273.458
3/21/2026 11:00:00 AM,3/21/2026 7:00:00 AM,MIDATL,277.791
3/21/2026 10:00:00 AM,3/21/2026 6:00:00 AM,MIDATL,319.171
3/21/2026 9:00:00 AM,3/21/2026 5:00:00 AM,MIDATL,317.642
3/21/2026 8:00:00 AM,3/21/2026 4:00:00 AM,MIDATL,320.761
3/21/2026 7:00:00 AM,3/21/2026 3:00:00 AM,MIDATL,297.846
3/21/2026 6:00:00 AM,3/21/2026 2:00:00 AM,MIDATL,266.071
3/21/2026 5:00:00 AM,3/21/2026 1:00:00 AM,MIDATL,235.174
3/21/2026 4:00:00 AM,3/21/2026 12:00:00 AM,MIDATL,285.406
3/21/2026 3:00:00 AM,3/20/2026 11:00:00 PM,MIDATL,355.082
3/21/2026 2:00:00 AM,3/20/2026 10:00:00 PM,MIDATL,367.874
3/21/2026 1:00:00 AM,3/20/2026 9:00:00 PM,MIDATL,392.000
3/21/2026 12:00:00 AM,3/20/2026 8:00:00 PM,MIDATL,464.446
3/20/2026 11:00:00 PM,3/20/2026 7:00:00 PM,MIDATL,528.178
3/20/2026 10:00:00 PM,3/20/2026 6:00:00 PM,MIDATL,521.876
3/20/2026 9:00:00 PM,3/20/2026 5:00:00 PM,MIDATL,648.689
3/20/2026 8:00:00 PM,3/20/2026 4:00:00 PM,MIDATL,649.706
3/20/2026 7:00:00 PM,3/20/2026 3:00:00 PM,MIDATL,795.479
3/20/2026 6:00:00 PM,3/20/2026 2:00:00 PM,MIDATL,799.872
3/20/2026 5:00:00 PM,3/20/2026 1:00:00 PM,MIDATL,645.278
3/20/2026 4:00:00 PM,3/20/2026 12:00:00 PM,MIDATL,624.843
3/20/2026 3:00:00 PM,3/20/2026 11:00:00 AM,MIDATL,596.217
3/20/2026 2:00:00 PM,3/20/2026 10:00:00 AM,MIDATL,536.291
3/20/2026 1:00:00 PM,3/20/2026 9:00:00 AM,MIDATL,454.934
3/20/2026 12:00:00 PM,3/20/2026 8:00:00 AM,MIDATL,397.012
3/20/2026 11:00:00 AM,3/20/2026 7:00:00 AM,MIDATL,438.381
3/20/2026 10:00:00 AM,3/20/2026 6:00:00 AM,MIDATL,433.428
3/20/2026 9:00:00 AM,3/20/2026 5:00:00 AM,MIDATL,396.137
3/20/2026 8:00:00 AM,3/20/2026 4:00:00 AM,MIDATL,279.626
3/20/2026 7:00:00 AM,3/20/2026 3:00:00 AM,MIDATL,143.439
3/20/2026 6:00:00 AM,3/20/2026 2:00:00 AM,MIDATL,49.651
3/20/2026 5:00:00 AM,3/20/2026 1:00:00 AM,MIDATL,39.712
3/20/2026 4:00:00 AM,3/20/2026 12:00:00 AM,MIDATL,66.366
3/20/2026 3:00:00 AM,3/19/2026 11:00:00 PM,MIDATL,169.915
3/20/2026 2:00:00 AM,3/19/2026 10:00:00 PM,MIDATL,174.090
3/20/2026 1:00:00 AM,3/19/2026 9:00:00 PM,MIDATL,178.208
3/20/2026 12:00:00 AM,3/19/2026 8:00:00 PM,MIDATL,137.467
3/19/2026 11:00:00 PM,3/19/2026 7:00:00 PM,MIDATL,120.242
3/19/2026 10:00:00 PM,3/19/2026 6:00:00 PM,MIDATL,110.450
3/19/2026 9:00:00 PM,3/19/2026 5:00:00 PM,MIDATL,150.677
3/19/2026 8:00:00 PM,3/19/2026 4:00:00 PM,MIDATL,185.355
3/19/2026 7:00:00 PM,3/19/2026 3:00:00 PM,MIDATL,163.587
3/19/2026 6:00:00 PM,3/19/2026 2:00:00 PM,MIDATL,144.034
3/19/2026 5:00:00 PM,3/19/2026 1:00:00 PM,MIDATL,117.194
3/19/2026 4:00:00 PM,3/19/2026 12:00:00 PM,MIDATL,126.011
3/19/2026 3:00:00 PM,3/19/2026 11:00:00 AM,MIDATL,113.183
3/19/2026 2:00:00 PM,3/19/2026 10:00:00 AM,MIDATL,148.245
3/19/2026 1:00:00 PM,3/19/2026 9:00:00 AM,MIDATL,151.860
3/19/2026 12:00:00 PM,3/19/2026 8:00:00 AM,MIDATL,250.370
3/19/2026 11:00:00 AM,3/19/2026 7:00:00 AM,MIDATL,326.268
3/19/2026 10:00:00 AM,3/19/2026 6:00:00 AM,MIDATL,304.864
3/19/2026 9:00:00 AM,3/19/2026 5:00:00 AM,MIDATL,267.299
3/19/2026 8:00:00 AM,3/19/2026 4:00:00 AM,MIDATL,258.869
3/19/2026 7:00:00 AM,3/19/2026 3:00:00 AM,MIDATL,289.950
3/19/2026 6:00:00 AM,3/19/2026 2:00:00 AM,MIDATL,318.071
3/19/2026 5:00:00 AM,3/19/2026 1:00:00 AM,MIDATL,298.049
3/19/2026 4:00:00 AM,3/19/2026 12:00:00 AM,MIDATL,296.876
3/19/2026 3:00:00 AM,3/18/2026 11:00:00 PM,MIDATL,290.253
3/19/2026 2:00:00 AM,3/18/2026 10:00:00 PM,MIDATL,282.350
3/19/2026 1:00:00 AM,3/18/2026 9:00:00 PM,MIDATL,230.699
3/19/2026 12:00:00 AM,3/18/2026 8:00:00 PM,MIDATL,178.343
3/18/2026 11:00:00 PM,3/18/2026 7:00:00 PM,MIDATL,159.748
3/18/2026 10:00:00 PM,3/18/2026 6:00:00 PM,MIDATL,172.648
3/18/2026 9:00:00 PM,3/18/2026 5:00:00 PM,MIDATL,173.523
3/18/2026 8:00:00 PM,3/18/2026 4:00:00 PM,MIDATL,157.856
3/18/2026 7:00:00 PM,3/18/2026 3:00:00 PM,MIDATL,129.942
3/18/2026 6:00:00 PM,3/18/2026 2:00:00 PM,MIDATL,96.270
3/18/2026 5:00:00 PM,3/18/2026 1:00:00 PM,MIDATL,58.284
3/18/2026 4:00:00 PM,3/18/2026 12:00:00 PM,MIDATL,18.231
3/18/2026 3:00:00 PM,3/18/2026 11:00:00 AM,MIDATL,4.367
3/18/2026 2:00:00 PM,3/18/2026 10:00:00 AM,MIDATL,-1.629
3/18/2026 1:00:00 PM,3/18/2026 9:00:00 AM,MIDATL,5.681
3/18/2026 12:00:00 PM,3/18/2026 8:00:00 AM,MIDATL,12.970
3/18/2026 11:00:00 AM,3/18/2026 7:00:00 AM,MIDATL,49.605
3/18/2026 10:00:00 AM,3/18/2026 6:00:00 AM,MIDATL,88.800
3/18/2026 9:00:00 AM,3/18/2026 5:00:00 AM,MIDATL,123.857
3/18/2026 8:00:00 AM,3/18/2026 4:00:00 AM,MIDATL,147.661
3/18/2026 7:00:00 AM,3/18/2026 3:00:00 AM,MIDATL,222.595
3/18/2026 6:00:00 AM,3/18/2026 2:00:00 AM,MIDATL,302.329
3/18/2026 5:00:00 AM,3/18/2026 1:00:00 AM,MIDATL,442.602
3/18/2026 4:00:00 AM,3/18/2026 12:00:00 AM,MIDATL,360.275
3/18/2026 3:00:00 AM,3/17/2026 11:00:00 PM,MIDATL,311.594
3/18/2026 2:00:00 AM,3/17/2026 10:00:00 PM,MIDATL,400.099
3/18/2026 1:00:00 AM,3/17/2026 9:00:00 PM,MIDATL,485.858
3/18/2026 12:00:00 AM,3/17/2026 8:00:00 PM,MIDATL,522.789
3/17/2026 11:00:00 PM,3/17/2026 7:00:00 PM,MIDATL,549.890
3/17/2026 10:00:00 PM,3/17/2026 6:00:00 PM,MIDATL,590.813
3/17/2026 9:00:00 PM,3/17/2026 5:00:00 PM,MIDATL,642.463
3/17/2026 8:00:00 PM,3/17/2026 4:00:00 PM,MIDATL,669.581
3/17/2026 7:00:00 PM,3/17/2026 3:00:00 PM,MIDATL,668.840
3/17/2026 6:00:00 PM,3/17/2026 2:00:00 PM,MIDATL,667.814
3/17/2026 5:00:00 PM,3/17/2026 1:00:00 PM,MIDATL,686.095
3/17/2026 4:00:00 PM,3/17/2026 12:00:00 PM,MIDATL,717.324
3/17/2026 3:00:00 PM,3/17/2026 11:00:00 AM,MIDATL,804.686
3/17/2026 2:00:00 PM,3/17/2026 10:00:00 AM,MIDATL,822.079
3/17/2026 1:00:00 PM,3/17/2026 9:00:00 AM,MIDATL,814.730
3/17/2026 12:00:00 PM,3/17/2026 8:00:00 AM,MIDATL,820.712
3/17/2026 11:00:00 AM,3/17/2026 7:00:00 AM,MIDATL,842.837
3/17/2026 10:00:00 AM,3/17/2026 6:00:00 AM,MIDATL,848.495
3/17/2026 9:00:00 AM,3/17/2026 5:00:00 AM,MIDATL,802.624
3/17/2026 8:00:00 AM,3/17/2026 4:00:00 AM,MIDATL,807.305
3/17/2026 7:00:00 AM,3/17/2026 3:00:00 AM,MIDATL,822.612
3/17/2026 6:00:00 AM,3/17/2026 2:00:00 AM,MIDATL,836.374
3/17/2026 5:00:00 AM,3/17/2026 1:00:00 AM,MIDATL,852.809
3/17/2026 4:00:00 AM,3/17/2026 12:00:00 AM,MIDATL,851.602
3/17/2026 3:00:00 AM,3/16/2026 11:00:00 PM,MIDATL,902.411
3/17/2026 2:00:00 AM,3/16/2026 10:00:00 PM,MIDATL,924.923
3/17/2026 1:00:00 AM,3/16/2026 9:00:00 PM,MIDATL,878.989
3/17/2026 12:00:00 AM,3/16/2026 8:00:00 PM,MIDATL,903.401
3/16/2026 11:00:00 PM,3/16/2026 7:00:00 PM,MIDATL,925.253
3/16/2026 10:00:00 PM,3/16/2026 6:00:00 PM,MIDATL,957.615
3/16/2026 9:00:00 PM,3/16/2026 5:00:00 PM,MIDATL,945.499
3/16/2026 8:00:00 PM,3/16/2026 4:00:00 PM,MIDATL,849.735
3/16/2026 7:00:00 PM,3/16/2026 3:00:00 PM,MIDATL,662.657
3/16/2026 6:00:00 PM,3/16/2026 2:00:00 PM,MIDATL,587.004
3/16/2026 5:00:00 PM,3/16/2026 1:00:00 PM,MIDATL,612.134
3/16/2026 4:00:00 PM,3/16/2026 12:00:00 PM,MIDATL,704.914
3/16/2026 3:00:00 PM,3/16/2026 11:00:00 AM,MIDATL,670.042
3/16/2026 2:00:00 PM,3/16/2026 10:00:00 AM,MIDATL,679.459
3/16/2026 1:00:00 PM,3/16/2026 9:00:00 AM,MIDATL,792.951
3/16/2026 12:00:00 PM,3/16/2026 8:00:00 AM,MIDATL,823.424
3/16/2026 11:00:00 AM,3/16/2026 7:00:00 AM,MIDATL,845.131
3/16/2026 10:00:00 AM,3/16/2026 6:00:00 AM,MIDATL,833.874
3/16/2026 9:00:00 AM,3/16/2026 5:00:00 AM,MIDATL,827.071
3/16/2026 8:00:00 AM,3/16/2026 4:00:00 AM,MIDATL,858.995
3/16/2026 7:00:00 AM,3/16/2026 3:00:00 AM,MIDATL,877.525
3/16/2026 6:00:00 AM,3/16/2026 2:00:00 AM,MIDATL,942.128
3/16/2026 5:00:00 AM,3/16/2026 1:00:00 AM,MIDATL,939.661
3/16/2026 4:00:00 AM,3/16/2026 12:00:00 AM,MIDATL,954.315
3/16/2026 3:00:00 AM,3/15/2026 11:00:00 PM,MIDATL,975.615
3/16/2026 2:00:00 AM,3/15/2026 10:00:00 PM,MIDATL,964.977
3/16/2026 1:00:00 AM,3/15/2026 9:00:00 PM,MIDATL,958.501
3/16/2026 12:00:00 AM,3/15/2026 8:00:00 PM,MIDATL,970.279
3/15/2026 11:00:00 PM,3/15/2026 7:00:00 PM,MIDATL,985.070
3/15/2026 10:00:00 PM,3/15/2026 6:00:00 PM,MIDATL,988.349
3/15/2026 9:00:00 PM,3/15/2026 5:00:00 PM,MIDATL,962.560
3/15/2026 8:00:00 PM,3/15/2026 4:00:00 PM,MIDATL,984.739
3/15/2026 7:00:00 PM,3/15/2026 3:00:00 PM,MIDATL,992.104
3/15/2026 6:00:00 PM,3/15/2026 2:00:00 PM,MIDATL,990.275
3/15/2026 5:00:00 PM,3/15/2026 1:00:00 PM,MIDATL,994.383
3/15/2026 4:00:00 PM,3/15/2026 12:00:00 PM,MIDATL,984.688
3/15/2026 3:00:00 PM,3/15/2026 11:00:00 AM,MIDATL,946.340
3/15/2026 2:00:00 PM,3/15/2026 10:00:00 AM,MIDATL,862.400
3/15/2026 1:00:00 PM,3/15/2026 9:00:00 AM,MIDATL,778.204
3/15/2026 12:00:00 PM,3/15/2026 8:00:00 AM,MIDATL,695.259
3/15/2026 11:00:00 AM,3/15/2026 7:00:00 AM,MIDATL,642.601
3/15/2026 10:00:00 AM,3/15/2026 6:00:00 AM,MIDATL,615.544
3/15/2026 9:00:00 AM,3/15/2026 5:00:00 AM,MIDATL,558.712
3/15/2026 8:00:00 AM,3/15/2026 4:00:00 AM,MIDATL,505.991
3/15/2026 7:00:00 AM,3/15/2026 3:00:00 AM,MIDATL,449.526
3/15/2026 6:00:00 AM,3/15/2026 2:00:00 AM,MIDATL,380.468
3/15/2026 5:00:00 AM,3/15/2026 1:00:00 AM,MIDATL,254.547
3/15/2026 4:00:00 AM,3/15/2026 12:00:00 AM,MIDATL,98.886
3/15/2026 3:00:00 AM,3/14/2026 11:00:00 PM,MIDATL,22.109
3/15/2026 2:00:00 AM,3/14/2026 10:00:00 PM,MIDATL,20.095
3/15/2026 1:00:00 AM,3/14/2026 9:00:00 PM,MIDATL,37.347
3/15/2026 12:00:00 AM,3/14/2026 8:00:00 PM,MIDATL,63.318
3/14/2026 11:00:00 PM,3/14/2026 7:00:00 PM,MIDATL,102.870
3/14/2026 10:00:00 PM,3/14/2026 6:00:00 PM,MIDATL,243.199
3/14/2026 9:00:00 PM,3/14/2026 5:00:00 PM,MIDATL,404.781
3/14/2026 8:00:00 PM,3/14/2026 4:00:00 PM,MIDATL,536.558
3/14/2026 7:00:00 PM,3/14/2026 3:00:00 PM,MIDATL,639.927
3/14/2026 6:00:00 PM,3/14/2026 2:00:00 PM,MIDATL,747.901
3/14/2026 5:00:00 PM,3/14/2026 1:00:00 PM,MIDATL,779.913
3/14/2026 4:00:00 PM,3/14/2026 12:00:00 PM,MIDATL,816.454
3/14/2026 3:00:00 PM,3/14/2026 11:00:00 AM,MIDATL,772.020
3/14/2026 2:00:00 PM,3/14/2026 10:00:00 AM,MIDATL,754.667
3/14/2026 1:00:00 PM,3/14/2026 9:00:00 AM,MIDATL,731.907
3/14/2026 12:00:00 PM,3/14/2026 8:00:00 AM,MIDATL,713.692
3/14/2026 11:00:00 AM,3/14/2026 7:00:00 AM,MIDATL,686.950
3/14/2026 10:00:00 AM,3/14/2026 6:00:00 AM,MIDATL,686.327
3/14/2026 9:00:00 AM,3/14/2026 5:00:00 AM,MIDATL,667.004
3/14/2026 8:00:00 AM,3/14/2026 4:00:00 AM,MIDATL,622.141
3/14/2026 7:00:00 AM,3/14/2026 3:00:00 AM,MIDATL,650.295
3/14/2026 6:00:00 AM,3/14/2026 2:00:00 AM,MIDATL,634.962
3/14/2026 5:00:00 AM,3/14/2026 1:00:00 AM,MIDATL,623.696
3/14/2026 4:00:00 AM,3/14/2026 12:00:00 AM,MIDATL,558.042
3/14/2026 3:00:00 AM,3/13/2026 11:00:00 PM,MIDATL,495.539
3/14/2026 2:00:00 AM,3/13/2026 10:00:00 PM,MIDATL,442.458
3/14/2026 1:00:00 AM,3/13/2026 9:00:00 PM,MIDATL,491.674
3/14/2026 12:00:00 AM,3/13/2026 8:00:00 PM,MIDATL,503.583
3/13/2026 11:00:00 PM,3/13/2026 7:00:00 PM,MIDATL,627.863
3/13/2026 10:00:00 PM,3/13/2026 6:00:00 PM,MIDATL,800.125
3/13/2026 9:00:00 PM,3/13/2026 5:00:00 PM,MIDATL,763.353
3/13/2026 8:00:00 PM,3/13/2026 4:00:00 PM,MIDATL,689.849
3/13/2026 7:00:00 PM,3/13/2026 3:00:00 PM,MIDATL,664.801
3/13/2026 6:00:00 PM,3/13/2026 2:00:00 PM,MIDATL,672.274
3/13/2026 5:00:00 PM,3/13/2026 1:00:00 PM,MIDATL,725.957
3/13/2026 4:00:00 PM,3/13/2026 12:00:00 PM,MIDATL,721.297
3/13/2026 3:00:00 PM,3/13/2026 11:00:00 AM,MIDATL,641.344
3/13/2026 2:00:00 PM,3/13/2026 10:00:00 AM,MIDATL,464.326
3/13/2026 1:00:00 PM,3/13/2026 9:00:00 AM,MIDATL,354.186
3/13/2026 12:00:00 PM,3/13/2026 8:00:00 AM,MIDATL,309.351
3/13/2026 11:00:00 AM,3/13/2026 7:00:00 AM,MIDATL,210.918
3/13/2026 10:00:00 AM,3/13/2026 6:00:00 AM,MIDATL,143.540
3/13/2026 9:00:00 AM,3/13/2026 5:00:00 AM,MIDATL,153.767
3/13/2026 8:00:00 AM,3/13/2026 4:00:00 AM,MIDATL,250.325
3/13/2026 7:00:00 AM,3/13/2026 3:00:00 AM,MIDATL,281.760
3/13/2026 6:00:00 AM,3/13/2026 2:00:00 AM,MIDATL,357.746
3/13/2026 5:00:00 AM,3/13/2026 1:00:00 AM,MIDATL,364.757
3/13/2026 4:00:00 AM,3/13/2026 12:00:00 AM,MIDATL,309.360
3/13/2026 3:00:00 AM,3/12/2026 11:00:00 PM,MIDATL,214.731
3/13/2026 2:00:00 AM,3/12/2026 10:00:00 PM,MIDATL,227.077
3/13/2026 1:00:00 AM,3/12/2026 9:00:00 PM,MIDATL,289.111
3/13/2026 12:00:00 AM,3/12/2026 8:00:00 PM,MIDATL,396.999
3/12/2026 11:00:00 PM,3/12/2026 7:00:00 PM,MIDATL,662.977
3/12/2026 10:00:00 PM,3/12/2026 6:00:00 PM,MIDATL,731.292
3/12/2026 9:00:00 PM,3/12/2026 5:00:00 PM,MIDATL,689.048
3/12/2026 8:00:00 PM,3/12/2026 4:00:00 PM,MIDATL,708.858
3/12/2026 7:00:00 PM,3/12/2026 3:00:00 PM,MIDATL,686.336
3/12/2026 6:00:00 PM,3/12/2026 2:00:00 PM,MIDATL,629.670
3/12/2026 5:00:00 PM,3/12/2026 1:00:00 PM,MIDATL,630.901
3/12/2026 4:00:00 PM,3/12/2026 12:00:00 PM,MIDATL,634.007
3/12/2026 3:00:00 PM,3/12/2026 11:00:00 AM,MIDATL,678.974
3/12/2026 2:00:00 PM,3/12/2026 10:00:00 AM,MIDATL,695.953
3/12/2026 1:00:00 PM,3/12/2026 9:00:00 AM,MIDATL,700.198
3/12/2026 12:00:00 PM,3/12/2026 8:00:00 AM,MIDATL,693.017
3/12/2026 11:00:00 AM,3/12/2026 7:00:00 AM,MIDATL,749.398
3/12/2026 10:00:00 AM,3/12/2026 6:00:00 AM,MIDATL,875.647
3/12/2026 9:00:00 AM,3/12/2026 5:00:00 AM,MIDATL,750.797
3/12/2026 8:00:00 AM,3/12/2026 4:00:00 AM,MIDATL,720.765
3/12/2026 7:00:00 AM,3/12/2026 3:00:00 AM,MIDATL,658.282
3/12/2026 6:00:00 AM,3/12/2026 2:00:00 AM,MIDATL,650.317
3/12/2026 5:00:00 AM,3/12/2026 1:00:00 AM,MIDATL,694.139
3/12/2026 4:00:00 AM,3/12/2026 12:00:00 AM,MIDATL,636.011
3/12/2026 3:00:00 AM,3/11/2026 11:00:00 PM,MIDATL,606.889
3/12/2026 2:00:00 AM,3/11/2026 10:00:00 PM,MIDATL,535.647
3/12/2026 1:00:00 AM,3/11/2026 9:00:00 PM,MIDATL,497.368
3/12/2026 12:00:00 AM,3/11/2026 8:00:00 PM,MIDATL,477.049
3/11/2026 11:00:00 PM,3/11/2026 7:00:00 PM,MIDATL,485.627
3/11/2026 10:00:00 PM,3/11/2026 6:00:00 PM,MIDATL,492.581
3/11/2026 9:00:00 PM,3/11/2026 5:00:00 PM,MIDATL,583.483
3/11/2026 8:00:00 PM,3/11/2026 4:00:00 PM,MIDATL,637.704
3/11/2026 7:00:00 PM,3/11/2026 3:00:00 PM,MIDATL,581.369
3/11/2026 6:00:00 PM,3/11/2026 2:00:00 PM,MIDATL,677.341
3/11/2026 5:00:00 PM,3/11/2026 1:00:00 PM,MIDATL,735.801
3/11/2026 4:00:00 PM,3/11/2026 12:00:00 PM,MIDATL,693.211
3/11/2026 3:00:00 PM,3/11/2026 11:00:00 AM,MIDATL,534.800
3/11/2026 2:00:00 PM,3/11/2026 10:00:00 AM,MIDATL,433.448
3/11/2026 1:00:00 PM,3/11/2026 9:00:00 AM,MIDATL,412.012
3/11/2026 12:00:00 PM,3/11/2026 8:00:00 AM,MIDATL,356.661
3/11/2026 11:00:00 AM,3/11/2026 7:00:00 AM,MIDATL,438.728
3/11/2026 10:00:00 AM,3/11/2026 6:00:00 AM,MIDATL,405.204
3/11/2026 9:00:00 AM,3/11/2026 5:00:00 AM,MIDATL,337.847
3/11/2026 8:00:00 AM,3/11/2026 4:00:00 AM,MIDATL,300.226
3/11/2026 7:00:00 AM,3/11/2026 3:00:00 AM,MIDATL,264.279
3/11/2026 6:00:00 AM,3/11/2026 2:00:00 AM,MIDATL,155.229
3/11/2026 5:00:00 AM,3/11/2026 1:00:00 AM,MIDATL,129.907
3/11/2026 4:00:00 AM,3/11/2026 12:00:00 AM,MIDATL,106.786
3/11/2026 3:00:00 AM,3/10/2026 11:00:00 PM,MIDATL,113.404
3/11/2026 2:00:00 AM,3/10/2026 10:00:00 PM,MIDATL,127.705
3/11/2026 1:00:00 AM,3/10/2026 9:00:00 PM,MIDATL,140.072
3/11/2026 12:00:00 AM,3/10/2026 8:00:00 PM,MIDATL,141.280
3/10/2026 11:00:00 PM,3/10/2026 7:00:00 PM,MIDATL,81.591
3/10/2026 10:00:00 PM,3/10/2026 6:00:00 PM,MIDATL,131.563
3/10/2026 9:00:00 PM,3/10/2026 5:00:00 PM,MIDATL,211.045
3/10/2026 8:00:00 PM,3/10/2026 4:00:00 PM,MIDATL,238.812
3/10/2026 7:00:00 PM,3/10/2026 3:00:00 PM,MIDATL,275.894
3/10/2026 6:00:00 PM,3/10/2026 2:00:00 PM,MIDATL,268.452
3/10/2026 5:00:00 PM,3/10/2026 1:00:00 PM,MIDATL,273.155
3/10/2026 4:00:00 PM,3/10/2026 12:00:00 PM,MIDATL,354.521
3/10/2026 3:00:00 PM,3/10/2026 11:00:00 AM,MIDATL,387.319
3/10/2026 2:00:00 PM,3/10/2026 10:00:00 AM,MIDATL,377.573
3/10/2026 1:00:00 PM,3/10/2026 9:00:00 AM,MIDATL,444.120
3/10/2026 12:00:00 PM,3/10/2026 8:00:00 AM,MIDATL,539.607
3/10/2026 11:00:00 AM,3/10/2026 7:00:00 AM,MIDATL,595.023
3/10/2026 10:00:00 AM,3/10/2026 6:00:00 AM,MIDATL,601.536
3/10/2026 9:00:00 AM,3/10/2026 5:00:00 AM,MIDATL,550.585
3/10/2026 8:00:00 AM,3/10/2026 4:00:00 AM,MIDATL,562.288
3/10/2026 7:00:00 AM,3/10/2026 3:00:00 AM,MIDATL,590.765
3/10/2026 6:00:00 AM,3/10/2026 2:00:00 AM,MIDATL,610.969
3/10/2026 5:00:00 AM,3/10/2026 1:00:00 AM,MIDATL,557.444
3/10/2026 4:00:00 AM,3/10/2026 12:00:00 AM,MIDATL,606.010
3/10/2026 3:00:00 AM,3/9/2026 11:00:00 PM,MIDATL,638.758
3/10/2026 2:00:00 AM,3/9/2026 10:00:00 PM,MIDATL,528.365
3/10/2026 1:00:00 AM,3/9/2026 9:00:00 PM,MIDATL,423.698
3/10/2026 12:00:00 AM,3/9/2026 8:00:00 PM,MIDATL,307.812
3/9/2026 11:00:00 PM,3/9/2026 7:00:00 PM,MIDATL,226.482
3/9/2026 10:00:00 PM,3/9/2026 6:00:00 PM,MIDATL,252.590
3/9/2026 9:00:00 PM,3/9/2026 5:00:00 PM,MIDATL,357.976
3/9/2026 8:00:00 PM,3/9/2026 4:00:00 PM,MIDATL,332.739
3/9/2026 7:00:00 PM,3/9/2026 3:00:00 PM,MIDATL,336.493
3/9/2026 6:00:00 PM,3/9/2026 2:00:00 PM,MIDATL,399.291
3/9/2026 5:00:00 PM,3/9/2026 1:00:00 PM,MIDATL,337.011
3/9/2026 4:00:00 PM,3/9/2026 12:00:00 PM,MIDATL,289.392
3/9/2026 3:00:00 PM,3/9/2026 11:00:00 AM,MIDATL,352.157
3/9/2026 2:00:00 PM,3/9/2026 10:00:00 AM,MIDATL,474.462
3/9/2026 1:00:00 PM,3/9/2026 9:00:00 AM,MIDATL,456.141
3/9/2026 12:00:00 PM,3/9/2026 8:00:00 AM,MIDATL,557.619
3/9/2026 11:00:00 AM,3/9/2026 7:00:00 AM,MIDATL,624.152
3/9/2026 10:00:00 AM,3/9/2026 6:00:00 AM,MIDATL,602.908
3/9/2026 9:00:00 AM,3/9/2026 5:00:00 AM,MIDATL,570.043
3/9/2026 8:00:00 AM,3/9/2026 4:00:00 AM,MIDATL,571.380
3/9/2026 7:00:00 AM,3/9/2026 3:00:00 AM,MIDATL,630.216
3/9/2026 6:00:00 AM,3/9/2026 2:00:00 AM,MIDATL,644.337
3/9/2026 5:00:00 AM,3/9/2026 1:00:00 AM,MIDATL,683.273
3/9/2026 4:00:00 AM,3/9/2026 12:00:00 AM,MIDATL,679.516
3/9/2026 3:00:00 AM,3/8/2026 11:00:00 PM,MIDATL,676.302
3/9/2026 2:00:00 AM,3/8/2026 10:00:00 PM,MIDATL,569.562
3/9/2026 1:00:00 AM,3/8/2026 9:00:00 PM,MIDATL,460.976
3/9/2026 12:00:00 AM,3/8/2026 8:00:00 PM,MIDATL,397.906
3/8/2026 11:00:00 PM,3/8/2026 7:00:00 PM,MIDATL,338.294
3/8/2026 10:00:00 PM,3/8/2026 6:00:00 PM,MIDATL,464.716
3/8/2026 9:00:00 PM,3/8/2026 5:00:00 PM,MIDATL,596.818
3/8/2026 8:00:00 PM,3/8/2026 4:00:00 PM,MIDATL,689.758
3/8/2026 7:00:00 PM,3/8/2026 3:00:00 PM,MIDATL,713.435
3/8/2026 6:00:00 PM,3/8/2026 2:00:00 PM,MIDATL,722.781
3/8/2026 5:00:00 PM,3/8/2026 1:00:00 PM,MIDATL,716.858
3/8/2026 4:00:00 PM,3/8/2026 12:00:00 PM,MIDATL,663.630
3/8/2026 3:00:00 PM,3/8/2026 11:00:00 AM,MIDATL,605.056
3/8/2026 2:00:00 PM,3/8/2026 10:00:00 AM,MIDATL,617.799
3/8/2026 1:00:00 PM,3/8/2026 9:00:00 AM,MIDATL,620.602
3/8/2026 12:00:00 PM,3/8/2026 8:00:00 AM,MIDATL,649.404
3/8/2026 11:00:00 AM,3/8/2026 7:00:00 AM,MIDATL,651.717
3/8/2026 10:00:00 AM,3/8/2026 6:00:00 AM,MIDATL,657.166
3/8/2026 9:00:00 AM,3/8/2026 5:00:00 AM,MIDATL,667.204
3/8/2026 8:00:00 AM,3/8/2026 4:00:00 AM,MIDATL,727.825
3/8/2026 7:00:00 AM,3/8/2026 3:00:00 AM,MIDATL,805.707
3/8/2026 6:00:00 AM,3/8/2026 1:00:00 AM,MIDATL,834.922
3/8/2026 5:00:00 AM,3/8/2026 12:00:00 AM,MIDATL,833.697
3/8/2026 4:00:00 AM,3/7/2026 11:00:00 PM,MIDATL,880.503
3/8/2026 3:00:00 AM,3/7/2026 10:00:00 PM,MIDATL,900.453
3/8/2026 2:00:00 AM,3/7/2026 9:00:00 PM,MIDATL,843.353
3/8/2026 1:00:00 AM,3/7/2026 8:00:00 PM,MIDATL,884.253
3/8/2026 12:00:00 AM,3/7/2026 7:00:00 PM,MIDATL,820.786
3/7/2026 11:00:00 PM,3/7/2026 6:00:00 PM,MIDATL,813.459
3/7/2026 10:00:00 PM,3/7/2026 5:00:00 PM,MIDATL,572.553
3/7/2026 9:00:00 PM,3/7/2026 4:00:00 PM,MIDATL,615.998
3/7/2026 8:00:00 PM,3/7/2026 3:00:00 PM,MIDATL,602.281
3/7/2026 7:00:00 PM,3/7/2026 2:00:00 PM,MIDATL,555.355
3/7/2026 6:00:00 PM,3/7/2026 1:00:00 PM,MIDATL,537.527
3/7/2026 5:00:00 PM,3/7/2026 12:00:00 PM,MIDATL,535.920
3/7/2026 4:00:00 PM,3/7/2026 11:00:00 AM,MIDATL,489.098
3/7/2026 3:00:00 PM,3/7/2026 10:00:00 AM,MIDATL,463.853
3/7/2026 2:00:00 PM,3/7/2026 9:00:00 AM,MIDATL,541.333
3/7/2026 1:00:00 PM,3/7/2026 8:00:00 AM,MIDATL,603.968
3/7/2026 12:00:00 PM,3/7/2026 7:00:00 AM,MIDATL,659.594
3/7/2026 11:00:00 AM,3/7/2026 6:00:00 AM,MIDATL,678.694
3/7/2026 10:00:00 AM,3/7/2026 5:00:00 AM,MIDATL,676.852
3/7/2026 9:00:00 AM,3/7/2026 4:00:00 AM,MIDATL,675.216
3/7/2026 8:00:00 AM,3/7/2026 3:00:00 AM,MIDATL,663.417
3/7/2026 7:00:00 AM,3/7/2026 2:00:00 AM,MIDATL,706.624
3/7/2026 6:00:00 AM,3/7/2026 1:00:00 AM,MIDATL,698.671
3/7/2026 5:00:00 AM,3/7/2026 12:00:00 AM,MIDATL,701.676
3/7/2026 4:00:00 AM,3/6/2026 11:00:00 PM,MIDATL,673.401
3/7/2026 3:00:00 AM,3/6/2026 10:00:00 PM,MIDATL,657.963
3/7/2026 2:00:00 AM,3/6/2026 9:00:00 PM,MIDATL,587.265
3/7/2026 1:00:00 AM,3/6/2026 8:00:00 PM,MIDATL,503.828
3/7/2026 12:00:00 AM,3/6/2026 7:00:00 PM,MIDATL,389.348
3/6/2026 11:00:00 PM,3/6/2026 6:00:00 PM,MIDATL,310.835
3/6/2026 10:00:00 PM,3/6/2026 5:00:00 PM,MIDATL,260.901
3/6/2026 9:00:00 PM,3/6/2026 4:00:00 PM,MIDATL,191.674
3/6/2026 8:00:00 PM,3/6/2026 3:00:00 PM,MIDATL,124.411
3/6/2026 7:00:00 PM,3/6/2026 2:00:00 PM,MIDATL,99.052
3/6/2026 6:00:00 PM,3/6/2026 1:00:00 PM,MIDATL,109.540
3/6/2026 5:00:00 PM,3/6/2026 12:00:00 PM,MIDATL,94.367
3/6/2026 4:00:00 PM,3/6/2026 11:00:00 AM,MIDATL,83.946
3/6/2026 3:00:00 PM,3/6/2026 10:00:00 AM,MIDATL,109.924
3/6/2026 2:00:00 PM,3/6/2026 9:00:00 AM,MIDATL,96.320
3/6/2026 1:00:00 PM,3/6/2026 8:00:00 AM,MIDATL,96.160
3/6/2026 12:00:00 PM,3/6/2026 7:00:00 AM,MIDATL,144.308
3/6/2026 11:00:00 AM,3/6/2026 6:00:00 AM,MIDATL,163.014
3/6/2026 10:00:00 AM,3/6/2026 5:00:00 AM,MIDATL,180.796
3/6/2026 9:00:00 AM,3/6/2026 4:00:00 AM,MIDATL,204.200
3/6/2026 8:00:00 AM,3/6/2026 3:00:00 AM,MIDATL,280.232
3/6/2026 7:00:00 AM,3/6/2026 2:00:00 AM,MIDATL,325.356
3/6/2026 6:00:00 AM,3/6/2026 1:00:00 AM,MIDATL,345.870
3/6/2026 5:00:00 AM,3/6/2026 12:00:00 AM,MIDATL,341.954
3/6/2026 4:00:00 AM,3/5/2026 11:00:00 PM,MIDATL,389.725
3/6/2026 3:00:00 AM,3/5/2026 10:00:00 PM,MIDATL,408.939
3/6/2026 2:00:00 AM,3/5/2026 9:00:00 PM,MIDATL,484.470
3/6/2026 1:00:00 AM,3/5/2026 8:00:00 PM,MIDATL,508.275
3/6/2026 12:00:00 AM,3/5/2026 7:00:00 PM,MIDATL,615.891
3/5/2026 11:00:00 PM,3/5/2026 6:00:00 PM,MIDATL,570.328
3/5/2026 10:00:00 PM,3/5/2026 5:00:00 PM,MIDATL,441.888
3/5/2026 9:00:00 PM,3/5/2026 4:00:00 PM,MIDATL,297.862
3/5/2026 8:00:00 PM,3/5/2026 3:00:00 PM,MIDATL,258.355
3/5/2026 7:00:00 PM,3/5/2026 2:00:00 PM,MIDATL,205.546
3/5/2026 6:00:00 PM,3/5/2026 1:00:00 PM,MIDATL,132.724
3/5/2026 5:00:00 PM,3/5/2026 12:00:00 PM,MIDATL,99.148
3/5/2026 4:00:00 PM,3/5/2026 11:00:00 AM,MIDATL,103.303
3/5/2026 3:00:00 PM,3/5/2026 10:00:00 AM,MIDATL,135.647
3/5/2026 2:00:00 PM,3/5/2026 9:00:00 AM,MIDATL,222.681
3/5/2026 1:00:00 PM,3/5/2026 8:00:00 AM,MIDATL,256.765
3/5/2026 12:00:00 PM,3/5/2026 7:00:00 AM,MIDATL,249.077
3/5/2026 11:00:00 AM,3/5/2026 6:00:00 AM,MIDATL,240.851
3/5/2026 10:00:00 AM,3/5/2026 5:00:00 AM,MIDATL,193.631
3/5/2026 9:00:00 AM,3/5/2026 4:00:00 AM,MIDATL,120.658
3/5/2026 8:00:00 AM,3/5/2026 3:00:00 AM,MIDATL,91.263
3/5/2026 7:00:00 AM,3/5/2026 2:00:00 AM,MIDATL,127.671
3/5/2026 6:00:00 AM,3/5/2026 1:00:00 AM,MIDATL,124.258
3/5/2026 5:00:00 AM,3/5/2026 12:00:00 AM,MIDATL,122.987
3/5/2026 4:00:00 AM,3/4/2026 11:00:00 PM,MIDATL,115.012
3/5/2026 3:00:00 AM,3/4/2026 10:00:00 PM,MIDATL,73.721
3/5/2026 2:00:00 AM,3/4/2026 9:00:00 PM,MIDATL,57.156
3/5/2026 1:00:00 AM,3/4/2026 8:00:00 PM,MIDATL,57.848
3/5/2026 12:00:00 AM,3/4/2026 7:00:00 PM,MIDATL,51.272
3/4/2026 11:00:00 PM,3/4/2026 6:00:00 PM,MIDATL,32.021
3/4/2026 10:00:00 PM,3/4/2026 5:00:00 PM,MIDATL,27.817
3/4/2026 9:00:00 PM,3/4/2026 4:00:00 PM,MIDATL,32.247
3/4/2026 8:00:00 PM,3/4/2026 3:00:00 PM,MIDATL,21.926
3/4/2026 7:00:00 PM,3/4/2026 2:00:00 PM,MIDATL,14.075
3/4/2026 6:00:00 PM,3/4/2026 1:00:00 PM,MIDATL,15.667
3/4/2026 5:00:00 PM,3/4/2026 12:00:00 PM,MIDATL,17.212
3/4/2026 4:00:00 PM,3/4/2026 11:00:00 AM,MIDATL,14.036
3/4/2026 3:00:00 PM,3/4/2026 10:00:00 AM,MIDATL,14.641
3/4/2026 2:00:00 PM,3/4/2026 9:00:00 AM,MIDATL,43.148
3/4/2026 1:00:00 PM,3/4/2026 8:00:00 AM,MIDATL,86.944
3/4/2026 12:00:00 PM,3/4/2026 7:00:00 AM,MIDATL,99.040
3/4/2026 11:00:00 AM,3/4/2026 6:00:00 AM,MIDATL,84.263
3/4/2026 10:00:00 AM,3/4/2026 5:00:00 AM,MIDATL,92.174
3/4/2026 9:00:00 AM,3/4/2026 4:00:00 AM,MIDATL,97.286
3/4/2026 8:00:00 AM,3/4/2026 3:00:00 AM,MIDATL,113.535
3/4/2026 7:00:00 AM,3/4/2026 2:00:00 AM,MIDATL,156.556
3/4/2026 6:00:00 AM,3/4/2026 1:00:00 AM,MIDATL,224.737
3/4/2026 5:00:00 AM,3/4/2026 12:00:00 AM,MIDATL,367.819
3/4/2026 4:00:00 AM,3/3/2026 11:00:00 PM,MIDATL,429.519
3/4/2026 3:00:00 AM,3/3/2026 10:00:00 PM,MIDATL,470.102
3/4/2026 2:00:00 AM,3/3/2026 9:00:00 PM,MIDATL,479.210
3/4/2026 1:00:00 AM,3/3/2026 8:00:00 PM,MIDATL,401.653
3/4/2026 12:00:00 AM,3/3/2026 7:00:00 PM,MIDATL,312.287
3/3/2026 11:00:00 PM,3/3/2026 6:00:00 PM,MIDATL,287.595
3/3/2026 10:00:00 PM,3/3/2026 5:00:00 PM,MIDATL,275.212
3/3/2026 9:00:00 PM,3/3/2026 4:00:00 PM,MIDATL,204.222
3/3/2026 8:00:00 PM,3/3/2026 3:00:00 PM,MIDATL,147.347
3/3/2026 7:00:00 PM,3/3/2026 2:00:00 PM,MIDATL,110.057
3/3/2026 6:00:00 PM,3/3/2026 1:00:00 PM,MIDATL,115.382
3/3/2026 5:00:00 PM,3/3/2026 12:00:00 PM,MIDATL,130.229
3/3/2026 4:00:00 PM,3/3/2026 11:00:00 AM,MIDATL,159.752
3/3/2026 3:00:00 PM,3/3/2026 10:00:00 AM,MIDATL,184.324
3/3/2026 2:00:00 PM,3/3/2026 9:00:00 AM,MIDATL,199.680
3/3/2026 1:00:00 PM,3/3/2026 8:00:00 AM,MIDATL,226.565
3/3/2026 12:00:00 PM,3/3/2026 7:00:00 AM,MIDATL,262.123
3/3/2026 11:00:00 AM,3/3/2026 6:00:00 AM,MIDATL,291.725
3/3/2026 10:00:00 AM,3/3/2026 5:00:00 AM,MIDATL,296.548
3/3/2026 9:00:00 AM,3/3/2026 4:00:00 AM,MIDATL,312.891
3/3/2026 8:00:00 AM,3/3/2026 3:00:00 AM,MIDATL,325.165
3/3/2026 7:00:00 AM,3/3/2026 2:00:00 AM,MIDATL,380.146
3/3/2026 6:00:00 AM,3/3/2026 1:00:00 AM,MIDATL,450.027
3/3/2026 5:00:00 AM,3/3/2026 12:00:00 AM,MIDATL,414.359
3/3/2026 4:00:00 AM,3/2/2026 11:00:00 PM,MIDATL,415.126
3/3/2026 3:00:00 AM,3/2/2026 10:00:00 PM,MIDATL,405.358
3/3/2026 2:00:00 AM,3/2/2026 9:00:00 PM,MIDATL,424.444
3/3/2026 1:00:00 AM,3/2/2026 8:00:00 PM,MIDATL,401.726
3/3/2026 12:00:00 AM,3/2/2026 7:00:00 PM,MIDATL,294.119
3/2/2026 11:00:00 PM,3/2/2026 6:00:00 PM,MIDATL,209.626
3/2/2026 10:00:00 PM,3/2/2026 5:00:00 PM,MIDATL,149.826
3/2/2026 9:00:00 PM,3/2/2026 4:00:00 PM,MIDATL,107.666
3/2/2026 8:00:00 PM,3/2/2026 3:00:00 PM,MIDATL,76.699
3/2/2026 7:00:00 PM,3/2/2026 2:00:00 PM,MIDATL,67.828
3/2/2026 6:00:00 PM,3/2/2026 1:00:00 PM,MIDATL,71.418
3/2/2026 5:00:00 PM,3/2/2026 12:00:00 PM,MIDATL,91.591
3/2/2026 4:00:00 PM,3/2/2026 11:00:00 AM,MIDATL,94.493
3/2/2026 3:00:00 PM,3/2/2026 10:00:00 AM,MIDATL,92.749
3/2/2026 2:00:00 PM,3/2/2026 9:00:00 AM,MIDATL,101.175
3/2/2026 1:00:00 PM,3/2/2026 8:00:00 AM,MIDATL,109.226
3/2/2026 12:00:00 PM,3/2/2026 7:00:00 AM,MIDATL,174.590
3/2/2026 11:00:00 AM,3/2/2026 6:00:00 AM,MIDATL,153.755
3/2/2026 10:00:00 AM,3/2/2026 5:00:00 AM,MIDATL,125.361
3/2/2026 9:00:00 AM,3/2/2026 4:00:00 AM,MIDATL,86.242
3/2/2026 8:00:00 AM,3/2/2026 3:00:00 AM,MIDATL,66.431
3/2/2026 7:00:00 AM,3/2/2026 2:00:00 AM,MIDATL,71.199
3/2/2026 6:00:00 AM,3/2/2026 1:00:00 AM,MIDATL,77.818
3/2/2026 5:00:00 AM,3/2/2026 12:00:00 AM,MIDATL,101.509
3/2/2026 4:00:00 AM,3/1/2026 11:00:00 PM,MIDATL,138.834
3/2/2026 3:00:00 AM,3/1/2026 10:00:00 PM,MIDATL,167.461
3/2/2026 2:00:00 AM,3/1/2026 9:00:00 PM,MIDATL,171.348
3/2/2026 1:00:00 AM,3/1/2026 8:00:00 PM,MIDATL,165.465
3/2/2026 12:00:00 AM,3/1/2026 7:00:00 PM,MIDATL,157.315
3/1/2026 11:00:00 PM,3/1/2026 6:00:00 PM,MIDATL,224.776
3/1/2026 10:00:00 PM,3/1/2026 5:00:00 PM,MIDATL,241.641
3/1/2026 9:00:00 PM,3/1/2026 4:00:00 PM,MIDATL,280.997
3/1/2026 8:00:00 PM,3/1/2026 3:00:00 PM,MIDATL,278.067
3/1/2026 7:00:00 PM,3/1/2026 2:00:00 PM,MIDATL,254.457
3/1/2026 6:00:00 PM,3/1/2026 1:00:00 PM,MIDATL,274.094
3/1/2026 5:00:00 PM,3/1/2026 12:00:00 PM,MIDATL,261.771
3/1/2026 4:00:00 PM,3/1/2026 11:00:00 AM,MIDATL,268.617
3/1/2026 3:00:00 PM,3/1/2026 10:00:00 AM,MIDATL,342.716
3/1/2026 2:00:00 PM,3/1/2026 9:00:00 AM,MIDATL,358.462
3/1/2026 1:00:00 PM,3/1/2026 8:00:00 AM,MIDATL,288.382
3/1/2026 12:00:00 PM,3/1/2026 7:00:00 AM,MIDATL,313.606
3/1/2026 11:00:00 AM,3/1/2026 6:00:00 AM,MIDATL,333.280
3/1/2026 10:00:00 AM,3/1/2026 5:00:00 AM,MIDATL,317.530
3/1/2026 9:00:00 AM,3/1/2026 4:00:00 AM,MIDATL,325.696
3/1/2026 8:00:00 AM,3/1/2026 3:00:00 AM,MIDATL,291.997
3/1/2026 7:00:00 AM,3/1/2026 2:00:00 AM,MIDATL,424.352
3/1/2026 6:00:00 AM,3/1/2026 1:00:00 AM,MIDATL,409.985
3/1/2026 5:00:00 AM,3/1/2026 12:00:00 AM,MIDATL,241.547
3/1/2026 4:00:00 AM,2/28/2026 11:00:00 PM,MIDATL,87.097
3/1/2026 3:00:00 AM,2/28/2026 10:00:00 PM,MIDATL,77.308
3/1/2026 2:00:00 AM,2/28/2026 9:00:00 PM,MIDATL,118.302
3/1/2026 1:00:00 AM,2/28/2026 8:00:00 PM,MIDATL,93.858
3/1/2026 12:00:00 AM,2/28/2026 7:00:00 PM,MIDATL,123.193
2/28/2026 11:00:00 PM,2/28/2026 6:00:00 PM,MIDATL,112.206
2/28/2026 10:00:00 PM,2/28/2026 5:00:00 PM,MIDATL,120.542
2/28/2026 9:00:00 PM,2/28/2026 4:00:00 PM,MIDATL,167.200
2/28/2026 8:00:00 PM,2/28/2026 3:00:00 PM,MIDATL,217.430
2/28/2026 7:00:00 PM,2/28/2026 2:00:00 PM,MIDATL,257.522
2/28/2026 6:00:00 PM,2/28/2026 1:00:00 PM,MIDATL,281.103
2/28/2026 5:00:00 PM,2/28/2026 12:00:00 PM,MIDATL,301.924
2/28/2026 4:00:00 PM,2/28/2026 11:00:00 AM,MIDATL,379.616
2/28/2026 3:00:00 PM,2/28/2026 10:00:00 AM,MIDATL,544.517
2/28/2026 2:00:00 PM,2/28/2026 9:00:00 AM,MIDATL,711.924
2/28/2026 1:00:00 PM,2/28/2026 8:00:00 AM,MIDATL,773.345
2/28/2026 12:00:00 PM,2/28/2026 7:00:00 AM,MIDATL,768.703
2/28/2026 11:00:00 AM,2/28/2026 6:00:00 AM,MIDATL,695.256
2/28/2026 10:00:00 AM,2/28/2026 5:00:00 AM,MIDATL,699.867
2/28/2026 9:00:00 AM,2/28/2026 4:00:00 AM,MIDATL,707.092
2/28/2026 8:00:00 AM,2/28/2026 3:00:00 AM,MIDATL,659.069
2/28/2026 7:00:00 AM,2/28/2026 2:00:00 AM,MIDATL,616.495
2/28/2026 6:00:00 AM,2/28/2026 1:00:00 AM,MIDATL,559.168
2/28/2026 5:00:00 AM,2/28/2026 12:00:00 AM,MIDATL,540.938
2/28/2026 4:00:00 AM,2/27/2026 11:00:00 PM,MIDATL,517.133
2/28/2026 3:00:00 AM,2/27/2026 10:00:00 PM,MIDATL,471.494
2/28/2026 2:00:00 AM,2/27/2026 9:00:00 PM,MIDATL,407.834
2/28/2026 1:00:00 AM,2/27/2026 8:00:00 PM,MIDATL,369.398
2/28/2026 12:00:00 AM,2/27/2026 7:00:00 PM,MIDATL,278.691
2/27/2026 11:00:00 PM,2/27/2026 6:00:00 PM,MIDATL,161.253
2/27/2026 10:00:00 PM,2/27/2026 5:00:00 PM,MIDATL,113.246
2/27/2026 9:00:00 PM,2/27/2026 4:00:00 PM,MIDATL,78.093
2/27/2026 8:00:00 PM,2/27/2026 3:00:00 PM,MIDATL,68.017
2/27/2026 7:00:00 PM,2/27/2026 2:00:00 PM,MIDATL,77.434
2/27/2026 6:00:00 PM,2/27/2026 1:00:00 PM,MIDATL,93.897
2/27/2026 5:00:00 PM,2/27/2026 12:00:00 PM,MIDATL,96.020
2/27/2026 4:00:00 PM,2/27/2026 11:00:00 AM,MIDATL,114.627
2/27/2026 3:00:00 PM,2/27/2026 10:00:00 AM,MIDATL,154.424
2/27/2026 2:00:00 PM,2/27/2026 9:00:00 AM,MIDATL,187.190
2/27/2026 1:00:00 PM,2/27/2026 8:00:00 AM,MIDATL,295.117
2/27/2026 12:00:00 PM,2/27/2026 7:00:00 AM,MIDATL,392.148
2/27/2026 11:00:00 AM,2/27/2026 6:00:00 AM,MIDATL,399.363
2/27/2026 10:00:00 AM,2/27/2026 5:00:00 AM,MIDATL,380.845
2/27/2026 9:00:00 AM,2/27/2026 4:00:00 AM,MIDATL,371.538
2/27/2026 8:00:00 AM,2/27/2026 3:00:00 AM,MIDATL,366.633
2/27/2026 7:00:00 AM,2/27/2026 2:00:00 AM,MIDATL,331.211
2/27/2026 6:00:00 AM,2/27/2026 1:00:00 AM,MIDATL,321.871
2/27/2026 5:00:00 AM,2/27/2026 12:00:00 AM,MIDATL,244.929
2/27/2026 4:00:00 AM,2/26/2026 11:00:00 PM,MIDATL,150.959
2/27/2026 3:00:00 AM,2/26/2026 10:00:00 PM,MIDATL,132.743
2/27/2026 2:00:00 AM,2/26/2026 9:00:00 PM,MIDATL,120.476
2/27/2026 1:00:00 AM,2/26/2026 8:00:00 PM,MIDATL,80.537
2/27/2026 12:00:00 AM,2/26/2026 7:00:00 PM,MIDATL,47.656
2/26/2026 11:00:00 PM,2/26/2026 6:00:00 PM,MIDATL,19.314
2/26/2026 10:00:00 PM,2/26/2026 5:00:00 PM,MIDATL,11.897
2/26/2026 9:00:00 PM,2/26/2026 4:00:00 PM,MIDATL,14.460
2/26/2026 8:00:00 PM,2/26/2026 3:00:00 PM,MIDATL,23.014
2/26/2026 7:00:00 PM,2/26/2026 2:00:00 PM,MIDATL,54.527
2/26/2026 6:00:00 PM,2/26/2026 1:00:00 PM,MIDATL,50.961
2/26/2026 5:00:00 PM,2/26/2026 12:00:00 PM,MIDATL,68.796
2/26/2026 4:00:00 PM,2/26/2026 11:00:00 AM,MIDATL,82.703
2/26/2026 3:00:00 PM,2/26/2026 10:00:00 AM,MIDATL,74.034
2/26/2026 2:00:00 PM,2/26/2026 9:00:00 AM,MIDATL,41.122
2/26/2026 1:00:00 PM,2/26/2026 8:00:00 AM,MIDATL,52.637
2/26/2026 12:00:00 PM,2/26/2026 7:00:00 AM,MIDATL,81.294
2/26/2026 11:00:00 AM,2/26/2026 6:00:00 AM,MIDATL,120.971
2/26/2026 10:00:00 AM,2/26/2026 5:00:00 AM,MIDATL,282.207
2/26/2026 9:00:00 AM,2/26/2026 4:00:00 AM,MIDATL,387.950
2/26/2026 8:00:00 AM,2/26/2026 3:00:00 AM,MIDATL,551.989
2/26/2026 7:00:00 AM,2/26/2026 2:00:00 AM,MIDATL,539.801
2/26/2026 6:00:00 AM,2/26/2026 1:00:00 AM,MIDATL,594.469
2/26/2026 5:00:00 AM,2/26/2026 12:00:00 AM,MIDATL,650.362
2/26/2026 4:00:00 AM,2/25/2026 11:00:00 PM,MIDATL,568.871
2/26/2026 3:00:00 AM,2/25/2026 10:00:00 PM,MIDATL,524.440
2/26/2026 2:00:00 AM,2/25/2026 9:00:00 PM,MIDATL,591.934
2/26/2026 1:00:00 AM,2/25/2026 8:00:00 PM,MIDATL,670.393
2/26/2026 12:00:00 AM,2/25/2026 7:00:00 PM,MIDATL,591.268
2/25/2026 11:00:00 PM,2/25/2026 6:00:00 PM,MIDATL,558.647
2/25/2026 10:00:00 PM,2/25/2026 5:00:00 PM,MIDATL,509.919
2/25/2026 9:00:00 PM,2/25/2026 4:00:00 PM,MIDATL,570.730
2/25/2026 8:00:00 PM,2/25/2026 3:00:00 PM,MIDATL,683.234
2/25/2026 7:00:00 PM,2/25/2026 2:00:00 PM,MIDATL,739.741
2/25/2026 6:00:00 PM,2/25/2026 1:00:00 PM,MIDATL,696.462
2/25/2026 5:00:00 PM,2/25/2026 12:00:00 PM,MIDATL,591.300
2/25/2026 4:00:00 PM,2/25/2026 11:00:00 AM,MIDATL,547.598
2/25/2026 3:00:00 PM,2/25/2026 10:00:00 AM,MIDATL,519.623
2/25/2026 2:00:00 PM,2/25/2026 9:00:00 AM,MIDATL,559.470
2/25/2026 1:00:00 PM,2/25/2026 8:00:00 AM,MIDATL,613.218
2/25/2026 12:00:00 PM,2/25/2026 7:00:00 AM,MIDATL,661.761
2/25/2026 11:00:00 AM,2/25/2026 6:00:00 AM,MIDATL,721.079
2/25/2026 10:00:00 AM,2/25/2026 5:00:00 AM,MIDATL,733.939
2/25/2026 9:00:00 AM,2/25/2026 4:00:00 AM,MIDATL,747.156
2/25/2026 8:00:00 AM,2/25/2026 3:00:00 AM,MIDATL,782.569
2/25/2026 7:00:00 AM,2/25/2026 2:00:00 AM,MIDATL,815.496
2/25/2026 6:00:00 AM,2/25/2026 1:00:00 AM,MIDATL,829.995
2/25/2026 5:00:00 AM,2/25/2026 12:00:00 AM,MIDATL,778.603
2/25/2026 4:00:00 AM,2/24/2026 11:00:00 PM,MIDATL,745.777
2/25/2026 3:00:00 AM,2/24/2026 10:00:00 PM,MIDATL,653.819
2/25/2026 2:00:00 AM,2/24/2026 9:00:00 PM,MIDATL,615.442
2/25/2026 1:00:00 AM,2/24/2026 8:00:00 PM,MIDATL,456.510
2/25/2026 12:00:00 AM,2/24/2026 7:00:00 PM,MIDATL,267.437
2/24/2026 11:00:00 PM,2/24/2026 6:00:00 PM,MIDATL,111.679
2/24/2026 10:00:00 PM,2/24/2026 5:00:00 PM,MIDATL,86.001
2/24/2026 9:00:00 PM,2/24/2026 4:00:00 PM,MIDATL,98.454
2/24/2026 8:00:00 PM,2/24/2026 3:00:00 PM,MIDATL,160.105
2/24/2026 7:00:00 PM,2/24/2026 2:00:00 PM,MIDATL,215.069
2/24/2026 6:00:00 PM,2/24/2026 1:00:00 PM,MIDATL,332.348
2/24/2026 5:00:00 PM,2/24/2026 12:00:00 PM,MIDATL,454.106
2/24/2026 4:00:00 PM,2/24/2026 11:00:00 AM,MIDATL,569.452
2/24/2026 3:00:00 PM,2/24/2026 10:00:00 AM,MIDATL,698.502
2/24/2026 2:00:00 PM,2/24/2026 9:00:00 AM,MIDATL,688.456
2/24/2026 1:00:00 PM,2/24/2026 8:00:00 AM,MIDATL,666.813
2/24/2026 12:00:00 PM,2/24/2026 7:00:00 AM,MIDATL,754.332
2/24/2026 11:00:00 AM,2/24/2026 6:00:00 AM,MIDATL,771.420
2/24/2026 10:00:00 AM,2/24/2026 5:00:00 AM,MIDATL,780.310
2/24/2026 9:00:00 AM,2/24/2026 4:00:00 AM,MIDATL,757.407
2/24/2026 8:00:00 AM,2/24/2026 3:00:00 AM,MIDATL,795.337
2/24/2026 7:00:00 AM,2/24/2026 2:00:00 AM,MIDATL,830.774
2/24/2026 6:00:00 AM,2/24/2026 1:00:00 AM,MIDATL,869.862
2/24/2026 5:00:00 AM,2/24/2026 12:00:00 AM,MIDATL,885.394
2/24/2026 4:00:00 AM,2/23/2026 11:00:00 PM,MIDATL,858.706
2/24/2026 3:00:00 AM,2/23/2026 10:00:00 PM,MIDATL,914.996
2/24/2026 2:00:00 AM,2/23/2026 9:00:00 PM,MIDATL,922.112
2/24/2026 1:00:00 AM,2/23/2026 8:00:00 PM,MIDATL,820.844
2/24/2026 12:00:00 AM,2/23/2026 7:00:00 PM,MIDATL,836.263
2/23/2026 11:00:00 PM,2/23/2026 6:00:00 PM,MIDATL,865.381
2/23/2026 10:00:00 PM,2/23/2026 5:00:00 PM,MIDATL,908.065
2/23/2026 9:00:00 PM,2/23/2026 4:00:00 PM,MIDATL,925.930
2/23/2026 8:00:00 PM,2/23/2026 3:00:00 PM,MIDATL,904.222
2/23/2026 7:00:00 PM,2/23/2026 2:00:00 PM,MIDATL,910.332
2/23/2026 6:00:00 PM,2/23/2026 1:00:00 PM,MIDATL,852.473
2/23/2026 5:00:00 PM,2/23/2026 12:00:00 PM,MIDATL,911.397
2/23/2026 4:00:00 PM,2/23/2026 11:00:00 AM,MIDATL,898.439
2/23/2026 3:00:00 PM,2/23/2026 10:00:00 AM,MIDATL,811.649
2/23/2026 2:00:00 PM,2/23/2026 9:00:00 AM,MIDATL,746.332
2/23/2026 1:00:00 PM,2/23/2026 8:00:00 AM,MIDATL,740.244
2/23/2026 12:00:00 PM,2/23/2026 7:00:00 AM,MIDATL,763.704
2/23/2026 11:00:00 AM,2/23/2026 6:00:00 AM,MIDATL,833.766
2/23/2026 10:00:00 AM,2/23/2026 5:00:00 AM,MIDATL,822.181
2/23/2026 9:00:00 AM,2/23/2026 4:00:00 AM,MIDATL,774.078
2/23/2026 8:00:00 AM,2/23/2026 3:00:00 AM,MIDATL,717.084
2/23/2026 7:00:00 AM,2/23/2026 2:00:00 AM,MIDATL,688.441
2/23/2026 6:00:00 AM,2/23/2026 1:00:00 AM,MIDATL,674.547
2/23/2026 5:00:00 AM,2/23/2026 12:00:00 AM,MIDATL,620.289
2/23/2026 4:00:00 AM,2/22/2026 11:00:00 PM,MIDATL,593.903
2/23/2026 3:00:00 AM,2/22/2026 10:00:00 PM,MIDATL,555.405
2/23/2026 2:00:00 AM,2/22/2026 9:00:00 PM,MIDATL,521.581
2/23/2026 1:00:00 AM,2/22/2026 8:00:00 PM,MIDATL,495.697
2/23/2026 12:00:00 AM,2/22/2026 7:00:00 PM,MIDATL,507.383
2/22/2026 11:00:00 PM,2/22/2026 6:00:00 PM,MIDATL,488.899
2/22/2026 10:00:00 PM,2/22/2026 5:00:00 PM,MIDATL,385.596
2/22/2026 9:00:00 PM,2/22/2026 4:00:00 PM,MIDATL,275.427
2/22/2026 8:00:00 PM,2/22/2026 3:00:00 PM,MIDATL,248.421
2/22/2026 7:00:00 PM,2/22/2026 2:00:00 PM,MIDATL,219.410
2/22/2026 6:00:00 PM,2/22/2026 1:00:00 PM,MIDATL,163.845
2/22/2026 5:00:00 PM,2/22/2026 12:00:00 PM,MIDATL,135.070
2/22/2026 4:00:00 PM,2/22/2026 11:00:00 AM,MIDATL,115.656
2/22/2026 3:00:00 PM,2/22/2026 10:00:00 AM,MIDATL,108.352
2/22/2026 2:00:00 PM,2/22/2026 9:00:00 AM,MIDATL,95.362
2/22/2026 1:00:00 PM,2/22/2026 8:00:00 AM,MIDATL,106.876
2/22/2026 12:00:00 PM,2/22/2026 7:00:00 AM,MIDATL,131.334
2/22/2026 11:00:00 AM,2/22/2026 6:00:00 AM,MIDATL,130.303
2/22/2026 10:00:00 AM,2/22/2026 5:00:00 AM,MIDATL,108.287
2/22/2026 9:00:00 AM,2/22/2026 4:00:00 AM,MIDATL,75.843
2/22/2026 8:00:00 AM,2/22/2026 3:00:00 AM,MIDATL,68.976
2/22/2026 7:00:00 AM,2/22/2026 2:00:00 AM,MIDATL,63.097
2/22/2026 6:00:00 AM,2/22/2026 1:00:00 AM,MIDATL,58.142
2/22/2026 5:00:00 AM,2/22/2026 12:00:00 AM,MIDATL,32.813
2/22/2026 4:00:00 AM,2/21/2026 11:00:00 PM,MIDATL,27.930
2/22/2026 3:00:00 AM,2/21/2026 10:00:00 PM,MIDATL,21.806
2/22/2026 2:00:00 AM,2/21/2026 9:00:00 PM,MIDATL,0.402
2/22/2026 1:00:00 AM,2/21/2026 8:00:00 PM,MIDATL,-3.521
2/22/2026 12:00:00 AM,2/21/2026 7:00:00 PM,MIDATL,-2.374
2/21/2026 11:00:00 PM,2/21/2026 6:00:00 PM,MIDATL,5.904
2/21/2026 10:00:00 PM,2/21/2026 5:00:00 PM,MIDATL,22.140
2/21/2026 9:00:00 PM,2/21/2026 4:00:00 PM,MIDATL,32.549
2/21/2026 8:00:00 PM,2/21/2026 3:00:00 PM,MIDATL,57.721
2/21/2026 7:00:00 PM,2/21/2026 2:00:00 PM,MIDATL,99.122
2/21/2026 6:00:00 PM,2/21/2026 1:00:00 PM,MIDATL,120.039
2/21/2026 5:00:00 PM,2/21/2026 12:00:00 PM,MIDATL,157.168
2/21/2026 4:00:00 PM,2/21/2026 11:00:00 AM,MIDATL,246.330
2/21/2026 3:00:00 PM,2/21/2026 10:00:00 AM,MIDATL,340.527
2/21/2026 2:00:00 PM,2/21/2026 9:00:00 AM,MIDATL,489.619
2/21/2026 1:00:00 PM,2/21/2026 8:00:00 AM,MIDATL,562.478
2/21/2026 12:00:00 PM,2/21/2026 7:00:00 AM,MIDATL,630.666
2/21/2026 11:00:00 AM,2/21/2026 6:00:00 AM,MIDATL,677.979
2/21/2026 10:00:00 AM,2/21/2026 5:00:00 AM,MIDATL,671.619
2/21/2026 9:00:00 AM,2/21/2026 4:00:00 AM,MIDATL,725.507
2/21/2026 8:00:00 AM,2/21/2026 3:00:00 AM,MIDATL,780.106
2/21/2026 7:00:00 AM,2/21/2026 2:00:00 AM,MIDATL,792.280
2/21/2026 6:00:00 AM,2/21/2026 1:00:00 AM,MIDATL,807.412
2/21/2026 5:00:00 AM,2/21/2026 12:00:00 AM,MIDATL,729.207
2/21/2026 4:00:00 AM,2/20/2026 11:00:00 PM,MIDATL,692.444
2/21/2026 3:00:00 AM,2/20/2026 10:00:00 PM,MIDATL,670.761
2/21/2026 2:00:00 AM,2/20/2026 9:00:00 PM,MIDATL,638.498
2/21/2026 1:00:00 AM,2/20/2026 8:00:00 PM,MIDATL,580.565
2/21/2026 12:00:00 AM,2/20/2026 7:00:00 PM,MIDATL,542.327
2/20/2026 11:00:00 PM,2/20/2026 6:00:00 PM,MIDATL,528.651
2/20/2026 10:00:00 PM,2/20/2026 5:00:00 PM,MIDATL,562.171
2/20/2026 9:00:00 PM,2/20/2026 4:00:00 PM,MIDATL,619.746
2/20/2026 8:00:00 PM,2/20/2026 3:00:00 PM,MIDATL,699.810
2/20/2026 7:00:00 PM,2/20/2026 2:00:00 PM,MIDATL,727.793
2/20/2026 6:00:00 PM,2/20/2026 1:00:00 PM,MIDATL,701.086
2/20/2026 5:00:00 PM,2/20/2026 12:00:00 PM,MIDATL,686.909
2/20/2026 4:00:00 PM,2/20/2026 11:00:00 AM,MIDATL,610.359
2/20/2026 3:00:00 PM,2/20/2026 10:00:00 AM,MIDATL,720.832
2/20/2026 2:00:00 PM,2/20/2026 9:00:00 AM,MIDATL,815.572
2/20/2026 1:00:00 PM,2/20/2026 8:00:00 AM,MIDATL,796.736
2/20/2026 12:00:00 PM,2/20/2026 7:00:00 AM,MIDATL,657.173
2/20/2026 11:00:00 AM,2/20/2026 6:00:00 AM,MIDATL,637.252
2/20/2026 10:00:00 AM,2/20/2026 5:00:00 AM,MIDATL,622.539
2/20/2026 9:00:00 AM,2/20/2026 4:00:00 AM,MIDATL,600.951
2/20/2026 8:00:00 AM,2/20/2026 3:00:00 AM,MIDATL,603.798
2/20/2026 7:00:00 AM,2/20/2026 2:00:00 AM,MIDATL,619.260
2/20/2026 6:00:00 AM,2/20/2026 1:00:00 AM,MIDATL,620.913
2/20/2026 5:00:00 AM,2/20/2026 12:00:00 AM,MIDATL,598.537
2/20/2026 4:00:00 AM,2/19/2026 11:00:00 PM,MIDATL,605.533
2/20/2026 3:00:00 AM,2/19/2026 10:00:00 PM,MIDATL,594.582
2/20/2026 2:00:00 AM,2/19/2026 9:00:00 PM,MIDATL,662.938
2/20/2026 1:00:00 AM,2/19/2026 8:00:00 PM,MIDATL,664.389
2/20/2026 12:00:00 AM,2/19/2026 7:00:00 PM,MIDATL,667.061
2/19/2026 11:00:00 PM,2/19/2026 6:00:00 PM,MIDATL,584.756
2/19/2026 10:00:00 PM,2/19/2026 5:00:00 PM,MIDATL,455.475
2/19/2026 9:00:00 PM,2/19/2026 4:00:00 PM,MIDATL,402.717
2/19/2026 8:00:00 PM,2/19/2026 3:00:00 PM,MIDATL,453.803
2/19/2026 7:00:00 PM,2/19/2026 2:00:00 PM,MIDATL,431.223
2/19/2026 6:00:00 PM,2/19/2026 1:00:00 PM,MIDATL,305.299
2/19/2026 5:00:00 PM,2/19/2026 12:00:00 PM,MIDATL,249.904
2/19/2026 4:00:00 PM,2/19/2026 11:00:00 AM,MIDATL,229.819
2/19/2026 3:00:00 PM,2/19/2026 10:00:00 AM,MIDATL,186.265
2/19/2026 2:00:00 PM,2/19/2026 9:00:00 AM,MIDATL,155.421
2/19/2026 1:00:00 PM,2/19/2026 8:00:00 AM,MIDATL,80.226
2/19/2026 12:00:00 PM,2/19/2026 7:00:00 AM,MIDATL,40.548
2/19/2026 11:00:00 AM,2/19/2026 6:00:00 AM,MIDATL,37.825
2/19/2026 10:00:00 AM,2/19/2026 5:00:00 AM,MIDATL,64.239
2/19/2026 9:00:00 AM,2/19/2026 4:00:00 AM,MIDATL,126.130
2/19/2026 8:00:00 AM,2/19/2026 3:00:00 AM,MIDATL,184.116
2/19/2026 7:00:00 AM,2/19/2026 2:00:00 AM,MIDATL,277.700
2/19/2026 6:00:00 AM,2/19/2026 1:00:00 AM,MIDATL,461.946
2/19/2026 5:00:00 AM,2/19/2026 12:00:00 AM,MIDATL,490.179
2/19/2026 4:00:00 AM,2/18/2026 11:00:00 PM,MIDATL,450.942
2/19/2026 3:00:00 AM,2/18/2026 10:00:00 PM,MIDATL,416.818
2/19/2026 2:00:00 AM,2/18/2026 9:00:00 PM,MIDATL,464.720
2/19/2026 1:00:00 AM,2/18/2026 8:00:00 PM,MIDATL,509.794
2/19/2026 12:00:00 AM,2/18/2026 7:00:00 PM,MIDATL,540.783
2/18/2026 11:00:00 PM,2/18/2026 6:00:00 PM,MIDATL,476.442
2/18/2026 10:00:00 PM,2/18/2026 5:00:00 PM,MIDATL,442.333
2/18/2026 9:00:00 PM,2/18/2026 4:00:00 PM,MIDATL,451.590
2/18/2026 8:00:00 PM,2/18/2026 3:00:00 PM,MIDATL,446.432
2/18/2026 7:00:00 PM,2/18/2026 2:00:00 PM,MIDATL,388.894
2/18/2026 6:00:00 PM,2/18/2026 1:00:00 PM,MIDATL,311.548
2/18/2026 5:00:00 PM,2/18/2026 12:00:00 PM,MIDATL,265.872
2/18/2026 4:00:00 PM,2/18/2026 11:00:00 AM,MIDATL,236.463
2/18/2026 3:00:00 PM,2/18/2026 10:00:00 AM,MIDATL,180.658
2/18/2026 2:00:00 PM,2/18/2026 9:00:00 AM,MIDATL,172.835
2/18/2026 1:00:00 PM,2/18/2026 8:00:00 AM,MIDATL,185.460
2/18/2026 12:00:00 PM,2/18/2026 7:00:00 AM,MIDATL,214.206
2/18/2026 11:00:00 AM,2/18/2026 6:00:00 AM,MIDATL,190.606
2/18/2026 10:00:00 AM,2/18/2026 5:00:00 AM,MIDATL,177.899
2/18/2026 9:00:00 AM,2/18/2026 4:00:00 AM,MIDATL,186.057
2/18/2026 8:00:00 AM,2/18/2026 3:00:00 AM,MIDATL,187.795
2/18/2026 7:00:00 AM,2/18/2026 2:00:00 AM,MIDATL,181.475
2/18/2026 6:00:00 AM,2/18/2026 1:00:00 AM,MIDATL,158.061
2/18/2026 5:00:00 AM,2/18/2026 12:00:00 AM,MIDATL,150.263
2/18/2026 4:00:00 AM,2/17/2026 11:00:00 PM,MIDATL,190.011
2/18/2026 3:00:00 AM,2/17/2026 10:00:00 PM,MIDATL,160.900
2/18/2026 2:00:00 AM,2/17/2026 9:00:00 PM,MIDATL,153.754
2/18/2026 1:00:00 AM,2/17/2026 8:00:00 PM,MIDATL,122.092
2/18/2026 12:00:00 AM,2/17/2026 7:00:00 PM,MIDATL,113.791
2/17/2026 11:00:00 PM,2/17/2026 6:00:00 PM,MIDATL,79.206
2/17/2026 10:00:00 PM,2/17/2026 5:00:00 PM,MIDATL,26.691
2/17/2026 9:00:00 PM,2/17/2026 4:00:00 PM,MIDATL,29.716
2/17/2026 8:00:00 PM,2/17/2026 3:00:00 PM,MIDATL,55.585
2/17/2026 7:00:00 PM,2/17/2026 2:00:00 PM,MIDATL,72.386
2/17/2026 6:00:00 PM,2/17/2026 1:00:00 PM,MIDATL,94.657
2/17/2026 5:00:00 PM,2/17/2026 12:00:00 PM,MIDATL,99.098
2/17/2026 4:00:00 PM,2/17/2026 11:00:00 AM,MIDATL,133.472
2/17/2026 3:00:00 PM,2/17/2026 10:00:00 AM,MIDATL,161.643
2/17/2026 2:00:00 PM,2/17/2026 9:00:00 AM,MIDATL,271.178
2/17/2026 1:00:00 PM,2/17/2026 8:00:00 AM,MIDATL,366.373
2/17/2026 12:00:00 PM,2/17/2026 7:00:00 AM,MIDATL,475.432
2/17/2026 11:00:00 AM,2/17/2026 6:00:00 AM,MIDATL,502.870
2/17/2026 10:00:00 AM,2/17/2026 5:00:00 AM,MIDATL,547.440
2/17/2026 9:00:00 AM,2/17/2026 4:00:00 AM,MIDATL,563.966
2/17/2026 8:00:00 AM,2/17/2026 3:00:00 AM,MIDATL,569.356
2/17/2026 7:00:00 AM,2/17/2026 2:00:00 AM,MIDATL,532.224
2/17/2026 6:00:00 AM,2/17/2026 1:00:00 AM,MIDATL,445.842
2/17/2026 5:00:00 AM,2/17/2026 12:00:00 AM,MIDATL,410.434
2/17/2026 4:00:00 AM,2/16/2026 11:00:00 PM,MIDATL,411.111
2/17/2026 3:00:00 AM,2/16/2026 10:00:00 PM,MIDATL,372.352
2/17/2026 2:00:00 AM,2/16/2026 9:00:00 PM,MIDATL,344.507
2/17/2026 1:00:00 AM,2/16/2026 8:00:00 PM,MIDATL,311.712
2/17/2026 12:00:00 AM,2/16/2026 7:00:00 PM,MIDATL,248.200
2/16/2026 11:00:00 PM,2/16/2026 6:00:00 PM,MIDATL,192.133
2/16/2026 10:00:00 PM,2/16/2026 5:00:00 PM,MIDATL,180.644
2/16/2026 9:00:00 PM,2/16/2026 4:00:00 PM,MIDATL,154.891
2/16/2026 8:00:00 PM,2/16/2026 3:00:00 PM,MIDATL,122.249
2/16/2026 7:00:00 PM,2/16/2026 2:00:00 PM,MIDATL,94.563
2/16/2026 6:00:00 PM,2/16/2026 1:00:00 PM,MIDATL,57.009
2/16/2026 5:00:00 PM,2/16/2026 12:00:00 PM,MIDATL,34.451
2/16/2026 4:00:00 PM,2/16/2026 11:00:00 AM,MIDATL,23.764
2/16/2026 3:00:00 PM,2/16/2026 10:00:00 AM,MIDATL,10.492
2/16/2026 2:00:00 PM,2/16/2026 9:00:00 AM,MIDATL,12.596
2/16/2026 1:00:00 PM,2/16/2026 8:00:00 AM,MIDATL,25.315
2/16/2026 12:00:00 PM,2/16/2026 7:00:00 AM,MIDATL,27.031
2/16/2026 11:00:00 AM,2/16/2026 6:00:00 AM,MIDATL,30.447
2/16/2026 10:00:00 AM,2/16/2026 5:00:00 AM,MIDATL,29.973
2/16/2026 9:00:00 AM,2/16/2026 4:00:00 AM,MIDATL,25.931
2/16/2026 8:00:00 AM,2/16/2026 3:00:00 AM,MIDATL,30.200
2/16/2026 7:00:00 AM,2/16/2026 2:00:00 AM,MIDATL,35.777
2/16/2026 6:00:00 AM,2/16/2026 1:00:00 AM,MIDATL,68.342
2/16/2026 5:00:00 AM,2/16/2026 12:00:00 AM,MIDATL,106.146
2/16/2026 4:00:00 AM,2/15/2026 11:00:00 PM,MIDATL,144.280
2/16/2026 3:00:00 AM,2/15/2026 10:00:00 PM,MIDATL,180.158
2/16/2026 2:00:00 AM,2/15/2026 9:00:00 PM,MIDATL,197.838
2/16/2026 1:00:00 AM,2/15/2026 8:00:00 PM,MIDATL,214.898
2/16/2026 12:00:00 AM,2/15/2026 7:00:00 PM,MIDATL,237.305
2/15/2026 11:00:00 PM,2/15/2026 6:00:00 PM,MIDATL,268.363
2/15/2026 10:00:00 PM,2/15/2026 5:00:00 PM,MIDATL,198.841
2/15/2026 9:00:00 PM,2/15/2026 4:00:00 PM,MIDATL,139.445
2/15/2026 8:00:00 PM,2/15/2026 3:00:00 PM,MIDATL,100.723
2/15/2026 7:00:00 PM,2/15/2026 2:00:00 PM,MIDATL,66.103
2/15/2026 6:00:00 PM,2/15/2026 1:00:00 PM,MIDATL,36.811
2/15/2026 5:00:00 PM,2/15/2026 12:00:00 PM,MIDATL,23.176
2/15/2026 4:00:00 PM,2/15/2026 11:00:00 AM,MIDATL,37.374
2/15/2026 3:00:00 PM,2/15/2026 10:00:00 AM,MIDATL,47.845
2/15/2026 2:00:00 PM,2/15/2026 9:00:00 AM,MIDATL,60.808
2/15/2026 1:00:00 PM,2/15/2026 8:00:00 AM,MIDATL,55.987
2/15/2026 12:00:00 PM,2/15/2026 7:00:00 AM,MIDATL,64.337
2/15/2026 11:00:00 AM,2/15/2026 6:00:00 AM,MIDATL,104.522
2/15/2026 10:00:00 AM,2/15/2026 5:00:00 AM,MIDATL,167.292
2/15/2026 9:00:00 AM,2/15/2026 4:00:00 AM,MIDATL,231.504
2/15/2026 8:00:00 AM,2/15/2026 3:00:00 AM,MIDATL,281.995
2/15/2026 7:00:00 AM,2/15/2026 2:00:00 AM,MIDATL,309.132
2/15/2026 6:00:00 AM,2/15/2026 1:00:00 AM,MIDATL,266.873
2/15/2026 5:00:00 AM,2/15/2026 12:00:00 AM,MIDATL,247.584
2/15/2026 4:00:00 AM,2/14/2026 11:00:00 PM,MIDATL,238.173
2/15/2026 3:00:00 AM,2/14/2026 10:00:00 PM,MIDATL,242.878
2/15/2026 2:00:00 AM,2/14/2026 9:00:00 PM,MIDATL,224.831
2/15/2026 1:00:00 AM,2/14/2026 8:00:00 PM,MIDATL,189.821
2/15/2026 12:00:00 AM,2/14/2026 7:00:00 PM,MIDATL,183.111
2/14/2026 11:00:00 PM,2/14/2026 6:00:00 PM,MIDATL,165.515
2/14/2026 10:00:00 PM,2/14/2026 5:00:00 PM,MIDATL,148.796
2/14/2026 9:00:00 PM,2/14/2026 4:00:00 PM,MIDATL,273.664
2/14/2026 8:00:00 PM,2/14/2026 3:00:00 PM,MIDATL,342.606
2/14/2026 7:00:00 PM,2/14/2026 2:00:00 PM,MIDATL,388.109
2/14/2026 6:00:00 PM,2/14/2026 1:00:00 PM,MIDATL,415.851
2/14/2026 5:00:00 PM,2/14/2026 12:00:00 PM,MIDATL,439.629
2/14/2026 4:00:00 PM,2/14/2026 11:00:00 AM,MIDATL,487.437
2/14/2026 3:00:00 PM,2/14/2026 10:00:00 AM,MIDATL,520.354
2/14/2026 2:00:00 PM,2/14/2026 9:00:00 AM,MIDATL,553.753
2/14/2026 1:00:00 PM,2/14/2026 8:00:00 AM,MIDATL,606.948
2/14/2026 12:00:00 PM,2/14/2026 7:00:00 AM,MIDATL,637.992
2/14/2026 11:00:00 AM,2/14/2026 6:00:00 AM,MIDATL,653.262
2/14/2026 10:00:00 AM,2/14/2026 5:00:00 AM,MIDATL,654.937
2/14/2026 9:00:00 AM,2/14/2026 4:00:00 AM,MIDATL,637.776
2/14/2026 8:00:00 AM,2/14/2026 3:00:00 AM,MIDATL,630.900
2/14/2026 7:00:00 AM,2/14/2026 2:00:00 AM,MIDATL,628.808
2/14/2026 6:00:00 AM,2/14/2026 1:00:00 AM,MIDATL,680.254
2/14/2026 5:00:00 AM,2/14/2026 12:00:00 AM,MIDATL,713.260
2/14/2026 4:00:00 AM,2/13/2026 11:00:00 PM,MIDATL,691.637
2/14/2026 3:00:00 AM,2/13/2026 10:00:00 PM,MIDATL,698.713
2/14/2026 2:00:00 AM,2/13/2026 9:00:00 PM,MIDATL,712.793
2/14/2026 1:00:00 AM,2/13/2026 8:00:00 PM,MIDATL,641.377
2/14/2026 12:00:00 AM,2/13/2026 7:00:00 PM,MIDATL,466.745
2/13/2026 11:00:00 PM,2/13/2026 6:00:00 PM,MIDATL,251.903
2/13/2026 10:00:00 PM,2/13/2026 5:00:00 PM,MIDATL,202.491
2/13/2026 9:00:00 PM,2/13/2026 4:00:00 PM,MIDATL,229.424
2/13/2026 8:00:00 PM,2/13/2026 3:00:00 PM,MIDATL,228.406
2/13/2026 7:00:00 PM,2/13/2026 2:00:00 PM,MIDATL,221.115
2/13/2026 6:00:00 PM,2/13/2026 1:00:00 PM,MIDATL,191.231
2/13/2026 5:00:00 PM,2/13/2026 12:00:00 PM,MIDATL,190.390
2/13/2026 4:00:00 PM,2/13/2026 11:00:00 AM,MIDATL,257.575
2/13/2026 3:00:00 PM,2/13/2026 10:00:00 AM,MIDATL,324.263
2/13/2026 2:00:00 PM,2/13/2026 9:00:00 AM,MIDATL,456.823
2/13/2026 1:00:00 PM,2/13/2026 8:00:00 AM,MIDATL,500.079
2/13/2026 12:00:00 PM,2/13/2026 7:00:00 AM,MIDATL,479.534
2/13/2026 11:00:00 AM,2/13/2026 6:00:00 AM,MIDATL,513.533
2/13/2026 10:00:00 AM,2/13/2026 5:00:00 AM,MIDATL,540.735
2/13/2026 9:00:00 AM,2/13/2026 4:00:00 AM,MIDATL,504.421
2/13/2026 8:00:00 AM,2/13/2026 3:00:00 AM,MIDATL,575.542
2/13/2026 7:00:00 AM,2/13/2026 2:00:00 AM,MIDATL,609.647
2/13/2026 6:00:00 AM,2/13/2026 1:00:00 AM,MIDATL,663.116
2/13/2026 5:00:00 AM,2/13/2026 12:00:00 AM,MIDATL,703.583
2/13/2026 4:00:00 AM,2/12/2026 11:00:00 PM,MIDATL,759.191
2/13/2026 3:00:00 AM,2/12/2026 10:00:00 PM,MIDATL,780.556
2/13/2026 2:00:00 AM,2/12/2026 9:00:00 PM,MIDATL,749.884
2/13/2026 1:00:00 AM,2/12/2026 8:00:00 PM,MIDATL,714.634
2/13/2026 12:00:00 AM,2/12/2026 7:00:00 PM,MIDATL,723.392
2/12/2026 11:00:00 PM,2/12/2026 6:00:00 PM,MIDATL,690.842
2/12/2026 10:00:00 PM,2/12/2026 5:00:00 PM,MIDATL,690.170
2/12/2026 9:00:00 PM,2/12/2026 4:00:00 PM,MIDATL,726.715
2/12/2026 8:00:00 PM,2/12/2026 3:00:00 PM,MIDATL,725.403
2/12/2026 7:00:00 PM,2/12/2026 2:00:00 PM,MIDATL,779.847
2/12/2026 6:00:00 PM,2/12/2026 1:00:00 PM,MIDATL,805.648
2/12/2026 5:00:00 PM,2/12/2026 12:00:00 PM,MIDATL,805.007
2/12/2026 4:00:00 PM,2/12/2026 11:00:00 AM,MIDATL,856.756
2/12/2026 3:00:00 PM,2/12/2026 10:00:00 AM,MIDATL,865.958
2/12/2026 2:00:00 PM,2/12/2026 9:00:00 AM,MIDATL,836.737
2/12/2026 1:00:00 PM,2/12/2026 8:00:00 AM,MIDATL,768.160
2/12/2026 12:00:00 PM,2/12/2026 7:00:00 AM,MIDATL,828.153
2/12/2026 11:00:00 AM,2/12/2026 6:00:00 AM,MIDATL,822.646
2/12/2026 10:00:00 AM,2/12/2026 5:00:00 AM,MIDATL,816.297
2/12/2026 9:00:00 AM,2/12/2026 4:00:00 AM,MIDATL,891.606
2/12/2026 8:00:00 AM,2/12/2026 3:00:00 AM,MIDATL,920.537
2/12/2026 7:00:00 AM,2/12/2026 2:00:00 AM,MIDATL,921.251
2/12/2026 6:00:00 AM,2/12/2026 1:00:00 AM,MIDATL,944.034
2/12/2026 5:00:00 AM,2/12/2026 12:00:00 AM,MIDATL,952.410
2/12/2026 4:00:00 AM,2/11/2026 11:00:00 PM,MIDATL,978.461
2/12/2026 3:00:00 AM,2/11/2026 10:00:00 PM,MIDATL,1006.021
2/12/2026 2:00:00 AM,2/11/2026 9:00:00 PM,MIDATL,1021.445
2/12/2026 1:00:00 AM,2/11/2026 8:00:00 PM,MIDATL,1022.401
2/12/2026 12:00:00 AM,2/11/2026 7:00:00 PM,MIDATL,999.976
2/11/2026 11:00:00 PM,2/11/2026 6:00:00 PM,MIDATL,982.632
2/11/2026 10:00:00 PM,2/11/2026 5:00:00 PM,MIDATL,976.095
2/11/2026 9:00:00 PM,2/11/2026 4:00:00 PM,MIDATL,952.670
2/11/2026 8:00:00 PM,2/11/2026 3:00:00 PM,MIDATL,950.422
2/11/2026 7:00:00 PM,2/11/2026 2:00:00 PM,MIDATL,971.171
2/11/2026 6:00:00 PM,2/11/2026 1:00:00 PM,MIDATL,971.584
2/11/2026 5:00:00 PM,2/11/2026 12:00:00 PM,MIDATL,971.371
2/11/2026 4:00:00 PM,2/11/2026 11:00:00 AM,MIDATL,985.396
2/11/2026 3:00:00 PM,2/11/2026 10:00:00 AM,MIDATL,989.288
2/11/2026 2:00:00 PM,2/11/2026 9:00:00 AM,MIDATL,967.120
2/11/2026 1:00:00 PM,2/11/2026 8:00:00 AM,MIDATL,915.489
2/11/2026 12:00:00 PM,2/11/2026 7:00:00 AM,MIDATL,921.884
2/11/2026 11:00:00 AM,2/11/2026 6:00:00 AM,MIDATL,895.997
2/11/2026 10:00:00 AM,2/11/2026 5:00:00 AM,MIDATL,838.890
2/11/2026 9:00:00 AM,2/11/2026 4:00:00 AM,MIDATL,852.451
2/11/2026 8:00:00 AM,2/11/2026 3:00:00 AM,MIDATL,829.442
2/11/2026 7:00:00 AM,2/11/2026 2:00:00 AM,MIDATL,744.843
2/11/2026 6:00:00 AM,2/11/2026 1:00:00 AM,MIDATL,720.739
2/11/2026 5:00:00 AM,2/11/2026 12:00:00 AM,MIDATL,744.322
2/11/2026 4:00:00 AM,2/10/2026 11:00:00 PM,MIDATL,785.890
2/11/2026 3:00:00 AM,2/10/2026 10:00:00 PM,MIDATL,792.509
2/11/2026 2:00:00 AM,2/10/2026 9:00:00 PM,MIDATL,773.524
2/11/2026 1:00:00 AM,2/10/2026 8:00:00 PM,MIDATL,707.803
2/11/2026 12:00:00 AM,2/10/2026 7:00:00 PM,MIDATL,701.036
2/10/2026 11:00:00 PM,2/10/2026 6:00:00 PM,MIDATL,749.217
2/10/2026 10:00:00 PM,2/10/2026 5:00:00 PM,MIDATL,808.032
2/10/2026 9:00:00 PM,2/10/2026 4:00:00 PM,MIDATL,785.312
2/10/2026 8:00:00 PM,2/10/2026 3:00:00 PM,MIDATL,686.099
2/10/2026 7:00:00 PM,2/10/2026 2:00:00 PM,MIDATL,565.160
2/10/2026 6:00:00 PM,2/10/2026 1:00:00 PM,MIDATL,418.529
2/10/2026 5:00:00 PM,2/10/2026 12:00:00 PM,MIDATL,299.931
2/10/2026 4:00:00 PM,2/10/2026 11:00:00 AM,MIDATL,296.080
2/10/2026 3:00:00 PM,2/10/2026 10:00:00 AM,MIDATL,328.414
2/10/2026 2:00:00 PM,2/10/2026 9:00:00 AM,MIDATL,373.499
2/10/2026 1:00:00 PM,2/10/2026 8:00:00 AM,MIDATL,365.439
2/10/2026 12:00:00 PM,2/10/2026 7:00:00 AM,MIDATL,302.506
2/10/2026 11:00:00 AM,2/10/2026 6:00:00 AM,MIDATL,218.463
2/10/2026 10:00:00 AM,2/10/2026 5:00:00 AM,MIDATL,206.761
2/10/2026 9:00:00 AM,2/10/2026 4:00:00 AM,MIDATL,229.288
2/10/2026 8:00:00 AM,2/10/2026 3:00:00 AM,MIDATL,278.495
2/10/2026 7:00:00 AM,2/10/2026 2:00:00 AM,MIDATL,273.077
2/10/2026 6:00:00 AM,2/10/2026 1:00:00 AM,MIDATL,307.937
2/10/2026 5:00:00 AM,2/10/2026 12:00:00 AM,MIDATL,245.539
2/10/2026 4:00:00 AM,2/9/2026 11:00:00 PM,MIDATL,158.732
2/10/2026 3:00:00 AM,2/9/2026 10:00:00 PM,MIDATL,113.812
2/10/2026 2:00:00 AM,2/9/2026 9:00:00 PM,MIDATL,90.005
2/10/2026 1:00:00 AM,2/9/2026 8:00:00 PM,MIDATL,65.662
2/10/2026 12:00:00 AM,2/9/2026 7:00:00 PM,MIDATL,48.746
2/9/2026 11:00:00 PM,2/9/2026 6:00:00 PM,MIDATL,53.535
2/9/2026 10:00:00 PM,2/9/2026 5:00:00 PM,MIDATL,39.862
2/9/2026 9:00:00 PM,2/9/2026 4:00:00 PM,MIDATL,8.028
2/9/2026 8:00:00 PM,2/9/2026 3:00:00 PM,MIDATL,6.272
2/9/2026 7:00:00 PM,2/9/2026 2:00:00 PM,MIDATL,8.833
2/9/2026 6:00:00 PM,2/9/2026 1:00:00 PM,MIDATL,9.385
2/9/2026 5:00:00 PM,2/9/2026 12:00:00 PM,MIDATL,8.456
2/9/2026 4:00:00 PM,2/9/2026 11:00:00 AM,MIDATL,23.466
2/9/2026 3:00:00 PM,2/9/2026 10:00:00 AM,MIDATL,47.448
2/9/2026 2:00:00 PM,2/9/2026 9:00:00 AM,MIDATL,81.543
2/9/2026 1:00:00 PM,2/9/2026 8:00:00 AM,MIDATL,114.233
2/9/2026 12:00:00 PM,2/9/2026 7:00:00 AM,MIDATL,148.017
2/9/2026 11:00:00 AM,2/9/2026 6:00:00 AM,MIDATL,208.612
2/9/2026 10:00:00 AM,2/9/2026 5:00:00 AM,MIDATL,251.156
2/9/2026 9:00:00 AM,2/9/2026 4:00:00 AM,MIDATL,318.447
2/9/2026 8:00:00 AM,2/9/2026 3:00:00 AM,MIDATL,360.442
2/9/2026 7:00:00 AM,2/9/2026 2:00:00 AM,MIDATL,412.325
2/9/2026 6:00:00 AM,2/9/2026 1:00:00 AM,MIDATL,458.306
2/9/2026 5:00:00 AM,2/9/2026 12:00:00 AM,MIDATL,498.078
2/9/2026 4:00:00 AM,2/8/2026 11:00:00 PM,MIDATL,523.372
2/9/2026 3:00:00 AM,2/8/2026 10:00:00 PM,MIDATL,527.685
2/9/2026 2:00:00 AM,2/8/2026 9:00:00 PM,MIDATL,601.176
2/9/2026 1:00:00 AM,2/8/2026 8:00:00 PM,MIDATL,639.415
2/9/2026 12:00:00 AM,2/8/2026 7:00:00 PM,MIDATL,667.900
2/8/2026 11:00:00 PM,2/8/2026 6:00:00 PM,MIDATL,633.669
2/8/2026 10:00:00 PM,2/8/2026 5:00:00 PM,MIDATL,541.024
2/8/2026 9:00:00 PM,2/8/2026 4:00:00 PM,MIDATL,598.471
2/8/2026 8:00:00 PM,2/8/2026 3:00:00 PM,MIDATL,647.620
2/8/2026 7:00:00 PM,2/8/2026 2:00:00 PM,MIDATL,703.481
2/8/2026 6:00:00 PM,2/8/2026 1:00:00 PM,MIDATL,748.175
2/8/2026 5:00:00 PM,2/8/2026 12:00:00 PM,MIDATL,836.667
2/8/2026 4:00:00 PM,2/8/2026 11:00:00 AM,MIDATL,868.146
2/8/2026 3:00:00 PM,2/8/2026 10:00:00 AM,MIDATL,890.536
2/8/2026 2:00:00 PM,2/8/2026 9:00:00 AM,MIDATL,884.374
2/8/2026 1:00:00 PM,2/8/2026 8:00:00 AM,MIDATL,828.467
2/8/2026 12:00:00 PM,2/8/2026 7:00:00 AM,MIDATL,837.577
2/8/2026 11:00:00 AM,2/8/2026 6:00:00 AM,MIDATL,847.237
2/8/2026 10:00:00 AM,2/8/2026 5:00:00 AM,MIDATL,836.427
2/8/2026 9:00:00 AM,2/8/2026 4:00:00 AM,MIDATL,862.241
2/8/2026 8:00:00 AM,2/8/2026 3:00:00 AM,MIDATL,881.265
2/8/2026 7:00:00 AM,2/8/2026 2:00:00 AM,MIDATL,906.045
2/8/2026 6:00:00 AM,2/8/2026 1:00:00 AM,MIDATL,912.753
2/8/2026 5:00:00 AM,2/8/2026 12:00:00 AM,MIDATL,933.553
2/8/2026 4:00:00 AM,2/7/2026 11:00:00 PM,MIDATL,957.712
2/8/2026 3:00:00 AM,2/7/2026 10:00:00 PM,MIDATL,937.565
2/8/2026 2:00:00 AM,2/7/2026 9:00:00 PM,MIDATL,949.865
2/8/2026 1:00:00 AM,2/7/2026 8:00:00 PM,MIDATL,961.910
2/8/2026 12:00:00 AM,2/7/2026 7:00:00 PM,MIDATL,991.809
2/7/2026 11:00:00 PM,2/7/2026 6:00:00 PM,MIDATL,1003.075
2/7/2026 10:00:00 PM,2/7/2026 5:00:00 PM,MIDATL,995.051
2/7/2026 9:00:00 PM,2/7/2026 4:00:00 PM,MIDATL,963.966
2/7/2026 8:00:00 PM,2/7/2026 3:00:00 PM,MIDATL,980.391
2/7/2026 7:00:00 PM,2/7/2026 2:00:00 PM,MIDATL,972.818
2/7/2026 6:00:00 PM,2/7/2026 1:00:00 PM,MIDATL,981.198
2/7/2026 5:00:00 PM,2/7/2026 12:00:00 PM,MIDATL,961.104
2/7/2026 4:00:00 PM,2/7/2026 11:00:00 AM,MIDATL,966.393
2/7/2026 3:00:00 PM,2/7/2026 10:00:00 AM,MIDATL,973.974
2/7/2026 2:00:00 PM,2/7/2026 9:00:00 AM,MIDATL,937.872
2/7/2026 1:00:00 PM,2/7/2026 8:00:00 AM,MIDATL,902.906
2/7/2026 12:00:00 PM,2/7/2026 7:00:00 AM,MIDATL,928.662
2/7/2026 11:00:00 AM,2/7/2026 6:00:00 AM,MIDATL,979.213
2/7/2026 10:00:00 AM,2/7/2026 5:00:00 AM,MIDATL,992.625
2/7/2026 9:00:00 AM,2/7/2026 4:00:00 AM,MIDATL,1005.466
2/7/2026 8:00:00 AM,2/7/2026 3:00:00 AM,MIDATL,1010.063
2/7/2026 7:00:00 AM,2/7/2026 2:00:00 AM,MIDATL,1001.438
2/7/2026 6:00:00 AM,2/7/2026 1:00:00 AM,MIDATL,963.862
2/7/2026 5:00:00 AM,2/7/2026 12:00:00 AM,MIDATL,884.222
2/7/2026 4:00:00 AM,2/6/2026 11:00:00 PM,MIDATL,806.269
2/7/2026 3:00:00 AM,2/6/2026 10:00:00 PM,MIDATL,655.820
2/7/2026 2:00:00 AM,2/6/2026 9:00:00 PM,MIDATL,629.712
2/7/2026 1:00:00 AM,2/6/2026 8:00:00 PM,MIDATL,582.993
2/7/2026 12:00:00 AM,2/6/2026 7:00:00 PM,MIDATL,528.744
2/6/2026 11:00:00 PM,2/6/2026 6:00:00 PM,MIDATL,433.261
2/6/2026 10:00:00 PM,2/6/2026 5:00:00 PM,MIDATL,299.028
2/6/2026 9:00:00 PM,2/6/2026 4:00:00 PM,MIDATL,290.332
2/6/2026 8:00:00 PM,2/6/2026 3:00:00 PM,MIDATL,231.905
2/6/2026 7:00:00 PM,2/6/2026 2:00:00 PM,MIDATL,167.126
2/6/2026 6:00:00 PM,2/6/2026 1:00:00 PM,MIDATL,117.824
2/6/2026 5:00:00 PM,2/6/2026 12:00:00 PM,MIDATL,77.991
2/6/2026 4:00:00 PM,2/6/2026 11:00:00 AM,MIDATL,110.329
2/6/2026 3:00:00 PM,2/6/2026 10:00:00 AM,MIDATL,138.570
2/6/2026 2:00:00 PM,2/6/2026 9:00:00 AM,MIDATL,139.711
2/6/2026 1:00:00 PM,2/6/2026 8:00:00 AM,MIDATL,144.791
2/6/2026 12:00:00 PM,2/6/2026 7:00:00 AM,MIDATL,179.194
2/6/2026 11:00:00 AM,2/6/2026 6:00:00 AM,MIDATL,160.969
2/6/2026 10:00:00 AM,2/6/2026 5:00:00 AM,MIDATL,214.170
2/6/2026 9:00:00 AM,2/6/2026 4:00:00 AM,MIDATL,263.877
2/6/2026 8:00:00 AM,2/6/2026 3:00:00 AM,MIDATL,300.681
2/6/2026 7:00:00 AM,2/6/2026 2:00:00 AM,MIDATL,335.749
2/6/2026 6:00:00 AM,2/6/2026 1:00:00 AM,MIDATL,248.025
2/6/2026 5:00:00 AM,2/6/2026 12:00:00 AM,MIDATL,235.214
2/6/2026 4:00:00 AM,2/5/2026 11:00:00 PM,MIDATL,272.971
2/6/2026 3:00:00 AM,2/5/2026 10:00:00 PM,MIDATL,241.871
2/6/2026 2:00:00 AM,2/5/2026 9:00:00 PM,MIDATL,160.876
2/6/2026 1:00:00 AM,2/5/2026 8:00:00 PM,MIDATL,91.459
2/6/2026 12:00:00 AM,2/5/2026 7:00:00 PM,MIDATL,59.527
2/5/2026 11:00:00 PM,2/5/2026 6:00:00 PM,MIDATL,46.267
2/5/2026 10:00:00 PM,2/5/2026 5:00:00 PM,MIDATL,36.698
2/5/2026 9:00:00 PM,2/5/2026 4:00:00 PM,MIDATL,43.274
2/5/2026 8:00:00 PM,2/5/2026 3:00:00 PM,MIDATL,46.713
2/5/2026 7:00:00 PM,2/5/2026 2:00:00 PM,MIDATL,30.711
2/5/2026 6:00:00 PM,2/5/2026 1:00:00 PM,MIDATL,7.339
2/5/2026 5:00:00 PM,2/5/2026 12:00:00 PM,MIDATL,-0.687
2/5/2026 4:00:00 PM,2/5/2026 11:00:00 AM,MIDATL,1.028
2/5/2026 3:00:00 PM,2/5/2026 10:00:00 AM,MIDATL,20.414
2/5/2026 2:00:00 PM,2/5/2026 9:00:00 AM,MIDATL,78.728
2/5/2026 1:00:00 PM,2/5/2026 8:00:00 AM,MIDATL,147.773
2/5/2026 12:00:00 PM,2/5/2026 7:00:00 AM,MIDATL,182.560
2/5/2026 11:00:00 AM,2/5/2026 6:00:00 AM,MIDATL,170.512
2/5/2026 10:00:00 AM,2/5/2026 5:00:00 AM,MIDATL,160.923
2/5/2026 9:00:00 AM,2/5/2026 4:00:00 AM,MIDATL,191.998
2/5/2026 8:00:00 AM,2/5/2026 3:00:00 AM,MIDATL,182.236
2/5/2026 7:00:00 AM,2/5/2026 2:00:00 AM,MIDATL,142.939
2/5/2026 6:00:00 AM,2/5/2026 1:00:00 AM,MIDATL,152.474
2/5/2026 5:00:00 AM,2/5/2026 12:00:00 AM,MIDATL,172.473
2/5/2026 4:00:00 AM,2/4/2026 11:00:00 PM,MIDATL,157.365
2/5/2026 3:00:00 AM,2/4/2026 10:00:00 PM,MIDATL,205.842
2/5/2026 2:00:00 AM,2/4/2026 9:00:00 PM,MIDATL,242.314
2/5/2026 1:00:00 AM,2/4/2026 8:00:00 PM,MIDATL,198.106
2/5/2026 12:00:00 AM,2/4/2026 7:00:00 PM,MIDATL,172.179
2/4/2026 11:00:00 PM,2/4/2026 6:00:00 PM,MIDATL,137.132
2/4/2026 10:00:00 PM,2/4/2026 5:00:00 PM,MIDATL,98.070
2/4/2026 9:00:00 PM,2/4/2026 4:00:00 PM,MIDATL,73.926
2/4/2026 8:00:00 PM,2/4/2026 3:00:00 PM,MIDATL,67.091
2/4/2026 7:00:00 PM,2/4/2026 2:00:00 PM,MIDATL,63.271
2/4/2026 6:00:00 PM,2/4/2026 1:00:00 PM,MIDATL,44.392
2/4/2026 5:00:00 PM,2/4/2026 12:00:00 PM,MIDATL,35.878
2/4/2026 4:00:00 PM,2/4/2026 11:00:00 AM,MIDATL,36.684
2/4/2026 3:00:00 PM,2/4/2026 10:00:00 AM,MIDATL,58.105
2/4/2026 2:00:00 PM,2/4/2026 9:00:00 AM,MIDATL,111.436
2/4/2026 1:00:00 PM,2/4/2026 8:00:00 AM,MIDATL,252.219
2/4/2026 12:00:00 PM,2/4/2026 7:00:00 AM,MIDATL,359.851
2/4/2026 11:00:00 AM,2/4/2026 6:00:00 AM,MIDATL,382.644
2/4/2026 10:00:00 AM,2/4/2026 5:00:00 AM,MIDATL,335.668
2/4/2026 9:00:00 AM,2/4/2026 4:00:00 AM,MIDATL,273.874
2/4/2026 8:00:00 AM,2/4/2026 3:00:00 AM,MIDATL,238.852
2/4/2026 7:00:00 AM,2/4/2026 2:00:00 AM,MIDATL,215.239
2/4/2026 6:00:00 AM,2/4/2026 1:00:00 AM,MIDATL,202.799
2/4/2026 5:00:00 AM,2/4/2026 12:00:00 AM,MIDATL,161.601
2/4/2026 4:00:00 AM,2/3/2026 11:00:00 PM,MIDATL,116.773
2/4/2026 3:00:00 AM,2/3/2026 10:00:00 PM,MIDATL,81.943
2/4/2026 2:00:00 AM,2/3/2026 9:00:00 PM,MIDATL,59.003
2/4/2026 1:00:00 AM,2/3/2026 8:00:00 PM,MIDATL,54.720
2/4/2026 12:00:00 AM,2/3/2026 7:00:00 PM,MIDATL,49.385
2/3/2026 11:00:00 PM,2/3/2026 6:00:00 PM,MIDATL,47.315
2/3/2026 10:00:00 PM,2/3/2026 5:00:00 PM,MIDATL,54.049
2/3/2026 9:00:00 PM,2/3/2026 4:00:00 PM,MIDATL,87.417
2/3/2026 8:00:00 PM,2/3/2026 3:00:00 PM,MIDATL,125.904
2/3/2026 7:00:00 PM,2/3/2026 2:00:00 PM,MIDATL,150.559
2/3/2026 6:00:00 PM,2/3/2026 1:00:00 PM,MIDATL,170.183
2/3/2026 5:00:00 PM,2/3/2026 12:00:00 PM,MIDATL,149.658
2/3/2026 4:00:00 PM,2/3/2026 11:00:00 AM,MIDATL,188.778
2/3/2026 3:00:00 PM,2/3/2026 10:00:00 AM,MIDATL,195.913
2/3/2026 2:00:00 PM,2/3/2026 9:00:00 AM,MIDATL,192.729
2/3/2026 1:00:00 PM,2/3/2026 8:00:00 AM,MIDATL,250.541
2/3/2026 12:00:00 PM,2/3/2026 7:00:00 AM,MIDATL,303.993
2/3/2026 11:00:00 AM,2/3/2026 6:00:00 AM,MIDATL,339.227
2/3/2026 10:00:00 AM,2/3/2026 5:00:00 AM,MIDATL,345.347
2/3/2026 9:00:00 AM,2/3/2026 4:00:00 AM,MIDATL,288.567
2/3/2026 8:00:00 AM,2/3/2026 3:00:00 AM,MIDATL,278.793
2/3/2026 7:00:00 AM,2/3/2026 2:00:00 AM,MIDATL,368.755
2/3/2026 6:00:00 AM,2/3/2026 1:00:00 AM,MIDATL,414.905
2/3/2026 5:00:00 AM,2/3/2026 12:00:00 AM,MIDATL,393.275
2/3/2026 4:00:00 AM,2/2/2026 11:00:00 PM,MIDATL,347.328
2/3/2026 3:00:00 AM,2/2/2026 10:00:00 PM,MIDATL,323.565
2/3/2026 2:00:00 AM,2/2/2026 9:00:00 PM,MIDATL,330.639
2/3/2026 1:00:00 AM,2/2/2026 8:00:00 PM,MIDATL,271.255
2/3/2026 12:00:00 AM,2/2/2026 7:00:00 PM,MIDATL,264.232
2/2/2026 11:00:00 PM,2/2/2026 6:00:00 PM,MIDATL,201.549
2/2/2026 10:00:00 PM,2/2/2026 5:00:00 PM,MIDATL,120.595
2/2/2026 9:00:00 PM,2/2/2026 4:00:00 PM,MIDATL,161.602
2/2/2026 8:00:00 PM,2/2/2026 3:00:00 PM,MIDATL,183.384
2/2/2026 7:00:00 PM,2/2/2026 2:00:00 PM,MIDATL,212.982
2/2/2026 6:00:00 PM,2/2/2026 1:00:00 PM,MIDATL,244.117
2/2/2026 5:00:00 PM,2/2/2026 12:00:00 PM,MIDATL,265.347
2/2/2026 4:00:00 PM,2/2/2026 11:00:00 AM,MIDATL,363.327
2/2/2026 3:00:00 PM,2/2/2026 10:00:00 AM,MIDATL,570.391
2/2/2026 2:00:00 PM,2/2/2026 9:00:00 AM,MIDATL,645.770
2/2/2026 1:00:00 PM,2/2/2026 8:00:00 AM,MIDATL,690.140
2/2/2026 12:00:00 PM,2/2/2026 7:00:00 AM,MIDATL,768.101
2/2/2026 11:00:00 AM,2/2/2026 6:00:00 AM,MIDATL,705.703
2/2/2026 10:00:00 AM,2/2/2026 5:00:00 AM,MIDATL,788.329
2/2/2026 9:00:00 AM,2/2/2026 4:00:00 AM,MIDATL,858.346
2/2/2026 8:00:00 AM,2/2/2026 3:00:00 AM,MIDATL,895.936
2/2/2026 7:00:00 AM,2/2/2026 2:00:00 AM,MIDATL,903.179
2/2/2026 6:00:00 AM,2/2/2026 1:00:00 AM,MIDATL,921.057
2/2/2026 5:00:00 AM,2/2/2026 12:00:00 AM,MIDATL,940.508
2/2/2026 4:00:00 AM,2/1/2026 11:00:00 PM,MIDATL,920.453
2/2/2026 3:00:00 AM,2/1/2026 10:00:00 PM,MIDATL,927.629
2/2/2026 2:00:00 AM,2/1/2026 9:00:00 PM,MIDATL,969.544
2/2/2026 1:00:00 AM,2/1/2026 8:00:00 PM,MIDATL,970.095
2/2/2026 12:00:00 AM,2/1/2026 7:00:00 PM,MIDATL,945.885
2/1/2026 11:00:00 PM,2/1/2026 6:00:00 PM,MIDATL,944.126
2/1/2026 10:00:00 PM,2/1/2026 5:00:00 PM,MIDATL,947.284
2/1/2026 9:00:00 PM,2/1/2026 4:00:00 PM,MIDATL,948.938
2/1/2026 8:00:00 PM,2/1/2026 3:00:00 PM,MIDATL,934.349
2/1/2026 7:00:00 PM,2/1/2026 2:00:00 PM,MIDATL,912.698
2/1/2026 6:00:00 PM,2/1/2026 1:00:00 PM,MIDATL,881.761
2/1/2026 5:00:00 PM,2/1/2026 12:00:00 PM,MIDATL,902.813
2/1/2026 4:00:00 PM,2/1/2026 11:00:00 AM,MIDATL,935.951
2/1/2026 3:00:00 PM,2/1/2026 10:00:00 AM,MIDATL,838.745
2/1/2026 2:00:00 PM,2/1/2026 9:00:00 AM,MIDATL,833.713
2/1/2026 1:00:00 PM,2/1/2026 8:00:00 AM,MIDATL,810.247
2/1/2026 12:00:00 PM,2/1/2026 7:00:00 AM,MIDATL,796.934
2/1/2026 11:00:00 AM,2/1/2026 6:00:00 AM,MIDATL,719.350
2/1/2026 10:00:00 AM,2/1/2026 5:00:00 AM,MIDATL,802.238
2/1/2026 9:00:00 AM,2/1/2026 4:00:00 AM,MIDATL,787.502
2/1/2026 8:00:00 AM,2/1/2026 3:00:00 AM,MIDATL,818.780
2/1/2026 7:00:00 AM,2/1/2026 2:00:00 AM,MIDATL,767.259
2/1/2026 6:00:00 AM,2/1/2026 1:00:00 AM,MIDATL,697.813
2/1/2026 5:00:00 AM,2/1/2026 12:00:00 AM,MIDATL,569.802
2/1/2026 4:00:00 AM,1/31/2026 11:00:00 PM,MIDATL,578.883
2/1/2026 3:00:00 AM,1/31/2026 10:00:00 PM,MIDATL,593.100
2/1/2026 2:00:00 AM,1/31/2026 9:00:00 PM,MIDATL,737.006
2/1/2026 1:00:00 AM,1/31/2026 8:00:00 PM,MIDATL,660.012
2/1/2026 12:00:00 AM,1/31/2026 7:00:00 PM,MIDATL,605.990
1/31/2026 11:00:00 PM,1/31/2026 6:00:00 PM,MIDATL,561.123
1/31/2026 10:00:00 PM,1/31/2026 5:00:00 PM,MIDATL,498.473
1/31/2026 9:00:00 PM,1/31/2026 4:00:00 PM,MIDATL,405.093
1/31/2026 8:00:00 PM,1/31/2026 3:00:00 PM,MIDATL,315.684
1/31/2026 7:00:00 PM,1/31/2026 2:00:00 PM,MIDATL,230.270
1/31/2026 6:00:00 PM,1/31/2026 1:00:00 PM,MIDATL,190.326
1/31/2026 5:00:00 PM,1/31/2026 12:00:00 PM,MIDATL,179.944
1/31/2026 4:00:00 PM,1/31/2026 11:00:00 AM,MIDATL,162.996
1/31/2026 3:00:00 PM,1/31/2026 10:00:00 AM,MIDATL,144.023
1/31/2026 2:00:00 PM,1/31/2026 9:00:00 AM,MIDATL,145.562
1/31/2026 1:00:00 PM,1/31/2026 8:00:00 AM,MIDATL,187.314
1/31/2026 12:00:00 PM,1/31/2026 7:00:00 AM,MIDATL,212.630
1/31/2026 11:00:00 AM,1/31/2026 6:00:00 AM,MIDATL,210.228
1/31/2026 10:00:00 AM,1/31/2026 5:00:00 AM,MIDATL,241.159
1/31/2026 9:00:00 AM,1/31/2026 4:00:00 AM,MIDATL,288.381
1/31/2026 8:00:00 AM,1/31/2026 3:00:00 AM,MIDATL,321.820
1/31/2026 7:00:00 AM,1/31/2026 2:00:00 AM,MIDATL,390.373
1/31/2026 6:00:00 AM,1/31/2026 1:00:00 AM,MIDATL,457.617
1/31/2026 5:00:00 AM,1/31/2026 12:00:00 AM,MIDATL,491.389
1/31/2026 4:00:00 AM,1/30/2026 11:00:00 PM,MIDATL,565.412
1/31/2026 3:00:00 AM,1/30/2026 10:00:00 PM,MIDATL,589.514
1/31/2026 2:00:00 AM,1/30/2026 9:00:00 PM,MIDATL,641.895
1/31/2026 1:00:00 AM,1/30/2026 8:00:00 PM,MIDATL,628.390
1/31/2026 12:00:00 AM,1/30/2026 7:00:00 PM,MIDATL,592.828
1/30/2026 11:00:00 PM,1/30/2026 6:00:00 PM,MIDATL,538.187
1/30/2026 10:00:00 PM,1/30/2026 5:00:00 PM,MIDATL,467.552
1/30/2026 9:00:00 PM,1/30/2026 4:00:00 PM,MIDATL,464.046
1/30/2026 8:00:00 PM,1/30/2026 3:00:00 PM,MIDATL,489.224
1/30/2026 7:00:00 PM,1/30/2026 2:00:00 PM,MIDATL,553.149
1/30/2026 6:00:00 PM,1/30/2026 1:00:00 PM,MIDATL,547.054
1/30/2026 5:00:00 PM,1/30/2026 12:00:00 PM,MIDATL,490.760
1/30/2026 4:00:00 PM,1/30/2026 11:00:00 AM,MIDATL,447.233
1/30/2026 3:00:00 PM,1/30/2026 10:00:00 AM,MIDATL,428.328
1/30/2026 2:00:00 PM,1/30/2026 9:00:00 AM,MIDATL,460.073
1/30/2026 1:00:00 PM,1/30/2026 8:00:00 AM,MIDATL,473.125
1/30/2026 12:00:00 PM,1/30/2026 7:00:00 AM,MIDATL,475.132
1/30/2026 11:00:00 AM,1/30/2026 6:00:00 AM,MIDATL,475.461
1/30/2026 10:00:00 AM,1/30/2026 5:00:00 AM,MIDATL,500.959
1/30/2026 9:00:00 AM,1/30/2026 4:00:00 AM,MIDATL,533.419
1/30/2026 8:00:00 AM,1/30/2026 3:00:00 AM,MIDATL,515.377
1/30/2026 7:00:00 AM,1/30/2026 2:00:00 AM,MIDATL,515.636
1/30/2026 6:00:00 AM,1/30/2026 1:00:00 AM,MIDATL,585.407
1/30/2026 5:00:00 AM,1/30/2026 12:00:00 AM,MIDATL,601.283
1/30/2026 4:00:00 AM,1/29/2026 11:00:00 PM,MIDATL,580.181
1/30/2026 3:00:00 AM,1/29/2026 10:00:00 PM,MIDATL,570.979
1/30/2026 2:00:00 AM,1/29/2026 9:00:00 PM,MIDATL,528.341
1/30/2026 1:00:00 AM,1/29/2026 8:00:00 PM,MIDATL,547.642
1/30/2026 12:00:00 AM,1/29/2026 7:00:00 PM,MIDATL,531.188
1/29/2026 11:00:00 PM,1/29/2026 6:00:00 PM,MIDATL,504.973
1/29/2026 10:00:00 PM,1/29/2026 5:00:00 PM,MIDATL,447.303
1/29/2026 9:00:00 PM,1/29/2026 4:00:00 PM,MIDATL,440.176
1/29/2026 8:00:00 PM,1/29/2026 3:00:00 PM,MIDATL,486.329
1/29/2026 7:00:00 PM,1/29/2026 2:00:00 PM,MIDATL,507.751
1/29/2026 6:00:00 PM,1/29/2026 1:00:00 PM,MIDATL,551.652
1/29/2026 5:00:00 PM,1/29/2026 12:00:00 PM,MIDATL,553.279
1/29/2026 4:00:00 PM,1/29/2026 11:00:00 AM,MIDATL,609.348
1/29/2026 3:00:00 PM,1/29/2026 10:00:00 AM,MIDATL,675.183
1/29/2026 2:00:00 PM,1/29/2026 9:00:00 AM,MIDATL,696.150
1/29/2026 1:00:00 PM,1/29/2026 8:00:00 AM,MIDATL,740.921
1/29/2026 12:00:00 PM,1/29/2026 7:00:00 AM,MIDATL,756.547
1/29/2026 11:00:00 AM,1/29/2026 6:00:00 AM,MIDATL,776.858
1/29/2026 10:00:00 AM,1/29/2026 5:00:00 AM,MIDATL,780.063
1/29/2026 9:00:00 AM,1/29/2026 4:00:00 AM,MIDATL,733.362
1/29/2026 8:00:00 AM,1/29/2026 3:00:00 AM,MIDATL,663.662
1/29/2026 7:00:00 AM,1/29/2026 2:00:00 AM,MIDATL,615.989
1/29/2026 6:00:00 AM,1/29/2026 1:00:00 AM,MIDATL,648.504
1/29/2026 5:00:00 AM,1/29/2026 12:00:00 AM,MIDATL,674.296
1/29/2026 4:00:00 AM,1/28/2026 11:00:00 PM,MIDATL,684.411
1/29/2026 3:00:00 AM,1/28/2026 10:00:00 PM,MIDATL,673.685
1/29/2026 2:00:00 AM,1/28/2026 9:00:00 PM,MIDATL,602.374
1/29/2026 1:00:00 AM,1/28/2026 8:00:00 PM,MIDATL,499.458
1/29/2026 12:00:00 AM,1/28/2026 7:00:00 PM,MIDATL,406.755
1/28/2026 11:00:00 PM,1/28/2026 6:00:00 PM,MIDATL,335.227
1/28/2026 10:00:00 PM,1/28/2026 5:00:00 PM,MIDATL,280.066
1/28/2026 9:00:00 PM,1/28/2026 4:00:00 PM,MIDATL,294.635
1/28/2026 8:00:00 PM,1/28/2026 3:00:00 PM,MIDATL,263.456
1/28/2026 7:00:00 PM,1/28/2026 2:00:00 PM,MIDATL,267.358
1/28/2026 6:00:00 PM,1/28/2026 1:00:00 PM,MIDATL,344.740
1/28/2026 5:00:00 PM,1/28/2026 12:00:00 PM,MIDATL,369.848
1/28/2026 4:00:00 PM,1/28/2026 11:00:00 AM,MIDATL,312.370
1/28/2026 3:00:00 PM,1/28/2026 10:00:00 AM,MIDATL,276.873
1/28/2026 2:00:00 PM,1/28/2026 9:00:00 AM,MIDATL,280.046
1/28/2026 1:00:00 PM,1/28/2026 8:00:00 AM,MIDATL,380.497
1/28/2026 12:00:00 PM,1/28/2026 7:00:00 AM,MIDATL,454.929
1/28/2026 11:00:00 AM,1/28/2026 6:00:00 AM,MIDATL,506.723
1/28/2026 10:00:00 AM,1/28/2026 5:00:00 AM,MIDATL,543.748
1/28/2026 9:00:00 AM,1/28/2026 4:00:00 AM,MIDATL,609.280
1/28/2026 8:00:00 AM,1/28/2026 3:00:00 AM,MIDATL,736.584
1/28/2026 7:00:00 AM,1/28/2026 2:00:00 AM,MIDATL,844.406
1/28/2026 6:00:00 AM,1/28/2026 1:00:00 AM,MIDATL,888.090
1/28/2026 5:00:00 AM,1/28/2026 12:00:00 AM,MIDATL,909.844
1/28/2026 4:00:00 AM,1/27/2026 11:00:00 PM,MIDATL,919.775
1/28/2026 3:00:00 AM,1/27/2026 10:00:00 PM,MIDATL,920.296
1/28/2026 2:00:00 AM,1/27/2026 9:00:00 PM,MIDATL,881.994
1/28/2026 1:00:00 AM,1/27/2026 8:00:00 PM,MIDATL,838.762
1/28/2026 12:00:00 AM,1/27/2026 7:00:00 PM,MIDATL,819.352
1/27/2026 11:00:00 PM,1/27/2026 6:00:00 PM,MIDATL,735.688
1/27/2026 10:00:00 PM,1/27/2026 5:00:00 PM,MIDATL,665.542
1/27/2026 9:00:00 PM,1/27/2026 4:00:00 PM,MIDATL,592.399
1/27/2026 8:00:00 PM,1/27/2026 3:00:00 PM,MIDATL,601.818
1/27/2026 7:00:00 PM,1/27/2026 2:00:00 PM,MIDATL,630.914
1/27/2026 6:00:00 PM,1/27/2026 1:00:00 PM,MIDATL,676.077
1/27/2026 5:00:00 PM,1/27/2026 12:00:00 PM,MIDATL,640.015
1/27/2026 4:00:00 PM,1/27/2026 11:00:00 AM,MIDATL,577.055
1/27/2026 3:00:00 PM,1/27/2026 10:00:00 AM,MIDATL,611.972
1/27/2026 2:00:00 PM,1/27/2026 9:00:00 AM,MIDATL,646.281
1/27/2026 1:00:00 PM,1/27/2026 8:00:00 AM,MIDATL,657.668
1/27/2026 12:00:00 PM,1/27/2026 7:00:00 AM,MIDATL,673.550
1/27/2026 11:00:00 AM,1/27/2026 6:00:00 AM,MIDATL,617.076
1/27/2026 10:00:00 AM,1/27/2026 5:00:00 AM,MIDATL,617.833
1/27/2026 9:00:00 AM,1/27/2026 4:00:00 AM,MIDATL,720.722
1/27/2026 8:00:00 AM,1/27/2026 3:00:00 AM,MIDATL,758.355
1/27/2026 7:00:00 AM,1/27/2026 2:00:00 AM,MIDATL,790.536
1/27/2026 6:00:00 AM,1/27/2026 1:00:00 AM,MIDATL,805.262
1/27/2026 5:00:00 AM,1/27/2026 12:00:00 AM,MIDATL,837.811
1/27/2026 4:00:00 AM,1/26/2026 11:00:00 PM,MIDATL,786.802
1/27/2026 3:00:00 AM,1/26/2026 10:00:00 PM,MIDATL,875.663
1/27/2026 2:00:00 AM,1/26/2026 9:00:00 PM,MIDATL,939.623
1/27/2026 1:00:00 AM,1/26/2026 8:00:00 PM,MIDATL,945.011
1/27/2026 12:00:00 AM,1/26/2026 7:00:00 PM,MIDATL,914.476
1/26/2026 11:00:00 PM,1/26/2026 6:00:00 PM,MIDATL,813.440
1/26/2026 10:00:00 PM,1/26/2026 5:00:00 PM,MIDATL,776.201
1/26/2026 9:00:00 PM,1/26/2026 4:00:00 PM,MIDATL,720.764
1/26/2026 8:00:00 PM,1/26/2026 3:00:00 PM,MIDATL,656.176
1/26/2026 7:00:00 PM,1/26/2026 2:00:00 PM,MIDATL,647.816
1/26/2026 6:00:00 PM,1/26/2026 1:00:00 PM,MIDATL,595.947
1/26/2026 5:00:00 PM,1/26/2026 12:00:00 PM,MIDATL,554.308
1/26/2026 4:00:00 PM,1/26/2026 11:00:00 AM,MIDATL,513.294
1/26/2026 3:00:00 PM,1/26/2026 10:00:00 AM,MIDATL,455.585
1/26/2026 2:00:00 PM,1/26/2026 9:00:00 AM,MIDATL,429.335
1/26/2026 1:00:00 PM,1/26/2026 8:00:00 AM,MIDATL,418.536
1/26/2026 12:00:00 PM,1/26/2026 7:00:00 AM,MIDATL,434.420
1/26/2026 11:00:00 AM,1/26/2026 6:00:00 AM,MIDATL,433.017
1/26/2026 10:00:00 AM,1/26/2026 5:00:00 AM,MIDATL,431.471
1/26/2026 9:00:00 AM,1/26/2026 4:00:00 AM,MIDATL,406.698
1/26/2026 8:00:00 AM,1/26/2026 3:00:00 AM,MIDATL,391.692
1/26/2026 7:00:00 AM,1/26/2026 2:00:00 AM,MIDATL,374.484
1/26/2026 6:00:00 AM,1/26/2026 1:00:00 AM,MIDATL,376.076
1/26/2026 5:00:00 AM,1/26/2026 12:00:00 AM,MIDATL,333.724
1/26/2026 4:00:00 AM,1/25/2026 11:00:00 PM,MIDATL,286.784
1/26/2026 3:00:00 AM,1/25/2026 10:00:00 PM,MIDATL,332.302
1/26/2026 2:00:00 AM,1/25/2026 9:00:00 PM,MIDATL,302.739
1/26/2026 1:00:00 AM,1/25/2026 8:00:00 PM,MIDATL,396.692
1/26/2026 12:00:00 AM,1/25/2026 7:00:00 PM,MIDATL,550.816
1/25/2026 11:00:00 PM,1/25/2026 6:00:00 PM,MIDATL,767.299
1/25/2026 10:00:00 PM,1/25/2026 5:00:00 PM,MIDATL,823.651
1/25/2026 9:00:00 PM,1/25/2026 4:00:00 PM,MIDATL,800.534
1/25/2026 8:00:00 PM,1/25/2026 3:00:00 PM,MIDATL,803.893
1/25/2026 7:00:00 PM,1/25/2026 2:00:00 PM,MIDATL,761.417
1/25/2026 6:00:00 PM,1/25/2026 1:00:00 PM,MIDATL,705.431
1/25/2026 5:00:00 PM,1/25/2026 12:00:00 PM,MIDATL,776.825
1/25/2026 4:00:00 PM,1/25/2026 11:00:00 AM,MIDATL,818.762
1/25/2026 3:00:00 PM,1/25/2026 10:00:00 AM,MIDATL,810.101
1/25/2026 2:00:00 PM,1/25/2026 9:00:00 AM,MIDATL,740.664
1/25/2026 1:00:00 PM,1/25/2026 8:00:00 AM,MIDATL,736.861
1/25/2026 12:00:00 PM,1/25/2026 7:00:00 AM,MIDATL,689.844
1/25/2026 11:00:00 AM,1/25/2026 6:00:00 AM,MIDATL,644.165
1/25/2026 10:00:00 AM,1/25/2026 5:00:00 AM,MIDATL,583.922
1/25/2026 9:00:00 AM,1/25/2026 4:00:00 AM,MIDATL,550.839
1/25/2026 8:00:00 AM,1/25/2026 3:00:00 AM,MIDATL,523.971
1/25/2026 7:00:00 AM,1/25/2026 2:00:00 AM,MIDATL,477.108
1/25/2026 6:00:00 AM,1/25/2026 1:00:00 AM,MIDATL,461.315
1/25/2026 5:00:00 AM,1/25/2026 12:00:00 AM,MIDATL,440.887
1/25/2026 4:00:00 AM,1/24/2026 11:00:00 PM,MIDATL,399.947
1/25/2026 3:00:00 AM,1/24/2026 10:00:00 PM,MIDATL,371.591
1/25/2026 2:00:00 AM,1/24/2026 9:00:00 PM,MIDATL,329.405
1/25/2026 1:00:00 AM,1/24/2026 8:00:00 PM,MIDATL,261.898
1/25/2026 12:00:00 AM,1/24/2026 7:00:00 PM,MIDATL,173.691
1/24/2026 11:00:00 PM,1/24/2026 6:00:00 PM,MIDATL,90.727
1/24/2026 10:00:00 PM,1/24/2026 5:00:00 PM,MIDATL,54.081
1/24/2026 9:00:00 PM,1/24/2026 4:00:00 PM,MIDATL,52.141
1/24/2026 8:00:00 PM,1/24/2026 3:00:00 PM,MIDATL,53.323
1/24/2026 7:00:00 PM,1/24/2026 2:00:00 PM,MIDATL,54.529
1/24/2026 6:00:00 PM,1/24/2026 1:00:00 PM,MIDATL,54.580
1/24/2026 5:00:00 PM,1/24/2026 12:00:00 PM,MIDATL,75.116
1/24/2026 4:00:00 PM,1/24/2026 11:00:00 AM,MIDATL,86.357
1/24/2026 3:00:00 PM,1/24/2026 10:00:00 AM,MIDATL,94.622
1/24/2026 2:00:00 PM,1/24/2026 9:00:00 AM,MIDATL,137.165
1/24/2026 1:00:00 PM,1/24/2026 8:00:00 AM,MIDATL,271.579
1/24/2026 12:00:00 PM,1/24/2026 7:00:00 AM,MIDATL,360.669
1/24/2026 11:00:00 AM,1/24/2026 6:00:00 AM,MIDATL,403.315
1/24/2026 10:00:00 AM,1/24/2026 5:00:00 AM,MIDATL,424.628
1/24/2026 9:00:00 AM,1/24/2026 4:00:00 AM,MIDATL,428.875
1/24/2026 8:00:00 AM,1/24/2026 3:00:00 AM,MIDATL,453.091
1/24/2026 7:00:00 AM,1/24/2026 2:00:00 AM,MIDATL,505.591
1/24/2026 6:00:00 AM,1/24/2026 1:00:00 AM,MIDATL,545.650
1/24/2026 5:00:00 AM,1/24/2026 12:00:00 AM,MIDATL,619.456
1/24/2026 4:00:00 AM,1/23/2026 11:00:00 PM,MIDATL,663.385
1/24/2026 3:00:00 AM,1/23/2026 10:00:00 PM,MIDATL,774.018
1/24/2026 2:00:00 AM,1/23/2026 9:00:00 PM,MIDATL,862.949
1/24/2026 1:00:00 AM,1/23/2026 8:00:00 PM,MIDATL,930.044
1/24/2026 12:00:00 AM,1/23/2026 7:00:00 PM,MIDATL,929.481
1/23/2026 11:00:00 PM,1/23/2026 6:00:00 PM,MIDATL,972.471
1/23/2026 10:00:00 PM,1/23/2026 5:00:00 PM,MIDATL,994.860
1/23/2026 9:00:00 PM,1/23/2026 4:00:00 PM,MIDATL,995.142
1/23/2026 8:00:00 PM,1/23/2026 3:00:00 PM,MIDATL,994.785
1/23/2026 7:00:00 PM,1/23/2026 2:00:00 PM,MIDATL,980.406
1/23/2026 6:00:00 PM,1/23/2026 1:00:00 PM,MIDATL,953.985
1/23/2026 5:00:00 PM,1/23/2026 12:00:00 PM,MIDATL,930.779
1/23/2026 4:00:00 PM,1/23/2026 11:00:00 AM,MIDATL,879.650
1/23/2026 3:00:00 PM,1/23/2026 10:00:00 AM,MIDATL,872.103
1/23/2026 2:00:00 PM,1/23/2026 9:00:00 AM,MIDATL,863.027
1/23/2026 1:00:00 PM,1/23/2026 8:00:00 AM,MIDATL,781.390
1/23/2026 12:00:00 PM,1/23/2026 7:00:00 AM,MIDATL,805.830
1/23/2026 11:00:00 AM,1/23/2026 6:00:00 AM,MIDATL,771.431
1/23/2026 10:00:00 AM,1/23/2026 5:00:00 AM,MIDATL,803.468
1/23/2026 9:00:00 AM,1/23/2026 4:00:00 AM,MIDATL,827.903
1/23/2026 8:00:00 AM,1/23/2026 3:00:00 AM,MIDATL,823.417
1/23/2026 7:00:00 AM,1/23/2026 2:00:00 AM,MIDATL,751.002
1/23/2026 6:00:00 AM,1/23/2026 1:00:00 AM,MIDATL,785.520
1/23/2026 5:00:00 AM,1/23/2026 12:00:00 AM,MIDATL,782.504
1/23/2026 4:00:00 AM,1/22/2026 11:00:00 PM,MIDATL,793.067
1/23/2026 3:00:00 AM,1/22/2026 10:00:00 PM,MIDATL,814.469
1/23/2026 2:00:00 AM,1/22/2026 9:00:00 PM,MIDATL,775.948
1/23/2026 1:00:00 AM,1/22/2026 8:00:00 PM,MIDATL,859.681
1/23/2026 12:00:00 AM,1/22/2026 7:00:00 PM,MIDATL,792.632
1/22/2026 11:00:00 PM,1/22/2026 6:00:00 PM,MIDATL,779.886
1/22/2026 10:00:00 PM,1/22/2026 5:00:00 PM,MIDATL,784.101
1/22/2026 9:00:00 PM,1/22/2026 4:00:00 PM,MIDATL,889.757
1/22/2026 8:00:00 PM,1/22/2026 3:00:00 PM,MIDATL,937.006
1/22/2026 7:00:00 PM,1/22/2026 2:00:00 PM,MIDATL,920.768
1/22/2026 6:00:00 PM,1/22/2026 1:00:00 PM,MIDATL,891.819
1/22/2026 5:00:00 PM,1/22/2026 12:00:00 PM,MIDATL,906.789
1/22/2026 4:00:00 PM,1/22/2026 11:00:00 AM,MIDATL,935.837
1/22/2026 3:00:00 PM,1/22/2026 10:00:00 AM,MIDATL,895.295
1/22/2026 2:00:00 PM,1/22/2026 9:00:00 AM,MIDATL,790.959
1/22/2026 1:00:00 PM,1/22/2026 8:00:00 AM,MIDATL,787.159
1/22/2026 12:00:00 PM,1/22/2026 7:00:00 AM,MIDATL,776.549
1/22/2026 11:00:00 AM,1/22/2026 6:00:00 AM,MIDATL,780.988
1/22/2026 10:00:00 AM,1/22/2026 5:00:00 AM,MIDATL,798.221
1/22/2026 9:00:00 AM,1/22/2026 4:00:00 AM,MIDATL,809.641
1/22/2026 8:00:00 AM,1/22/2026 3:00:00 AM,MIDATL,871.349
1/22/2026 7:00:00 AM,1/22/2026 2:00:00 AM,MIDATL,914.273
1/22/2026 6:00:00 AM,1/22/2026 1:00:00 AM,MIDATL,922.129
1/22/2026 5:00:00 AM,1/22/2026 12:00:00 AM,MIDATL,892.080
1/22/2026 4:00:00 AM,1/21/2026 11:00:00 PM,MIDATL,853.126
1/22/2026 3:00:00 AM,1/21/2026 10:00:00 PM,MIDATL,796.752
1/22/2026 2:00:00 AM,1/21/2026 9:00:00 PM,MIDATL,762.980
1/22/2026 1:00:00 AM,1/21/2026 8:00:00 PM,MIDATL,666.641
1/22/2026 12:00:00 AM,1/21/2026 7:00:00 PM,MIDATL,648.706
1/21/2026 11:00:00 PM,1/21/2026 6:00:00 PM,MIDATL,693.347
1/21/2026 10:00:00 PM,1/21/2026 5:00:00 PM,MIDATL,745.085
1/21/2026 9:00:00 PM,1/21/2026 4:00:00 PM,MIDATL,803.323
1/21/2026 8:00:00 PM,1/21/2026 3:00:00 PM,MIDATL,806.453
1/21/2026 7:00:00 PM,1/21/2026 2:00:00 PM,MIDATL,797.853
1/21/2026 6:00:00 PM,1/21/2026 1:00:00 PM,MIDATL,798.729
1/21/2026 5:00:00 PM,1/21/2026 12:00:00 PM,MIDATL,819.474
1/21/2026 4:00:00 PM,1/21/2026 11:00:00 AM,MIDATL,802.001
1/21/2026 3:00:00 PM,1/21/2026 10:00:00 AM,MIDATL,706.538
1/21/2026 2:00:00 PM,1/21/2026 9:00:00 AM,MIDATL,643.143
1/21/2026 1:00:00 PM,1/21/2026 8:00:00 AM,MIDATL,599.052
1/21/2026 12:00:00 PM,1/21/2026 7:00:00 AM,MIDATL,510.454
1/21/2026 11:00:00 AM,1/21/2026 6:00:00 AM,MIDATL,436.454
1/21/2026 10:00:00 AM,1/21/2026 5:00:00 AM,MIDATL,433.237
1/21/2026 9:00:00 AM,1/21/2026 4:00:00 AM,MIDATL,486.576
1/21/2026 8:00:00 AM,1/21/2026 3:00:00 AM,MIDATL,511.922
1/21/2026 7:00:00 AM,1/21/2026 2:00:00 AM,MIDATL,495.625
1/21/2026 6:00:00 AM,1/21/2026 1:00:00 AM,MIDATL,491.120
1/21/2026 5:00:00 AM,1/21/2026 12:00:00 AM,MIDATL,537.711
1/21/2026 4:00:00 AM,1/20/2026 11:00:00 PM,MIDATL,521.815
1/21/2026 3:00:00 AM,1/20/2026 10:00:00 PM,MIDATL,556.889
1/21/2026 2:00:00 AM,1/20/2026 9:00:00 PM,MIDATL,552.950
1/21/2026 1:00:00 AM,1/20/2026 8:00:00 PM,MIDATL,512.543
1/21/2026 12:00:00 AM,1/20/2026 7:00:00 PM,MIDATL,442.922
1/20/2026 11:00:00 PM,1/20/2026 6:00:00 PM,MIDATL,365.258
1/20/2026 10:00:00 PM,1/20/2026 5:00:00 PM,MIDATL,341.141
1/20/2026 9:00:00 PM,1/20/2026 4:00:00 PM,MIDATL,480.490
1/20/2026 8:00:00 PM,1/20/2026 3:00:00 PM,MIDATL,577.005
1/20/2026 7:00:00 PM,1/20/2026 2:00:00 PM,MIDATL,633.681
1/20/2026 6:00:00 PM,1/20/2026 1:00:00 PM,MIDATL,671.551
1/20/2026 5:00:00 PM,1/20/2026 12:00:00 PM,MIDATL,715.970
1/20/2026 4:00:00 PM,1/20/2026 11:00:00 AM,MIDATL,705.931
1/20/2026 3:00:00 PM,1/20/2026 10:00:00 AM,MIDATL,744.819
1/20/2026 2:00:00 PM,1/20/2026 9:00:00 AM,MIDATL,725.746
1/20/2026 1:00:00 PM,1/20/2026 8:00:00 AM,MIDATL,747.612
1/20/2026 12:00:00 PM,1/20/2026 7:00:00 AM,MIDATL,760.934
1/20/2026 11:00:00 AM,1/20/2026 6:00:00 AM,MIDATL,773.190
1/20/2026 10:00:00 AM,1/20/2026 5:00:00 AM,MIDATL,699.785
1/20/2026 9:00:00 AM,1/20/2026 4:00:00 AM,MIDATL,693.073
1/20/2026 8:00:00 AM,1/20/2026 3:00:00 AM,MIDATL,738.624
1/20/2026 7:00:00 AM,1/20/2026 2:00:00 AM,MIDATL,697.707
1/20/2026 6:00:00 AM,1/20/2026 1:00:00 AM,MIDATL,677.662
1/20/2026 5:00:00 AM,1/20/2026 12:00:00 AM,MIDATL,717.228
1/20/2026 4:00:00 AM,1/19/2026 11:00:00 PM,MIDATL,769.481
1/20/2026 3:00:00 AM,1/19/2026 10:00:00 PM,MIDATL,797.575
1/20/2026 2:00:00 AM,1/19/2026 9:00:00 PM,MIDATL,837.209
1/20/2026 1:00:00 AM,1/19/2026 8:00:00 PM,MIDATL,875.309
1/20/2026 12:00:00 AM,1/19/2026 7:00:00 PM,MIDATL,903.954
1/19/2026 11:00:00 PM,1/19/2026 6:00:00 PM,MIDATL,877.065
1/19/2026 10:00:00 PM,1/19/2026 5:00:00 PM,MIDATL,851.725
1/19/2026 9:00:00 PM,1/19/2026 4:00:00 PM,MIDATL,790.537
1/19/2026 8:00:00 PM,1/19/2026 3:00:00 PM,MIDATL,778.097
1/19/2026 7:00:00 PM,1/19/2026 2:00:00 PM,MIDATL,790.187
1/19/2026 6:00:00 PM,1/19/2026 1:00:00 PM,MIDATL,786.152
1/19/2026 5:00:00 PM,1/19/2026 12:00:00 PM,MIDATL,754.939
1/19/2026 4:00:00 PM,1/19/2026 11:00:00 AM,MIDATL,755.532
1/19/2026 3:00:00 PM,1/19/2026 10:00:00 AM,MIDATL,709.007
1/19/2026 2:00:00 PM,1/19/2026 9:00:00 AM,MIDATL,639.954
1/19/2026 1:00:00 PM,1/19/2026 8:00:00 AM,MIDATL,633.343
1/19/2026 12:00:00 PM,1/19/2026 7:00:00 AM,MIDATL,575.930
1/19/2026 11:00:00 AM,1/19/2026 6:00:00 AM,MIDATL,418.652
1/19/2026 10:00:00 AM,1/19/2026 5:00:00 AM,MIDATL,369.691
1/19/2026 9:00:00 AM,1/19/2026 4:00:00 AM,MIDATL,402.493
1/19/2026 8:00:00 AM,1/19/2026 3:00:00 AM,MIDATL,403.078
1/19/2026 7:00:00 AM,1/19/2026 2:00:00 AM,MIDATL,382.127
1/19/2026 6:00:00 AM,1/19/2026 1:00:00 AM,MIDATL,415.781
1/19/2026 5:00:00 AM,1/19/2026 12:00:00 AM,MIDATL,382.968
1/19/2026 4:00:00 AM,1/18/2026 11:00:00 PM,MIDATL,315.357
1/19/2026 3:00:00 AM,1/18/2026 10:00:00 PM,MIDATL,373.757
1/19/2026 2:00:00 AM,1/18/2026 9:00:00 PM,MIDATL,422.044
1/19/2026 1:00:00 AM,1/18/2026 8:00:00 PM,MIDATL,276.903
1/19/2026 12:00:00 AM,1/18/2026 7:00:00 PM,MIDATL,208.161
1/18/2026 11:00:00 PM,1/18/2026 6:00:00 PM,MIDATL,139.210
1/18/2026 10:00:00 PM,1/18/2026 5:00:00 PM,MIDATL,87.578
1/18/2026 9:00:00 PM,1/18/2026 4:00:00 PM,MIDATL,86.627
1/18/2026 8:00:00 PM,1/18/2026 3:00:00 PM,MIDATL,70.241
1/18/2026 7:00:00 PM,1/18/2026 2:00:00 PM,MIDATL,75.664
1/18/2026 6:00:00 PM,1/18/2026 1:00:00 PM,MIDATL,88.598
1/18/2026 5:00:00 PM,1/18/2026 12:00:00 PM,MIDATL,101.573
1/18/2026 4:00:00 PM,1/18/2026 11:00:00 AM,MIDATL,179.602
1/18/2026 3:00:00 PM,1/18/2026 10:00:00 AM,MIDATL,219.295
1/18/2026 2:00:00 PM,1/18/2026 9:00:00 AM,MIDATL,178.350
1/18/2026 1:00:00 PM,1/18/2026 8:00:00 AM,MIDATL,195.657
1/18/2026 12:00:00 PM,1/18/2026 7:00:00 AM,MIDATL,219.569
1/18/2026 11:00:00 AM,1/18/2026 6:00:00 AM,MIDATL,247.963
1/18/2026 10:00:00 AM,1/18/2026 5:00:00 AM,MIDATL,265.738
1/18/2026 9:00:00 AM,1/18/2026 4:00:00 AM,MIDATL,203.719
1/18/2026 8:00:00 AM,1/18/2026 3:00:00 AM,MIDATL,146.066
1/18/2026 7:00:00 AM,1/18/2026 2:00:00 AM,MIDATL,145.163
1/18/2026 6:00:00 AM,1/18/2026 1:00:00 AM,MIDATL,128.029
1/18/2026 5:00:00 AM,1/18/2026 12:00:00 AM,MIDATL,154.902
1/18/2026 4:00:00 AM,1/17/2026 11:00:00 PM,MIDATL,211.168
1/18/2026 3:00:00 AM,1/17/2026 10:00:00 PM,MIDATL,253.361
1/18/2026 2:00:00 AM,1/17/2026 9:00:00 PM,MIDATL,277.284
1/18/2026 1:00:00 AM,1/17/2026 8:00:00 PM,MIDATL,307.621
1/18/2026 12:00:00 AM,1/17/2026 7:00:00 PM,MIDATL,299.633
1/17/2026 11:00:00 PM,1/17/2026 6:00:00 PM,MIDATL,319.865
1/17/2026 10:00:00 PM,1/17/2026 5:00:00 PM,MIDATL,327.766
1/17/2026 9:00:00 PM,1/17/2026 4:00:00 PM,MIDATL,392.418
1/17/2026 8:00:00 PM,1/17/2026 3:00:00 PM,MIDATL,435.323
1/17/2026 7:00:00 PM,1/17/2026 2:00:00 PM,MIDATL,424.072
1/17/2026 6:00:00 PM,1/17/2026 1:00:00 PM,MIDATL,413.022
1/17/2026 5:00:00 PM,1/17/2026 12:00:00 PM,MIDATL,362.854
1/17/2026 4:00:00 PM,1/17/2026 11:00:00 AM,MIDATL,319.512
1/17/2026 3:00:00 PM,1/17/2026 10:00:00 AM,MIDATL,354.637
1/17/2026 2:00:00 PM,1/17/2026 9:00:00 AM,MIDATL,373.033
1/17/2026 1:00:00 PM,1/17/2026 8:00:00 AM,MIDATL,425.567
1/17/2026 12:00:00 PM,1/17/2026 7:00:00 AM,MIDATL,440.258
1/17/2026 11:00:00 AM,1/17/2026 6:00:00 AM,MIDATL,412.207
1/17/2026 10:00:00 AM,1/17/2026 5:00:00 AM,MIDATL,393.759
1/17/2026 9:00:00 AM,1/17/2026 4:00:00 AM,MIDATL,370.748
1/17/2026 8:00:00 AM,1/17/2026 3:00:00 AM,MIDATL,322.130
1/17/2026 7:00:00 AM,1/17/2026 2:00:00 AM,MIDATL,328.243
1/17/2026 6:00:00 AM,1/17/2026 1:00:00 AM,MIDATL,348.662
1/17/2026 5:00:00 AM,1/17/2026 12:00:00 AM,MIDATL,407.516
1/17/2026 4:00:00 AM,1/16/2026 11:00:00 PM,MIDATL,433.916
1/17/2026 3:00:00 AM,1/16/2026 10:00:00 PM,MIDATL,475.420
1/17/2026 2:00:00 AM,1/16/2026 9:00:00 PM,MIDATL,486.867
1/17/2026 1:00:00 AM,1/16/2026 8:00:00 PM,MIDATL,589.481
1/17/2026 12:00:00 AM,1/16/2026 7:00:00 PM,MIDATL,637.356
1/16/2026 11:00:00 PM,1/16/2026 6:00:00 PM,MIDATL,585.852
1/16/2026 10:00:00 PM,1/16/2026 5:00:00 PM,MIDATL,493.728
1/16/2026 9:00:00 PM,1/16/2026 4:00:00 PM,MIDATL,374.579
1/16/2026 8:00:00 PM,1/16/2026 3:00:00 PM,MIDATL,249.769
1/16/2026 7:00:00 PM,1/16/2026 2:00:00 PM,MIDATL,185.166
1/16/2026 6:00:00 PM,1/16/2026 1:00:00 PM,MIDATL,149.523
1/16/2026 5:00:00 PM,1/16/2026 12:00:00 PM,MIDATL,139.921
1/16/2026 4:00:00 PM,1/16/2026 11:00:00 AM,MIDATL,212.497
1/16/2026 3:00:00 PM,1/16/2026 10:00:00 AM,MIDATL,356.101
1/16/2026 2:00:00 PM,1/16/2026 9:00:00 AM,MIDATL,394.283
1/16/2026 1:00:00 PM,1/16/2026 8:00:00 AM,MIDATL,498.541
1/16/2026 12:00:00 PM,1/16/2026 7:00:00 AM,MIDATL,616.767
1/16/2026 11:00:00 AM,1/16/2026 6:00:00 AM,MIDATL,781.521
1/16/2026 10:00:00 AM,1/16/2026 5:00:00 AM,MIDATL,904.967
1/16/2026 9:00:00 AM,1/16/2026 4:00:00 AM,MIDATL,965.445
1/16/2026 8:00:00 AM,1/16/2026 3:00:00 AM,MIDATL,986.271
1/16/2026 7:00:00 AM,1/16/2026 2:00:00 AM,MIDATL,991.292
1/16/2026 6:00:00 AM,1/16/2026 1:00:00 AM,MIDATL,967.505
1/16/2026 5:00:00 AM,1/16/2026 12:00:00 AM,MIDATL,937.887
1/16/2026 4:00:00 AM,1/15/2026 11:00:00 PM,MIDATL,933.168
1/16/2026 3:00:00 AM,1/15/2026 10:00:00 PM,MIDATL,957.441
1/16/2026 2:00:00 AM,1/15/2026 9:00:00 PM,MIDATL,925.916
1/16/2026 1:00:00 AM,1/15/2026 8:00:00 PM,MIDATL,911.839
1/16/2026 12:00:00 AM,1/15/2026 7:00:00 PM,MIDATL,917.173
1/15/2026 11:00:00 PM,1/15/2026 6:00:00 PM,MIDATL,928.418
1/15/2026 10:00:00 PM,1/15/2026 5:00:00 PM,MIDATL,880.059
1/15/2026 9:00:00 PM,1/15/2026 4:00:00 PM,MIDATL,847.685
1/15/2026 8:00:00 PM,1/15/2026 3:00:00 PM,MIDATL,841.575
1/15/2026 7:00:00 PM,1/15/2026 2:00:00 PM,MIDATL,821.916
1/15/2026 6:00:00 PM,1/15/2026 1:00:00 PM,MIDATL,776.959
1/15/2026 5:00:00 PM,1/15/2026 12:00:00 PM,MIDATL,735.861
1/15/2026 4:00:00 PM,1/15/2026 11:00:00 AM,MIDATL,775.305
1/15/2026 3:00:00 PM,1/15/2026 10:00:00 AM,MIDATL,798.466
1/15/2026 2:00:00 PM,1/15/2026 9:00:00 AM,MIDATL,821.806
1/15/2026 1:00:00 PM,1/15/2026 8:00:00 AM,MIDATL,855.134
1/15/2026 12:00:00 PM,1/15/2026 7:00:00 AM,MIDATL,902.491
1/15/2026 11:00:00 AM,1/15/2026 6:00:00 AM,MIDATL,879.702
1/15/2026 10:00:00 AM,1/15/2026 5:00:00 AM,MIDATL,849.633
1/15/2026 9:00:00 AM,1/15/2026 4:00:00 AM,MIDATL,783.070
1/15/2026 8:00:00 AM,1/15/2026 3:00:00 AM,MIDATL,717.239
1/15/2026 7:00:00 AM,1/15/2026 2:00:00 AM,MIDATL,643.782
1/15/2026 6:00:00 AM,1/15/2026 1:00:00 AM,MIDATL,610.657
1/15/2026 5:00:00 AM,1/15/2026 12:00:00 AM,MIDATL,555.386
1/15/2026 4:00:00 AM,1/14/2026 11:00:00 PM,MIDATL,520.162
1/15/2026 3:00:00 AM,1/14/2026 10:00:00 PM,MIDATL,420.786
1/15/2026 2:00:00 AM,1/14/2026 9:00:00 PM,MIDATL,303.020
1/15/2026 1:00:00 AM,1/14/2026 8:00:00 PM,MIDATL,230.530
1/15/2026 12:00:00 AM,1/14/2026 7:00:00 PM,MIDATL,134.981
1/14/2026 11:00:00 PM,1/14/2026 6:00:00 PM,MIDATL,116.425
1/14/2026 10:00:00 PM,1/14/2026 5:00:00 PM,MIDATL,112.215
1/14/2026 9:00:00 PM,1/14/2026 4:00:00 PM,MIDATL,103.000
1/14/2026 8:00:00 PM,1/14/2026 3:00:00 PM,MIDATL,141.791
1/14/2026 7:00:00 PM,1/14/2026 2:00:00 PM,MIDATL,134.222
1/14/2026 6:00:00 PM,1/14/2026 1:00:00 PM,MIDATL,142.201
1/14/2026 5:00:00 PM,1/14/2026 12:00:00 PM,MIDATL,189.102
1/14/2026 4:00:00 PM,1/14/2026 11:00:00 AM,MIDATL,265.910
1/14/2026 3:00:00 PM,1/14/2026 10:00:00 AM,MIDATL,344.645
1/14/2026 2:00:00 PM,1/14/2026 9:00:00 AM,MIDATL,430.497
1/14/2026 1:00:00 PM,1/14/2026 8:00:00 AM,MIDATL,522.398
1/14/2026 12:00:00 PM,1/14/2026 7:00:00 AM,MIDATL,663.087
1/14/2026 11:00:00 AM,1/14/2026 6:00:00 AM,MIDATL,782.622
1/14/2026 10:00:00 AM,1/14/2026 5:00:00 AM,MIDATL,742.584
1/14/2026 9:00:00 AM,1/14/2026 4:00:00 AM,MIDATL,743.423
1/14/2026 8:00:00 AM,1/14/2026 3:00:00 AM,MIDATL,739.913
1/14/2026 7:00:00 AM,1/14/2026 2:00:00 AM,MIDATL,725.862
1/14/2026 6:00:00 AM,1/14/2026 1:00:00 AM,MIDATL,754.912
1/14/2026 5:00:00 AM,1/14/2026 12:00:00 AM,MIDATL,869.031
1/14/2026 4:00:00 AM,1/13/2026 11:00:00 PM,MIDATL,919.707
1/14/2026 3:00:00 AM,1/13/2026 10:00:00 PM,MIDATL,933.801
1/14/2026 2:00:00 AM,1/13/2026 9:00:00 PM,MIDATL,923.189
1/14/2026 1:00:00 AM,1/13/2026 8:00:00 PM,MIDATL,877.794
1/14/2026 12:00:00 AM,1/13/2026 7:00:00 PM,MIDATL,860.438
1/13/2026 11:00:00 PM,1/13/2026 6:00:00 PM,MIDATL,814.865
1/13/2026 10:00:00 PM,1/13/2026 5:00:00 PM,MIDATL,779.463
1/13/2026 9:00:00 PM,1/13/2026 4:00:00 PM,MIDATL,720.657
1/13/2026 8:00:00 PM,1/13/2026 3:00:00 PM,MIDATL,651.920
1/13/2026 7:00:00 PM,1/13/2026 2:00:00 PM,MIDATL,533.139
1/13/2026 6:00:00 PM,1/13/2026 1:00:00 PM,MIDATL,448.852
1/13/2026 5:00:00 PM,1/13/2026 12:00:00 PM,MIDATL,507.095
1/13/2026 4:00:00 PM,1/13/2026 11:00:00 AM,MIDATL,455.524
1/13/2026 3:00:00 PM,1/13/2026 10:00:00 AM,MIDATL,337.650
1/13/2026 2:00:00 PM,1/13/2026 9:00:00 AM,MIDATL,421.517
1/13/2026 1:00:00 PM,1/13/2026 8:00:00 AM,MIDATL,643.558
1/13/2026 12:00:00 PM,1/13/2026 7:00:00 AM,MIDATL,746.972
1/13/2026 11:00:00 AM,1/13/2026 6:00:00 AM,MIDATL,688.737
1/13/2026 10:00:00 AM,1/13/2026 5:00:00 AM,MIDATL,587.200
1/13/2026 9:00:00 AM,1/13/2026 4:00:00 AM,MIDATL,600.069
1/13/2026 8:00:00 AM,1/13/2026 3:00:00 AM,MIDATL,679.440
1/13/2026 7:00:00 AM,1/13/2026 2:00:00 AM,MIDATL,818.467
1/13/2026 6:00:00 AM,1/13/2026 1:00:00 AM,MIDATL,876.214
1/13/2026 5:00:00 AM,1/13/2026 12:00:00 AM,MIDATL,890.535
1/13/2026 4:00:00 AM,1/12/2026 11:00:00 PM,MIDATL,876.836
1/13/2026 3:00:00 AM,1/12/2026 10:00:00 PM,MIDATL,855.250
1/13/2026 2:00:00 AM,1/12/2026 9:00:00 PM,MIDATL,837.034
1/13/2026 1:00:00 AM,1/12/2026 8:00:00 PM,MIDATL,782.706
1/13/2026 12:00:00 AM,1/12/2026 7:00:00 PM,MIDATL,750.021
1/12/2026 11:00:00 PM,1/12/2026 6:00:00 PM,MIDATL,660.298
1/12/2026 10:00:00 PM,1/12/2026 5:00:00 PM,MIDATL,614.273
1/12/2026 9:00:00 PM,1/12/2026 4:00:00 PM,MIDATL,604.862
1/12/2026 8:00:00 PM,1/12/2026 3:00:00 PM,MIDATL,559.231
1/12/2026 7:00:00 PM,1/12/2026 2:00:00 PM,MIDATL,534.903
1/12/2026 6:00:00 PM,1/12/2026 1:00:00 PM,MIDATL,557.269
1/12/2026 5:00:00 PM,1/12/2026 12:00:00 PM,MIDATL,587.235
1/12/2026 4:00:00 PM,1/12/2026 11:00:00 AM,MIDATL,648.234
1/12/2026 3:00:00 PM,1/12/2026 10:00:00 AM,MIDATL,660.226
1/12/2026 2:00:00 PM,1/12/2026 9:00:00 AM,MIDATL,638.870
1/12/2026 1:00:00 PM,1/12/2026 8:00:00 AM,MIDATL,636.067
1/12/2026 12:00:00 PM,1/12/2026 7:00:00 AM,MIDATL,602.151
1/12/2026 11:00:00 AM,1/12/2026 6:00:00 AM,MIDATL,626.192
1/12/2026 10:00:00 AM,1/12/2026 5:00:00 AM,MIDATL,680.741
1/12/2026 9:00:00 AM,1/12/2026 4:00:00 AM,MIDATL,759.249
1/12/2026 8:00:00 AM,1/12/2026 3:00:00 AM,MIDATL,863.179
1/12/2026 7:00:00 AM,1/12/2026 2:00:00 AM,MIDATL,922.133
1/12/2026 6:00:00 AM,1/12/2026 1:00:00 AM,MIDATL,952.041
1/12/2026 5:00:00 AM,1/12/2026 12:00:00 AM,MIDATL,985.915
1/12/2026 4:00:00 AM,1/11/2026 11:00:00 PM,MIDATL,1011.423
1/12/2026 3:00:00 AM,1/11/2026 10:00:00 PM,MIDATL,1010.758
1/12/2026 2:00:00 AM,1/11/2026 9:00:00 PM,MIDATL,1005.920
1/12/2026 1:00:00 AM,1/11/2026 8:00:00 PM,MIDATL,1021.433
1/12/2026 12:00:00 AM,1/11/2026 7:00:00 PM,MIDATL,1008.919
1/11/2026 11:00:00 PM,1/11/2026 6:00:00 PM,MIDATL,965.838
1/11/2026 10:00:00 PM,1/11/2026 5:00:00 PM,MIDATL,970.469
1/11/2026 9:00:00 PM,1/11/2026 4:00:00 PM,MIDATL,967.986
1/11/2026 8:00:00 PM,1/11/2026 3:00:00 PM,MIDATL,981.319
1/11/2026 7:00:00 PM,1/11/2026 2:00:00 PM,MIDATL,907.135
1/11/2026 6:00:00 PM,1/11/2026 1:00:00 PM,MIDATL,845.848
1/11/2026 5:00:00 PM,1/11/2026 12:00:00 PM,MIDATL,799.403
1/11/2026 4:00:00 PM,1/11/2026 11:00:00 AM,MIDATL,717.725
1/11/2026 3:00:00 PM,1/11/2026 10:00:00 AM,MIDATL,554.001
1/11/2026 2:00:00 PM,1/11/2026 9:00:00 AM,MIDATL,447.533
1/11/2026 1:00:00 PM,1/11/2026 8:00:00 AM,MIDATL,373.834
1/11/2026 12:00:00 PM,1/11/2026 7:00:00 AM,MIDATL,406.808
1/11/2026 11:00:00 AM,1/11/2026 6:00:00 AM,MIDATL,421.624
1/11/2026 10:00:00 AM,1/11/2026 5:00:00 AM,MIDATL,531.061
1/11/2026 9:00:00 AM,1/11/2026 4:00:00 AM,MIDATL,650.247
1/11/2026 8:00:00 AM,1/11/2026 3:00:00 AM,MIDATL,714.827
1/11/2026 7:00:00 AM,1/11/2026 2:00:00 AM,MIDATL,803.884
1/11/2026 6:00:00 AM,1/11/2026 1:00:00 AM,MIDATL,791.329
1/11/2026 5:00:00 AM,1/11/2026 12:00:00 AM,MIDATL,734.191
1/11/2026 4:00:00 AM,1/10/2026 11:00:00 PM,MIDATL,721.315
1/11/2026 3:00:00 AM,1/10/2026 10:00:00 PM,MIDATL,719.801
1/11/2026 2:00:00 AM,1/10/2026 9:00:00 PM,MIDATL,641.485
1/11/2026 1:00:00 AM,1/10/2026 8:00:00 PM,MIDATL,640.158
1/11/2026 12:00:00 AM,1/10/2026 7:00:00 PM,MIDATL,587.813
1/10/2026 11:00:00 PM,1/10/2026 6:00:00 PM,MIDATL,657.159
1/10/2026 10:00:00 PM,1/10/2026 5:00:00 PM,MIDATL,614.329
1/10/2026 9:00:00 PM,1/10/2026 4:00:00 PM,MIDATL,635.001
1/10/2026 8:00:00 PM,1/10/2026 3:00:00 PM,MIDATL,726.156
1/10/2026 7:00:00 PM,1/10/2026 2:00:00 PM,MIDATL,802.815
1/10/2026 6:00:00 PM,1/10/2026 1:00:00 PM,MIDATL,717.284
1/10/2026 5:00:00 PM,1/10/2026 12:00:00 PM,MIDATL,682.720
1/10/2026 4:00:00 PM,1/10/2026 11:00:00 AM,MIDATL,733.689
1/10/2026 3:00:00 PM,1/10/2026 10:00:00 AM,MIDATL,649.633
1/10/2026 2:00:00 PM,1/10/2026 9:00:00 AM,MIDATL,492.507
1/10/2026 1:00:00 PM,1/10/2026 8:00:00 AM,MIDATL,366.569
1/10/2026 12:00:00 PM,1/10/2026 7:00:00 AM,MIDATL,317.739
1/10/2026 11:00:00 AM,1/10/2026 6:00:00 AM,MIDATL,285.535
1/10/2026 10:00:00 AM,1/10/2026 5:00:00 AM,MIDATL,222.537
1/10/2026 9:00:00 AM,1/10/2026 4:00:00 AM,MIDATL,151.128
1/10/2026 8:00:00 AM,1/10/2026 3:00:00 AM,MIDATL,233.150
1/10/2026 7:00:00 AM,1/10/2026 2:00:00 AM,MIDATL,213.122
1/10/2026 6:00:00 AM,1/10/2026 1:00:00 AM,MIDATL,215.766
1/10/2026 5:00:00 AM,1/10/2026 12:00:00 AM,MIDATL,296.625
1/10/2026 4:00:00 AM,1/9/2026 11:00:00 PM,MIDATL,405.090
1/10/2026 3:00:00 AM,1/9/2026 10:00:00 PM,MIDATL,459.745
1/10/2026 2:00:00 AM,1/9/2026 9:00:00 PM,MIDATL,636.581
1/10/2026 1:00:00 AM,1/9/2026 8:00:00 PM,MIDATL,848.759
1/10/2026 12:00:00 AM,1/9/2026 7:00:00 PM,MIDATL,856.089
1/9/2026 11:00:00 PM,1/9/2026 6:00:00 PM,MIDATL,899.091
1/9/2026 10:00:00 PM,1/9/2026 5:00:00 PM,MIDATL,879.374
1/9/2026 9:00:00 PM,1/9/2026 4:00:00 PM,MIDATL,910.197
1/9/2026 8:00:00 PM,1/9/2026 3:00:00 PM,MIDATL,860.154
1/9/2026 7:00:00 PM,1/9/2026 2:00:00 PM,MIDATL,828.284
1/9/2026 6:00:00 PM,1/9/2026 1:00:00 PM,MIDATL,800.800
1/9/2026 5:00:00 PM,1/9/2026 12:00:00 PM,MIDATL,849.788
1/9/2026 4:00:00 PM,1/9/2026 11:00:00 AM,MIDATL,837.864
1/9/2026 3:00:00 PM,1/9/2026 10:00:00 AM,MIDATL,887.917
1/9/2026 2:00:00 PM,1/9/2026 9:00:00 AM,MIDATL,933.369
1/9/2026 1:00:00 PM,1/9/2026 8:00:00 AM,MIDATL,953.900
1/9/2026 12:00:00 PM,1/9/2026 7:00:00 AM,MIDATL,954.918
1/9/2026 11:00:00 AM,1/9/2026 6:00:00 AM,MIDATL,929.337
1/9/2026 10:00:00 AM,1/9/2026 5:00:00 AM,MIDATL,920.691
1/9/2026 9:00:00 AM,1/9/2026 4:00:00 AM,MIDATL,908.803
1/9/2026 8:00:00 AM,1/9/2026 3:00:00 AM,MIDATL,896.632
1/9/2026 7:00:00 AM,1/9/2026 2:00:00 AM,MIDATL,861.220
1/9/2026 6:00:00 AM,1/9/2026 1:00:00 AM,MIDATL,836.341
1/9/2026 5:00:00 AM,1/9/2026 12:00:00 AM,MIDATL,851.333
1/9/2026 4:00:00 AM,1/8/2026 11:00:00 PM,MIDATL,852.046
1/9/2026 3:00:00 AM,1/8/2026 10:00:00 PM,MIDATL,824.071
1/9/2026 2:00:00 AM,1/8/2026 9:00:00 PM,MIDATL,765.784
1/9/2026 1:00:00 AM,1/8/2026 8:00:00 PM,MIDATL,670.828
1/9/2026 12:00:00 AM,1/8/2026 7:00:00 PM,MIDATL,578.890
1/8/2026 11:00:00 PM,1/8/2026 6:00:00 PM,MIDATL,481.540
1/8/2026 10:00:00 PM,1/8/2026 5:00:00 PM,MIDATL,337.835
1/8/2026 9:00:00 PM,1/8/2026 4:00:00 PM,MIDATL,183.965
1/8/2026 8:00:00 PM,1/8/2026 3:00:00 PM,MIDATL,95.708
1/8/2026 7:00:00 PM,1/8/2026 2:00:00 PM,MIDATL,30.179
1/8/2026 6:00:00 PM,1/8/2026 1:00:00 PM,MIDATL,-1.320
1/8/2026 5:00:00 PM,1/8/2026 12:00:00 PM,MIDATL,-4.976
1/8/2026 4:00:00 PM,1/8/2026 11:00:00 AM,MIDATL,3.194
1/8/2026 3:00:00 PM,1/8/2026 10:00:00 AM,MIDATL,50.604
1/8/2026 2:00:00 PM,1/8/2026 9:00:00 AM,MIDATL,151.841
1/8/2026 1:00:00 PM,1/8/2026 8:00:00 AM,MIDATL,288.077
1/8/2026 12:00:00 PM,1/8/2026 7:00:00 AM,MIDATL,318.733
1/8/2026 11:00:00 AM,1/8/2026 6:00:00 AM,MIDATL,342.800
1/8/2026 10:00:00 AM,1/8/2026 5:00:00 AM,MIDATL,432.544
1/8/2026 9:00:00 AM,1/8/2026 4:00:00 AM,MIDATL,452.141
1/8/2026 8:00:00 AM,1/8/2026 3:00:00 AM,MIDATL,450.500
1/8/2026 7:00:00 AM,1/8/2026 2:00:00 AM,MIDATL,442.373
1/8/2026 6:00:00 AM,1/8/2026 1:00:00 AM,MIDATL,368.606
1/8/2026 5:00:00 AM,1/8/2026 12:00:00 AM,MIDATL,252.530
1/8/2026 4:00:00 AM,1/7/2026 11:00:00 PM,MIDATL,199.084
1/8/2026 3:00:00 AM,1/7/2026 10:00:00 PM,MIDATL,192.039
1/8/2026 2:00:00 AM,1/7/2026 9:00:00 PM,MIDATL,213.668
1/8/2026 1:00:00 AM,1/7/2026 8:00:00 PM,MIDATL,251.260
1/8/2026 12:00:00 AM,1/7/2026 7:00:00 PM,MIDATL,327.779
1/7/2026 11:00:00 PM,1/7/2026 6:00:00 PM,MIDATL,411.904
1/7/2026 10:00:00 PM,1/7/2026 5:00:00 PM,MIDATL,420.828
1/7/2026 9:00:00 PM,1/7/2026 4:00:00 PM,MIDATL,444.610
1/7/2026 8:00:00 PM,1/7/2026 3:00:00 PM,MIDATL,538.881
1/7/2026 7:00:00 PM,1/7/2026 2:00:00 PM,MIDATL,670.609
1/7/2026 6:00:00 PM,1/7/2026 1:00:00 PM,MIDATL,715.062
1/7/2026 5:00:00 PM,1/7/2026 12:00:00 PM,MIDATL,711.148
1/7/2026 4:00:00 PM,1/7/2026 11:00:00 AM,MIDATL,721.932
1/7/2026 3:00:00 PM,1/7/2026 10:00:00 AM,MIDATL,782.987
1/7/2026 2:00:00 PM,1/7/2026 9:00:00 AM,MIDATL,806.929
1/7/2026 1:00:00 PM,1/7/2026 8:00:00 AM,MIDATL,821.481
1/7/2026 12:00:00 PM,1/7/2026 7:00:00 AM,MIDATL,848.043
1/7/2026 11:00:00 AM,1/7/2026 6:00:00 AM,MIDATL,830.723
1/7/2026 10:00:00 AM,1/7/2026 5:00:00 AM,MIDATL,803.323
1/7/2026 9:00:00 AM,1/7/2026 4:00:00 AM,MIDATL,766.934
1/7/2026 8:00:00 AM,1/7/2026 3:00:00 AM,MIDATL,730.677
1/7/2026 7:00:00 AM,1/7/2026 2:00:00 AM,MIDATL,742.408
1/7/2026 6:00:00 AM,1/7/2026 1:00:00 AM,MIDATL,752.399
1/7/2026 5:00:00 AM,1/7/2026 12:00:00 AM,MIDATL,720.995
1/7/2026 4:00:00 AM,1/6/2026 11:00:00 PM,MIDATL,723.918
1/7/2026 3:00:00 AM,1/6/2026 10:00:00 PM,MIDATL,756.595
1/7/2026 2:00:00 AM,1/6/2026 9:00:00 PM,MIDATL,753.699
1/7/2026 1:00:00 AM,1/6/2026 8:00:00 PM,MIDATL,706.152
1/7/2026 12:00:00 AM,1/6/2026 7:00:00 PM,MIDATL,685.331
1/6/2026 11:00:00 PM,1/6/2026 6:00:00 PM,MIDATL,680.306
1/6/2026 10:00:00 PM,1/6/2026 5:00:00 PM,MIDATL,664.749
1/6/2026 9:00:00 PM,1/6/2026 4:00:00 PM,MIDATL,604.983
1/6/2026 8:00:00 PM,1/6/2026 3:00:00 PM,MIDATL,557.321
1/6/2026 7:00:00 PM,1/6/2026 2:00:00 PM,MIDATL,518.368
1/6/2026 6:00:00 PM,1/6/2026 1:00:00 PM,MIDATL,464.622
1/6/2026 5:00:00 PM,1/6/2026 12:00:00 PM,MIDATL,457.630
1/6/2026 4:00:00 PM,1/6/2026 11:00:00 AM,MIDATL,365.051
1/6/2026 3:00:00 PM,1/6/2026 10:00:00 AM,MIDATL,271.198
1/6/2026 2:00:00 PM,1/6/2026 9:00:00 AM,MIDATL,247.575
1/6/2026 1:00:00 PM,1/6/2026 8:00:00 AM,MIDATL,148.594
1/6/2026 12:00:00 PM,1/6/2026 7:00:00 AM,MIDATL,90.423
1/6/2026 11:00:00 AM,1/6/2026 6:00:00 AM,MIDATL,97.830
1/6/2026 10:00:00 AM,1/6/2026 5:00:00 AM,MIDATL,109.998
1/6/2026 9:00:00 AM,1/6/2026 4:00:00 AM,MIDATL,131.818
1/6/2026 8:00:00 AM,1/6/2026 3:00:00 AM,MIDATL,206.835
1/6/2026 7:00:00 AM,1/6/2026 2:00:00 AM,MIDATL,352.454
1/6/2026 6:00:00 AM,1/6/2026 1:00:00 AM,MIDATL,438.713
1/6/2026 5:00:00 AM,1/6/2026 12:00:00 AM,MIDATL,514.800
1/6/2026 4:00:00 AM,1/5/2026 11:00:00 PM,MIDATL,538.023
1/6/2026 3:00:00 AM,1/5/2026 10:00:00 PM,MIDATL,601.453
1/6/2026 2:00:00 AM,1/5/2026 9:00:00 PM,MIDATL,686.603
1/6/2026 1:00:00 AM,1/5/2026 8:00:00 PM,MIDATL,674.815
1/6/2026 12:00:00 AM,1/5/2026 7:00:00 PM,MIDATL,676.911
1/5/2026 11:00:00 PM,1/5/2026 6:00:00 PM,MIDATL,625.762
1/5/2026 10:00:00 PM,1/5/2026 5:00:00 PM,MIDATL,577.634
1/5/2026 9:00:00 PM,1/5/2026 4:00:00 PM,MIDATL,463.266
1/5/2026 8:00:00 PM,1/5/2026 3:00:00 PM,MIDATL,399.125
1/5/2026 7:00:00 PM,1/5/2026 2:00:00 PM,MIDATL,422.109
1/5/2026 6:00:00 PM,1/5/2026 1:00:00 PM,MIDATL,435.575
1/5/2026 5:00:00 PM,1/5/2026 12:00:00 PM,MIDATL,436.989
1/5/2026 4:00:00 PM,1/5/2026 11:00:00 AM,MIDATL,424.954
1/5/2026 3:00:00 PM,1/5/2026 10:00:00 AM,MIDATL,452.600
1/5/2026 2:00:00 PM,1/5/2026 9:00:00 AM,MIDATL,430.144
1/5/2026 1:00:00 PM,1/5/2026 8:00:00 AM,MIDATL,350.291
1/5/2026 12:00:00 PM,1/5/2026 7:00:00 AM,MIDATL,268.817
1/5/2026 11:00:00 AM,1/5/2026 6:00:00 AM,MIDATL,220.994
1/5/2026 10:00:00 AM,1/5/2026 5:00:00 AM,MIDATL,139.543
1/5/2026 9:00:00 AM,1/5/2026 4:00:00 AM,MIDATL,65.293
1/5/2026 8:00:00 AM,1/5/2026 3:00:00 AM,MIDATL,35.833
1/5/2026 7:00:00 AM,1/5/2026 2:00:00 AM,MIDATL,37.543
1/5/2026 6:00:00 AM,1/5/2026 1:00:00 AM,MIDATL,75.078
1/5/2026 5:00:00 AM,1/5/2026 12:00:00 AM,MIDATL,91.471
1/5/2026 4:00:00 AM,1/4/2026 11:00:00 PM,MIDATL,111.799
1/5/2026 3:00:00 AM,1/4/2026 10:00:00 PM,MIDATL,173.144
1/5/2026 2:00:00 AM,1/4/2026 9:00:00 PM,MIDATL,265.087
1/5/2026 1:00:00 AM,1/4/2026 8:00:00 PM,MIDATL,292.911
1/5/2026 12:00:00 AM,1/4/2026 7:00:00 PM,MIDATL,312.411
1/4/2026 11:00:00 PM,1/4/2026 6:00:00 PM,MIDATL,299.084
1/4/2026 10:00:00 PM,1/4/2026 5:00:00 PM,MIDATL,307.742
1/4/2026 9:00:00 PM,1/4/2026 4:00:00 PM,MIDATL,302.120
1/4/2026 8:00:00 PM,1/4/2026 3:00:00 PM,MIDATL,291.606
1/4/2026 7:00:00 PM,1/4/2026 2:00:00 PM,MIDATL,281.396
1/4/2026 6:00:00 PM,1/4/2026 1:00:00 PM,MIDATL,327.311
1/4/2026 5:00:00 PM,1/4/2026 12:00:00 PM,MIDATL,293.340
1/4/2026 4:00:00 PM,1/4/2026 11:00:00 AM,MIDATL,246.570
1/4/2026 3:00:00 PM,1/4/2026 10:00:00 AM,MIDATL,280.039
1/4/2026 2:00:00 PM,1/4/2026 9:00:00 AM,MIDATL,313.014
1/4/2026 1:00:00 PM,1/4/2026 8:00:00 AM,MIDATL,308.999
1/4/2026 12:00:00 PM,1/4/2026 7:00:00 AM,MIDATL,271.789
1/4/2026 11:00:00 AM,1/4/2026 6:00:00 AM,MIDATL,227.432
1/4/2026 10:00:00 AM,1/4/2026 5:00:00 AM,MIDATL,220.563
1/4/2026 9:00:00 AM,1/4/2026 4:00:00 AM,MIDATL,257.783
1/4/2026 8:00:00 AM,1/4/2026 3:00:00 AM,MIDATL,247.737
1/4/2026 7:00:00 AM,1/4/2026 2:00:00 AM,MIDATL,247.490
1/4/2026 6:00:00 AM,1/4/2026 1:00:00 AM,MIDATL,199.690
1/4/2026 5:00:00 AM,1/4/2026 12:00:00 AM,MIDATL,228.505
1/4/2026 4:00:00 AM,1/3/2026 11:00:00 PM,MIDATL,182.570
1/4/2026 3:00:00 AM,1/3/2026 10:00:00 PM,MIDATL,166.431
1/4/2026 2:00:00 AM,1/3/2026 9:00:00 PM,MIDATL,136.509
1/4/2026 1:00:00 AM,1/3/2026 8:00:00 PM,MIDATL,161.692
1/4/2026 12:00:00 AM,1/3/2026 7:00:00 PM,MIDATL,176.913
1/3/2026 11:00:00 PM,1/3/2026 6:00:00 PM,MIDATL,166.312
1/3/2026 10:00:00 PM,1/3/2026 5:00:00 PM,MIDATL,121.687
1/3/2026 9:00:00 PM,1/3/2026 4:00:00 PM,MIDATL,123.896
1/3/2026 8:00:00 PM,1/3/2026 3:00:00 PM,MIDATL,149.279
1/3/2026 7:00:00 PM,1/3/2026 2:00:00 PM,MIDATL,160.813
1/3/2026 6:00:00 PM,1/3/2026 1:00:00 PM,MIDATL,182.741
1/3/2026 5:00:00 PM,1/3/2026 12:00:00 PM,MIDATL,243.569
1/3/2026 4:00:00 PM,1/3/2026 11:00:00 AM,MIDATL,319.442
1/3/2026 3:00:00 PM,1/3/2026 10:00:00 AM,MIDATL,405.506
1/3/2026 2:00:00 PM,1/3/2026 9:00:00 AM,MIDATL,444.872
1/3/2026 1:00:00 PM,1/3/2026 8:00:00 AM,MIDATL,461.868
1/3/2026 12:00:00 PM,1/3/2026 7:00:00 AM,MIDATL,406.424
1/3/2026 11:00:00 AM,1/3/2026 6:00:00 AM,MIDATL,376.109
1/3/2026 10:00:00 AM,1/3/2026 5:00:00 AM,MIDATL,412.186
1/3/2026 9:00:00 AM,1/3/2026 4:00:00 AM,MIDATL,388.740
1/3/2026 8:00:00 AM,1/3/2026 3:00:00 AM,MIDATL,354.782
1/3/2026 7:00:00 AM,1/3/2026 2:00:00 AM,MIDATL,381.142
1/3/2026 6:00:00 AM,1/3/2026 1:00:00 AM,MIDATL,423.615
1/3/2026 5:00:00 AM,1/3/2026 12:00:00 AM,MIDATL,474.116
1/3/2026 4:00:00 AM,1/2/2026 11:00:00 PM,MIDATL,462.436
1/3/2026 3:00:00 AM,1/2/2026 10:00:00 PM,MIDATL,491.453
1/3/2026 2:00:00 AM,1/2/2026 9:00:00 PM,MIDATL,560.340
1/3/2026 1:00:00 AM,1/2/2026 8:00:00 PM,MIDATL,599.649
1/3/2026 12:00:00 AM,1/2/2026 7:00:00 PM,MIDATL,565.264
1/2/2026 11:00:00 PM,1/2/2026 6:00:00 PM,MIDATL,553.209
1/2/2026 10:00:00 PM,1/2/2026 5:00:00 PM,MIDATL,498.642
1/2/2026 9:00:00 PM,1/2/2026 4:00:00 PM,MIDATL,521.212
1/2/2026 8:00:00 PM,1/2/2026 3:00:00 PM,MIDATL,572.409
1/2/2026 7:00:00 PM,1/2/2026 2:00:00 PM,MIDATL,625.877
1/2/2026 6:00:00 PM,1/2/2026 1:00:00 PM,MIDATL,582.404
1/2/2026 5:00:00 PM,1/2/2026 12:00:00 PM,MIDATL,518.890
1/2/2026 4:00:00 PM,1/2/2026 11:00:00 AM,MIDATL,487.444
1/2/2026 3:00:00 PM,1/2/2026 10:00:00 AM,MIDATL,497.785
1/2/2026 2:00:00 PM,1/2/2026 9:00:00 AM,MIDATL,463.881
1/2/2026 1:00:00 PM,1/2/2026 8:00:00 AM,MIDATL,447.552
1/2/2026 12:00:00 PM,1/2/2026 7:00:00 AM,MIDATL,421.430
1/2/2026 11:00:00 AM,1/2/2026 6:00:00 AM,MIDATL,404.347
1/2/2026 10:00:00 AM,1/2/2026 5:00:00 AM,MIDATL,427.319
1/2/2026 9:00:00 AM,1/2/2026 4:00:00 AM,MIDATL,422.976
1/2/2026 8:00:00 AM,1/2/2026 3:00:00 AM,MIDATL,438.412
1/2/2026 7:00:00 AM,1/2/2026 2:00:00 AM,MIDATL,431.246
1/2/2026 6:00:00 AM,1/2/2026 1:00:00 AM,MIDATL,449.850
1/2/2026 5:00:00 AM,1/2/2026 12:00:00 AM,MIDATL,426.302
1/2/2026 4:00:00 AM,1/1/2026 11:00:00 PM,MIDATL,450.147
1/2/2026 3:00:00 AM,1/1/2026 10:00:00 PM,MIDATL,483.319
1/2/2026 2:00:00 AM,1/1/2026 9:00:00 PM,MIDATL,547.272
1/2/2026 1:00:00 AM,1/1/2026 8:00:00 PM,MIDATL,514.986
1/2/2026 12:00:00 AM,1/1/2026 7:00:00 PM,MIDATL,455.526
1/1/2026 11:00:00 PM,1/1/2026 6:00:00 PM,MIDATL,402.676
1/1/2026 10:00:00 PM,1/1/2026 5:00:00 PM,MIDATL,387.734
1/1/2026 9:00:00 PM,1/1/2026 4:00:00 PM,MIDATL,446.742
1/1/2026 8:00:00 PM,1/1/2026 3:00:00 PM,MIDATL,585.213
1/1/2026 7:00:00 PM,1/1/2026 2:00:00 PM,MIDATL,677.035
1/1/2026 6:00:00 PM,1/1/2026 1:00:00 PM,MIDATL,668.868
1/1/2026 5:00:00 PM,1/1/2026 12:00:00 PM,MIDATL,675.273
1/1/2026 4:00:00 PM,1/1/2026 11:00:00 AM,MIDATL,636.844
1/1/2026 3:00:00 PM,1/1/2026 10:00:00 AM,MIDATL,626.834
1/1/2026 2:00:00 PM,1/1/2026 9:00:00 AM,MIDATL,595.037
1/1/2026 1:00:00 PM,1/1/2026 8:00:00 AM,MIDATL,574.216
1/1/2026 12:00:00 PM,1/1/2026 7:00:00 AM,MIDATL,626.282
1/1/2026 11:00:00 AM,1/1/2026 6:00:00 AM,MIDATL,663.870
1/1/2026 10:00:00 AM,1/1/2026 5:00:00 AM,MIDATL,756.202
1/1/2026 9:00:00 AM,1/1/2026 4:00:00 AM,MIDATL,744.868
1/1/2026 8:00:00 AM,1/1/2026 3:00:00 AM,MIDATL,713.436
1/1/2026 7:00:00 AM,1/1/2026 2:00:00 AM,MIDATL,694.370
1/1/2026 6:00:00 AM,1/1/2026 1:00:00 AM,MIDATL,664.715
1/1/2026 5:00:00 AM,1/1/2026 12:00:00 AM,MIDATL,727.928
1/1/2026 4:00:00 AM,12/31/2025 11:00:00 PM,MIDATL,800.490
1/1/2026 3:00:00 AM,12/31/2025 10:00:00 PM,MIDATL,813.243
1/1/2026 2:00:00 AM,12/31/2025 9:00:00 PM,MIDATL,804.953
1/1/2026 1:00:00 AM,12/31/2025 8:00:00 PM,MIDATL,763.748
1/1/2026 12:00:00 AM,12/31/2025 7:00:00 PM,MIDATL,659.128
12/31/2025 11:00:00 PM,12/31/2025 6:00:00 PM,MIDATL,599.807
12/31/2025 10:00:00 PM,12/31/2025 5:00:00 PM,MIDATL,486.543
12/31/2025 9:00:00 PM,12/31/2025 4:00:00 PM,MIDATL,445.414
12/31/2025 8:00:00 PM,12/31/2025 3:00:00 PM,MIDATL,448.445
12/31/2025 7:00:00 PM,12/31/2025 2:00:00 PM,MIDATL,464.411
12/31/2025 6:00:00 PM,12/31/2025 1:00:00 PM,MIDATL,497.115
12/31/2025 5:00:00 PM,12/31/2025 12:00:00 PM,MIDATL,530.385
12/31/2025 4:00:00 PM,12/31/2025 11:00:00 AM,MIDATL,516.205
12/31/2025 3:00:00 PM,12/31/2025 10:00:00 AM,MIDATL,452.334
12/31/2025 2:00:00 PM,12/31/2025 9:00:00 AM,MIDATL,428.243
12/31/2025 1:00:00 PM,12/31/2025 8:00:00 AM,MIDATL,472.791
12/31/2025 12:00:00 PM,12/31/2025 7:00:00 AM,MIDATL,498.995
12/31/2025 11:00:00 AM,12/31/2025 6:00:00 AM,MIDATL,482.044
12/31/2025 10:00:00 AM,12/31/2025 5:00:00 AM,MIDATL,506.453
12/31/2025 9:00:00 AM,12/31/2025 4:00:00 AM,MIDATL,514.276
12/31/2025 8:00:00 AM,12/31/2025 3:00:00 AM,MIDATL,514.717
12/31/2025 7:00:00 AM,12/31/2025 2:00:00 AM,MIDATL,498.308
12/31/2025 6:00:00 AM,12/31/2025 1:00:00 AM,MIDATL,590.683
12/31/2025 5:00:00 AM,12/31/2025 12:00:00 AM,MIDATL,658.840
12/31/2025 4:00:00 AM,12/30/2025 11:00:00 PM,MIDATL,752.334
12/31/2025 3:00:00 AM,12/30/2025 10:00:00 PM,MIDATL,835.157
12/31/2025 2:00:00 AM,12/30/2025 9:00:00 PM,MIDATL,871.055
12/31/2025 1:00:00 AM,12/30/2025 8:00:00 PM,MIDATL,866.689
12/31/2025 12:00:00 AM,12/30/2025 7:00:00 PM,MIDATL,879.623
12/30/2025 11:00:00 PM,12/30/2025 6:00:00 PM,MIDATL,885.192
12/30/2025 10:00:00 PM,12/30/2025 5:00:00 PM,MIDATL,878.265
12/30/2025 9:00:00 PM,12/30/2025 4:00:00 PM,MIDATL,846.824
12/30/2025 8:00:00 PM,12/30/2025 3:00:00 PM,MIDATL,852.679
12/30/2025 7:00:00 PM,12/30/2025 2:00:00 PM,MIDATL,843.800
12/30/2025 6:00:00 PM,12/30/2025 1:00:00 PM,MIDATL,777.120
12/30/2025 5:00:00 PM,12/30/2025 12:00:00 PM,MIDATL,808.567
12/30/2025 4:00:00 PM,12/30/2025 11:00:00 AM,MIDATL,807.293
12/30/2025 3:00:00 PM,12/30/2025 10:00:00 AM,MIDATL,815.263
12/30/2025 2:00:00 PM,12/30/2025 9:00:00 AM,MIDATL,783.721
12/30/2025 1:00:00 PM,12/30/2025 8:00:00 AM,MIDATL,778.999
12/30/2025 12:00:00 PM,12/30/2025 7:00:00 AM,MIDATL,774.188
12/30/2025 11:00:00 AM,12/30/2025 6:00:00 AM,MIDATL,737.243
12/30/2025 10:00:00 AM,12/30/2025 5:00:00 AM,MIDATL,719.562
12/30/2025 9:00:00 AM,12/30/2025 4:00:00 AM,MIDATL,668.860
12/30/2025 8:00:00 AM,12/30/2025 3:00:00 AM,MIDATL,640.397
12/30/2025 7:00:00 AM,12/30/2025 2:00:00 AM,MIDATL,673.623
12/30/2025 6:00:00 AM,12/30/2025 1:00:00 AM,MIDATL,677.377
12/30/2025 5:00:00 AM,12/30/2025 12:00:00 AM,MIDATL,708.238
12/30/2025 4:00:00 AM,12/29/2025 11:00:00 PM,MIDATL,700.683
12/30/2025 3:00:00 AM,12/29/2025 10:00:00 PM,MIDATL,696.768
12/30/2025 2:00:00 AM,12/29/2025 9:00:00 PM,MIDATL,658.053
12/30/2025 1:00:00 AM,12/29/2025 8:00:00 PM,MIDATL,599.368
12/30/2025 12:00:00 AM,12/29/2025 7:00:00 PM,MIDATL,602.829
12/29/2025 11:00:00 PM,12/29/2025 6:00:00 PM,MIDATL,662.142
12/29/2025 10:00:00 PM,12/29/2025 5:00:00 PM,MIDATL,705.367
12/29/2025 9:00:00 PM,12/29/2025 4:00:00 PM,MIDATL,725.617
12/29/2025 8:00:00 PM,12/29/2025 3:00:00 PM,MIDATL,673.835
12/29/2025 7:00:00 PM,12/29/2025 2:00:00 PM,MIDATL,659.544
12/29/2025 6:00:00 PM,12/29/2025 1:00:00 PM,MIDATL,676.882
12/29/2025 5:00:00 PM,12/29/2025 12:00:00 PM,MIDATL,711.004
12/29/2025 4:00:00 PM,12/29/2025 11:00:00 AM,MIDATL,742.880
12/29/2025 3:00:00 PM,12/29/2025 10:00:00 AM,MIDATL,738.398
12/29/2025 2:00:00 PM,12/29/2025 9:00:00 AM,MIDATL,769.061
12/29/2025 1:00:00 PM,12/29/2025 8:00:00 AM,MIDATL,801.229
12/29/2025 12:00:00 PM,12/29/2025 7:00:00 AM,MIDATL,765.565
12/29/2025 11:00:00 AM,12/29/2025 6:00:00 AM,MIDATL,695.852
12/29/2025 10:00:00 AM,12/29/2025 5:00:00 AM,MIDATL,680.257
12/29/2025 9:00:00 AM,12/29/2025 4:00:00 AM,MIDATL,629.391
12/29/2025 8:00:00 AM,12/29/2025 3:00:00 AM,MIDATL,539.332
12/29/2025 7:00:00 AM,12/29/2025 2:00:00 AM,MIDATL,514.086
12/29/2025 6:00:00 AM,12/29/2025 1:00:00 AM,MIDATL,533.344
12/29/2025 5:00:00 AM,12/29/2025 12:00:00 AM,MIDATL,546.496
12/29/2025 4:00:00 AM,12/28/2025 11:00:00 PM,MIDATL,551.228
12/29/2025 3:00:00 AM,12/28/2025 10:00:00 PM,MIDATL,510.549
12/29/2025 2:00:00 AM,12/28/2025 9:00:00 PM,MIDATL,446.191
12/29/2025 1:00:00 AM,12/28/2025 8:00:00 PM,MIDATL,430.142
12/29/2025 12:00:00 AM,12/28/2025 7:00:00 PM,MIDATL,458.367
12/28/2025 11:00:00 PM,12/28/2025 6:00:00 PM,MIDATL,450.811
12/28/2025 10:00:00 PM,12/28/2025 5:00:00 PM,MIDATL,461.130
12/28/2025 9:00:00 PM,12/28/2025 4:00:00 PM,MIDATL,428.357
12/28/2025 8:00:00 PM,12/28/2025 3:00:00 PM,MIDATL,380.039
12/28/2025 7:00:00 PM,12/28/2025 2:00:00 PM,MIDATL,362.050
12/28/2025 6:00:00 PM,12/28/2025 1:00:00 PM,MIDATL,373.524
12/28/2025 5:00:00 PM,12/28/2025 12:00:00 PM,MIDATL,363.336
12/28/2025 4:00:00 PM,12/28/2025 11:00:00 AM,MIDATL,369.784
12/28/2025 3:00:00 PM,12/28/2025 10:00:00 AM,MIDATL,345.275
12/28/2025 2:00:00 PM,12/28/2025 9:00:00 AM,MIDATL,306.972
12/28/2025 1:00:00 PM,12/28/2025 8:00:00 AM,MIDATL,265.101
12/28/2025 12:00:00 PM,12/28/2025 7:00:00 AM,MIDATL,219.928
12/28/2025 11:00:00 AM,12/28/2025 6:00:00 AM,MIDATL,170.457
12/28/2025 10:00:00 AM,12/28/2025 5:00:00 AM,MIDATL,123.324
12/28/2025 9:00:00 AM,12/28/2025 4:00:00 AM,MIDATL,72.924
12/28/2025 8:00:00 AM,12/28/2025 3:00:00 AM,MIDATL,46.073
12/28/2025 7:00:00 AM,12/28/2025 2:00:00 AM,MIDATL,40.302
12/28/2025 6:00:00 AM,12/28/2025 1:00:00 AM,MIDATL,47.175
12/28/2025 5:00:00 AM,12/28/2025 12:00:00 AM,MIDATL,27.888
12/28/2025 4:00:00 AM,12/27/2025 11:00:00 PM,MIDATL,21.814
12/28/2025 3:00:00 AM,12/27/2025 10:00:00 PM,MIDATL,11.972
12/28/2025 2:00:00 AM,12/27/2025 9:00:00 PM,MIDATL,5.815
12/28/2025 1:00:00 AM,12/27/2025 8:00:00 PM,MIDATL,2.771
12/28/2025 12:00:00 AM,12/27/2025 7:00:00 PM,MIDATL,-1.156
12/27/2025 11:00:00 PM,12/27/2025 6:00:00 PM,MIDATL,-1.298
12/27/2025 10:00:00 PM,12/27/2025 5:00:00 PM,MIDATL,-0.228
12/27/2025 9:00:00 PM,12/27/2025 4:00:00 PM,MIDATL,3.568
12/27/2025 8:00:00 PM,12/27/2025 3:00:00 PM,MIDATL,3.301
12/27/2025 7:00:00 PM,12/27/2025 2:00:00 PM,MIDATL,6.594
12/27/2025 6:00:00 PM,12/27/2025 1:00:00 PM,MIDATL,3.520
12/27/2025 5:00:00 PM,12/27/2025 12:00:00 PM,MIDATL,5.750
12/27/2025 4:00:00 PM,12/27/2025 11:00:00 AM,MIDATL,10.960
12/27/2025 3:00:00 PM,12/27/2025 10:00:00 AM,MIDATL,48.088
12/27/2025 2:00:00 PM,12/27/2025 9:00:00 AM,MIDATL,111.661
12/27/2025 1:00:00 PM,12/27/2025 8:00:00 AM,MIDATL,173.767
12/27/2025 12:00:00 PM,12/27/2025 7:00:00 AM,MIDATL,219.668
12/27/2025 11:00:00 AM,12/27/2025 6:00:00 AM,MIDATL,288.531
12/27/2025 10:00:00 AM,12/27/2025 5:00:00 AM,MIDATL,318.062
12/27/2025 9:00:00 AM,12/27/2025 4:00:00 AM,MIDATL,339.469
12/27/2025 8:00:00 AM,12/27/2025 3:00:00 AM,MIDATL,370.672
12/27/2025 7:00:00 AM,12/27/2025 2:00:00 AM,MIDATL,391.205
12/27/2025 6:00:00 AM,12/27/2025 1:00:00 AM,MIDATL,379.601
12/27/2025 5:00:00 AM,12/27/2025 12:00:00 AM,MIDATL,347.018
12/27/2025 4:00:00 AM,12/26/2025 11:00:00 PM,MIDATL,361.705
12/27/2025 3:00:00 AM,12/26/2025 10:00:00 PM,MIDATL,385.310
12/27/2025 2:00:00 AM,12/26/2025 9:00:00 PM,MIDATL,376.525
12/27/2025 1:00:00 AM,12/26/2025 8:00:00 PM,MIDATL,479.620
12/27/2025 12:00:00 AM,12/26/2025 7:00:00 PM,MIDATL,565.721
12/26/2025 11:00:00 PM,12/26/2025 6:00:00 PM,MIDATL,554.342
12/26/2025 10:00:00 PM,12/26/2025 5:00:00 PM,MIDATL,546.141
12/26/2025 9:00:00 PM,12/26/2025 4:00:00 PM,MIDATL,495.845
12/26/2025 8:00:00 PM,12/26/2025 3:00:00 PM,MIDATL,581.895
12/26/2025 7:00:00 PM,12/26/2025 2:00:00 PM,MIDATL,659.751
12/26/2025 6:00:00 PM,12/26/2025 1:00:00 PM,MIDATL,698.801
12/26/2025 5:00:00 PM,12/26/2025 12:00:00 PM,MIDATL,753.373
12/26/2025 4:00:00 PM,12/26/2025 11:00:00 AM,MIDATL,679.657
12/26/2025 3:00:00 PM,12/26/2025 10:00:00 AM,MIDATL,552.669
12/26/2025 2:00:00 PM,12/26/2025 9:00:00 AM,MIDATL,541.432
12/26/2025 1:00:00 PM,12/26/2025 8:00:00 AM,MIDATL,441.905
12/26/2025 12:00:00 PM,12/26/2025 7:00:00 AM,MIDATL,373.077
12/26/2025 11:00:00 AM,12/26/2025 6:00:00 AM,MIDATL,356.053
12/26/2025 10:00:00 AM,12/26/2025 5:00:00 AM,MIDATL,283.230
12/26/2025 9:00:00 AM,12/26/2025 4:00:00 AM,MIDATL,249.347
12/26/2025 8:00:00 AM,12/26/2025 3:00:00 AM,MIDATL,221.207
12/26/2025 7:00:00 AM,12/26/2025 2:00:00 AM,MIDATL,165.762
12/26/2025 6:00:00 AM,12/26/2025 1:00:00 AM,MIDATL,139.092
12/26/2025 5:00:00 AM,12/26/2025 12:00:00 AM,MIDATL,194.460
12/26/2025 4:00:00 AM,12/25/2025 11:00:00 PM,MIDATL,215.342
12/26/2025 3:00:00 AM,12/25/2025 10:00:00 PM,MIDATL,273.511
12/26/2025 2:00:00 AM,12/25/2025 9:00:00 PM,MIDATL,359.397
12/26/2025 1:00:00 AM,12/25/2025 8:00:00 PM,MIDATL,479.809
12/26/2025 12:00:00 AM,12/25/2025 7:00:00 PM,MIDATL,545.694
12/25/2025 11:00:00 PM,12/25/2025 6:00:00 PM,MIDATL,622.499
12/25/2025 10:00:00 PM,12/25/2025 5:00:00 PM,MIDATL,763.506
12/25/2025 9:00:00 PM,12/25/2025 4:00:00 PM,MIDATL,816.407
12/25/2025 8:00:00 PM,12/25/2025 3:00:00 PM,MIDATL,850.168
12/25/2025 7:00:00 PM,12/25/2025 2:00:00 PM,MIDATL,906.018
12/25/2025 6:00:00 PM,12/25/2025 1:00:00 PM,MIDATL,917.972
12/25/2025 5:00:00 PM,12/25/2025 12:00:00 PM,MIDATL,789.202
12/25/2025 4:00:00 PM,12/25/2025 11:00:00 AM,MIDATL,695.739
12/25/2025 3:00:00 PM,12/25/2025 10:00:00 AM,MIDATL,648.573
12/25/2025 2:00:00 PM,12/25/2025 9:00:00 AM,MIDATL,675.866
12/25/2025 1:00:00 PM,12/25/2025 8:00:00 AM,MIDATL,702.420
12/25/2025 12:00:00 PM,12/25/2025 7:00:00 AM,MIDATL,697.356
12/25/2025 11:00:00 AM,12/25/2025 6:00:00 AM,MIDATL,648.423
12/25/2025 10:00:00 AM,12/25/2025 5:00:00 AM,MIDATL,566.586
12/25/2025 9:00:00 AM,12/25/2025 4:00:00 AM,MIDATL,532.644
12/25/2025 8:00:00 AM,12/25/2025 3:00:00 AM,MIDATL,547.352
12/25/2025 7:00:00 AM,12/25/2025 2:00:00 AM,MIDATL,470.869
12/25/2025 6:00:00 AM,12/25/2025 1:00:00 AM,MIDATL,307.738
12/25/2025 5:00:00 AM,12/25/2025 12:00:00 AM,MIDATL,327.618
12/25/2025 4:00:00 AM,12/24/2025 11:00:00 PM,MIDATL,244.047
12/25/2025 3:00:00 AM,12/24/2025 10:00:00 PM,MIDATL,233.272
12/25/2025 2:00:00 AM,12/24/2025 9:00:00 PM,MIDATL,169.792
12/25/2025 1:00:00 AM,12/24/2025 8:00:00 PM,MIDATL,81.663
12/25/2025 12:00:00 AM,12/24/2025 7:00:00 PM,MIDATL,60.399
12/24/2025 11:00:00 PM,12/24/2025 6:00:00 PM,MIDATL,65.557
12/24/2025 10:00:00 PM,12/24/2025 5:00:00 PM,MIDATL,88.942
12/24/2025 9:00:00 PM,12/24/2025 4:00:00 PM,MIDATL,84.192
12/24/2025 8:00:00 PM,12/24/2025 3:00:00 PM,MIDATL,133.486
12/24/2025 7:00:00 PM,12/24/2025 2:00:00 PM,MIDATL,272.458
12/24/2025 6:00:00 PM,12/24/2025 1:00:00 PM,MIDATL,364.912
12/24/2025 5:00:00 PM,12/24/2025 12:00:00 PM,MIDATL,507.577
12/24/2025 4:00:00 PM,12/24/2025 11:00:00 AM,MIDATL,560.460
12/24/2025 3:00:00 PM,12/24/2025 10:00:00 AM,MIDATL,689.410
12/24/2025 2:00:00 PM,12/24/2025 9:00:00 AM,MIDATL,817.336
12/24/2025 1:00:00 PM,12/24/2025 8:00:00 AM,MIDATL,862.628
12/24/2025 12:00:00 PM,12/24/2025 7:00:00 AM,MIDATL,895.026
12/24/2025 11:00:00 AM,12/24/2025 6:00:00 AM,MIDATL,931.273
12/24/2025 10:00:00 AM,12/24/2025 5:00:00 AM,MIDATL,928.475
12/24/2025 9:00:00 AM,12/24/2025 4:00:00 AM,MIDATL,938.572
12/24/2025 8:00:00 AM,12/24/2025 3:00:00 AM,MIDATL,933.391
12/24/2025 7:00:00 AM,12/24/2025 2:00:00 AM,MIDATL,858.003
12/24/2025 6:00:00 AM,12/24/2025 1:00:00 AM,MIDATL,872.451
12/24/2025 5:00:00 AM,12/24/2025 12:00:00 AM,MIDATL,897.528
12/24/2025 4:00:00 AM,12/23/2025 11:00:00 PM,MIDATL,938.148
12/24/2025 3:00:00 AM,12/23/2025 10:00:00 PM,MIDATL,892.846
12/24/2025 2:00:00 AM,12/23/2025 9:00:00 PM,MIDATL,866.260
12/24/2025 1:00:00 AM,12/23/2025 8:00:00 PM,MIDATL,849.432
12/24/2025 12:00:00 AM,12/23/2025 7:00:00 PM,MIDATL,827.431
12/23/2025 11:00:00 PM,12/23/2025 6:00:00 PM,MIDATL,837.888
12/23/2025 10:00:00 PM,12/23/2025 5:00:00 PM,MIDATL,776.068
12/23/2025 9:00:00 PM,12/23/2025 4:00:00 PM,MIDATL,725.394
12/23/2025 8:00:00 PM,12/23/2025 3:00:00 PM,MIDATL,679.029
12/23/2025 7:00:00 PM,12/23/2025 2:00:00 PM,MIDATL,647.605
12/23/2025 6:00:00 PM,12/23/2025 1:00:00 PM,MIDATL,574.957
12/23/2025 5:00:00 PM,12/23/2025 12:00:00 PM,MIDATL,567.414
12/23/2025 4:00:00 PM,12/23/2025 11:00:00 AM,MIDATL,592.550
12/23/2025 3:00:00 PM,12/23/2025 10:00:00 AM,MIDATL,629.080
12/23/2025 2:00:00 PM,12/23/2025 9:00:00 AM,MIDATL,554.478
12/23/2025 1:00:00 PM,12/23/2025 8:00:00 AM,MIDATL,489.918
12/23/2025 12:00:00 PM,12/23/2025 7:00:00 AM,MIDATL,365.002
12/23/2025 11:00:00 AM,12/23/2025 6:00:00 AM,MIDATL,323.078
12/23/2025 10:00:00 AM,12/23/2025 5:00:00 AM,MIDATL,298.859
12/23/2025 9:00:00 AM,12/23/2025 4:00:00 AM,MIDATL,318.575
12/23/2025 8:00:00 AM,12/23/2025 3:00:00 AM,MIDATL,268.069
12/23/2025 7:00:00 AM,12/23/2025 2:00:00 AM,MIDATL,249.513
12/23/2025 6:00:00 AM,12/23/2025 1:00:00 AM,MIDATL,322.148
12/23/2025 5:00:00 AM,12/23/2025 12:00:00 AM,MIDATL,390.379
12/23/2025 4:00:00 AM,12/22/2025 11:00:00 PM,MIDATL,428.065
12/23/2025 3:00:00 AM,12/22/2025 10:00:00 PM,MIDATL,381.667
12/23/2025 2:00:00 AM,12/22/2025 9:00:00 PM,MIDATL,335.256
12/23/2025 1:00:00 AM,12/22/2025 8:00:00 PM,MIDATL,248.517
12/23/2025 12:00:00 AM,12/22/2025 7:00:00 PM,MIDATL,268.836
12/22/2025 11:00:00 PM,12/22/2025 6:00:00 PM,MIDATL,285.443
12/22/2025 10:00:00 PM,12/22/2025 5:00:00 PM,MIDATL,234.100
12/22/2025 9:00:00 PM,12/22/2025 4:00:00 PM,MIDATL,140.917
12/22/2025 8:00:00 PM,12/22/2025 3:00:00 PM,MIDATL,120.979
12/22/2025 7:00:00 PM,12/22/2025 2:00:00 PM,MIDATL,132.604
12/22/2025 6:00:00 PM,12/22/2025 1:00:00 PM,MIDATL,159.770
12/22/2025 5:00:00 PM,12/22/2025 12:00:00 PM,MIDATL,194.037
12/22/2025 4:00:00 PM,12/22/2025 11:00:00 AM,MIDATL,217.431
12/22/2025 3:00:00 PM,12/22/2025 10:00:00 AM,MIDATL,204.507
12/22/2025 2:00:00 PM,12/22/2025 9:00:00 AM,MIDATL,261.710
12/22/2025 1:00:00 PM,12/22/2025 8:00:00 AM,MIDATL,370.125
12/22/2025 12:00:00 PM,12/22/2025 7:00:00 AM,MIDATL,465.247
12/22/2025 11:00:00 AM,12/22/2025 6:00:00 AM,MIDATL,498.065
12/22/2025 10:00:00 AM,12/22/2025 5:00:00 AM,MIDATL,568.217
12/22/2025 9:00:00 AM,12/22/2025 4:00:00 AM,MIDATL,579.414
12/22/2025 8:00:00 AM,12/22/2025 3:00:00 AM,MIDATL,596.522
12/22/2025 7:00:00 AM,12/22/2025 2:00:00 AM,MIDATL,569.592
12/22/2025 6:00:00 AM,12/22/2025 1:00:00 AM,MIDATL,585.372
12/22/2025 5:00:00 AM,12/22/2025 12:00:00 AM,MIDATL,606.332
12/22/2025 4:00:00 AM,12/21/2025 11:00:00 PM,MIDATL,650.795
12/22/2025 3:00:00 AM,12/21/2025 10:00:00 PM,MIDATL,722.325
12/22/2025 2:00:00 AM,12/21/2025 9:00:00 PM,MIDATL,723.994
12/22/2025 1:00:00 AM,12/21/2025 8:00:00 PM,MIDATL,691.553
12/22/2025 12:00:00 AM,12/21/2025 7:00:00 PM,MIDATL,708.695
12/21/2025 11:00:00 PM,12/21/2025 6:00:00 PM,MIDATL,737.174
12/21/2025 10:00:00 PM,12/21/2025 5:00:00 PM,MIDATL,790.703
12/21/2025 9:00:00 PM,12/21/2025 4:00:00 PM,MIDATL,843.370
12/21/2025 8:00:00 PM,12/21/2025 3:00:00 PM,MIDATL,934.825
12/21/2025 7:00:00 PM,12/21/2025 2:00:00 PM,MIDATL,938.730
12/21/2025 6:00:00 PM,12/21/2025 1:00:00 PM,MIDATL,927.750
12/21/2025 5:00:00 PM,12/21/2025 12:00:00 PM,MIDATL,878.341
12/21/2025 4:00:00 PM,12/21/2025 11:00:00 AM,MIDATL,862.368
12/21/2025 3:00:00 PM,12/21/2025 10:00:00 AM,MIDATL,814.069
12/21/2025 2:00:00 PM,12/21/2025 9:00:00 AM,MIDATL,801.511
12/21/2025 1:00:00 PM,12/21/2025 8:00:00 AM,MIDATL,814.468
12/21/2025 12:00:00 PM,12/21/2025 7:00:00 AM,MIDATL,816.321
12/21/2025 11:00:00 AM,12/21/2025 6:00:00 AM,MIDATL,818.673
12/21/2025 10:00:00 AM,12/21/2025 5:00:00 AM,MIDATL,787.879
12/21/2025 9:00:00 AM,12/21/2025 4:00:00 AM,MIDATL,793.770
12/21/2025 8:00:00 AM,12/21/2025 3:00:00 AM,MIDATL,811.114
12/21/2025 7:00:00 AM,12/21/2025 2:00:00 AM,MIDATL,797.710
12/21/2025 6:00:00 AM,12/21/2025 1:00:00 AM,MIDATL,834.315
12/21/2025 5:00:00 AM,12/21/2025 12:00:00 AM,MIDATL,833.382
12/21/2025 4:00:00 AM,12/20/2025 11:00:00 PM,MIDATL,790.031
12/21/2025 3:00:00 AM,12/20/2025 10:00:00 PM,MIDATL,782.054
12/21/2025 2:00:00 AM,12/20/2025 9:00:00 PM,MIDATL,749.082
12/21/2025 1:00:00 AM,12/20/2025 8:00:00 PM,MIDATL,720.782
12/21/2025 12:00:00 AM,12/20/2025 7:00:00 PM,MIDATL,756.645
12/20/2025 11:00:00 PM,12/20/2025 6:00:00 PM,MIDATL,719.090
12/20/2025 10:00:00 PM,12/20/2025 5:00:00 PM,MIDATL,663.595
12/20/2025 9:00:00 PM,12/20/2025 4:00:00 PM,MIDATL,552.629
12/20/2025 8:00:00 PM,12/20/2025 3:00:00 PM,MIDATL,428.420
12/20/2025 7:00:00 PM,12/20/2025 2:00:00 PM,MIDATL,304.729
12/20/2025 6:00:00 PM,12/20/2025 1:00:00 PM,MIDATL,272.970
12/20/2025 5:00:00 PM,12/20/2025 12:00:00 PM,MIDATL,199.192
12/20/2025 4:00:00 PM,12/20/2025 11:00:00 AM,MIDATL,122.023
12/20/2025 3:00:00 PM,12/20/2025 10:00:00 AM,MIDATL,121.776
12/20/2025 2:00:00 PM,12/20/2025 9:00:00 AM,MIDATL,226.804
12/20/2025 1:00:00 PM,12/20/2025 8:00:00 AM,MIDATL,333.032
12/20/2025 12:00:00 PM,12/20/2025 7:00:00 AM,MIDATL,292.727
12/20/2025 11:00:00 AM,12/20/2025 6:00:00 AM,MIDATL,213.320
12/20/2025 10:00:00 AM,12/20/2025 5:00:00 AM,MIDATL,235.791
12/20/2025 9:00:00 AM,12/20/2025 4:00:00 AM,MIDATL,472.298
12/20/2025 8:00:00 AM,12/20/2025 3:00:00 AM,MIDATL,707.868
12/20/2025 7:00:00 AM,12/20/2025 2:00:00 AM,MIDATL,784.328
12/20/2025 6:00:00 AM,12/20/2025 1:00:00 AM,MIDATL,813.689
12/20/2025 5:00:00 AM,12/20/2025 12:00:00 AM,MIDATL,872.759
12/20/2025 4:00:00 AM,12/19/2025 11:00:00 PM,MIDATL,867.817
12/20/2025 3:00:00 AM,12/19/2025 10:00:00 PM,MIDATL,877.021
12/20/2025 2:00:00 AM,12/19/2025 9:00:00 PM,MIDATL,860.459
12/20/2025 1:00:00 AM,12/19/2025 8:00:00 PM,MIDATL,941.235
12/20/2025 12:00:00 AM,12/19/2025 7:00:00 PM,MIDATL,968.685
12/19/2025 11:00:00 PM,12/19/2025 6:00:00 PM,MIDATL,872.680
12/19/2025 10:00:00 PM,12/19/2025 5:00:00 PM,MIDATL,840.730
12/19/2025 9:00:00 PM,12/19/2025 4:00:00 PM,MIDATL,821.656
12/19/2025 8:00:00 PM,12/19/2025 3:00:00 PM,MIDATL,863.170
12/19/2025 7:00:00 PM,12/19/2025 2:00:00 PM,MIDATL,839.385
12/19/2025 6:00:00 PM,12/19/2025 1:00:00 PM,MIDATL,754.028
12/19/2025 5:00:00 PM,12/19/2025 12:00:00 PM,MIDATL,698.692
12/19/2025 4:00:00 PM,12/19/2025 11:00:00 AM,MIDATL,668.507
12/19/2025 3:00:00 PM,12/19/2025 10:00:00 AM,MIDATL,597.512
12/19/2025 2:00:00 PM,12/19/2025 9:00:00 AM,MIDATL,603.091
12/19/2025 1:00:00 PM,12/19/2025 8:00:00 AM,MIDATL,752.266
12/19/2025 12:00:00 PM,12/19/2025 7:00:00 AM,MIDATL,823.359
12/19/2025 11:00:00 AM,12/19/2025 6:00:00 AM,MIDATL,933.722
12/19/2025 10:00:00 AM,12/19/2025 5:00:00 AM,MIDATL,977.721
12/19/2025 9:00:00 AM,12/19/2025 4:00:00 AM,MIDATL,979.379
12/19/2025 8:00:00 AM,12/19/2025 3:00:00 AM,MIDATL,972.492
12/19/2025 7:00:00 AM,12/19/2025 2:00:00 AM,MIDATL,1000.426
12/19/2025 6:00:00 AM,12/19/2025 1:00:00 AM,MIDATL,1034.627
12/19/2025 5:00:00 AM,12/19/2025 12:00:00 AM,MIDATL,1016.415
12/19/2025 4:00:00 AM,12/18/2025 11:00:00 PM,MIDATL,989.545
12/19/2025 3:00:00 AM,12/18/2025 10:00:00 PM,MIDATL,972.397
12/19/2025 2:00:00 AM,12/18/2025 9:00:00 PM,MIDATL,928.080
12/19/2025 1:00:00 AM,12/18/2025 8:00:00 PM,MIDATL,842.611
12/19/2025 12:00:00 AM,12/18/2025 7:00:00 PM,MIDATL,824.494
12/18/2025 11:00:00 PM,12/18/2025 6:00:00 PM,MIDATL,808.828
12/18/2025 10:00:00 PM,12/18/2025 5:00:00 PM,MIDATL,779.232
12/18/2025 9:00:00 PM,12/18/2025 4:00:00 PM,MIDATL,718.368
12/18/2025 8:00:00 PM,12/18/2025 3:00:00 PM,MIDATL,641.718
12/18/2025 7:00:00 PM,12/18/2025 2:00:00 PM,MIDATL,679.702
12/18/2025 6:00:00 PM,12/18/2025 1:00:00 PM,MIDATL,725.994
12/18/2025 5:00:00 PM,12/18/2025 12:00:00 PM,MIDATL,787.869
12/18/2025 4:00:00 PM,12/18/2025 11:00:00 AM,MIDATL,811.101
12/18/2025 3:00:00 PM,12/18/2025 10:00:00 AM,MIDATL,829.435
12/18/2025 2:00:00 PM,12/18/2025 9:00:00 AM,MIDATL,818.267
12/18/2025 1:00:00 PM,12/18/2025 8:00:00 AM,MIDATL,825.727
12/18/2025 12:00:00 PM,12/18/2025 7:00:00 AM,MIDATL,769.427
12/18/2025 11:00:00 AM,12/18/2025 6:00:00 AM,MIDATL,725.013
12/18/2025 10:00:00 AM,12/18/2025 5:00:00 AM,MIDATL,676.495
12/18/2025 9:00:00 AM,12/18/2025 4:00:00 AM,MIDATL,605.499
12/18/2025 8:00:00 AM,12/18/2025 3:00:00 AM,MIDATL,479.505
12/18/2025 7:00:00 AM,12/18/2025 2:00:00 AM,MIDATL,364.337
12/18/2025 6:00:00 AM,12/18/2025 1:00:00 AM,MIDATL,276.698
12/18/2025 5:00:00 AM,12/18/2025 12:00:00 AM,MIDATL,91.824
12/18/2025 4:00:00 AM,12/17/2025 11:00:00 PM,MIDATL,65.710
12/18/2025 3:00:00 AM,12/17/2025 10:00:00 PM,MIDATL,131.288
12/18/2025 2:00:00 AM,12/17/2025 9:00:00 PM,MIDATL,179.930
12/18/2025 1:00:00 AM,12/17/2025 8:00:00 PM,MIDATL,358.466
12/18/2025 12:00:00 AM,12/17/2025 7:00:00 PM,MIDATL,558.113
12/17/2025 11:00:00 PM,12/17/2025 6:00:00 PM,MIDATL,690.740
12/17/2025 10:00:00 PM,12/17/2025 5:00:00 PM,MIDATL,671.905
12/17/2025 9:00:00 PM,12/17/2025 4:00:00 PM,MIDATL,622.134
12/17/2025 8:00:00 PM,12/17/2025 3:00:00 PM,MIDATL,638.476
12/17/2025 7:00:00 PM,12/17/2025 2:00:00 PM,MIDATL,714.698
12/17/2025 6:00:00 PM,12/17/2025 1:00:00 PM,MIDATL,737.194
12/17/2025 5:00:00 PM,12/17/2025 12:00:00 PM,MIDATL,782.895
12/17/2025 4:00:00 PM,12/17/2025 11:00:00 AM,MIDATL,800.887
12/17/2025 3:00:00 PM,12/17/2025 10:00:00 AM,MIDATL,856.642
12/17/2025 2:00:00 PM,12/17/2025 9:00:00 AM,MIDATL,835.216
12/17/2025 1:00:00 PM,12/17/2025 8:00:00 AM,MIDATL,845.515
12/17/2025 12:00:00 PM,12/17/2025 7:00:00 AM,MIDATL,825.072
12/17/2025 11:00:00 AM,12/17/2025 6:00:00 AM,MIDATL,848.950
12/17/2025 10:00:00 AM,12/17/2025 5:00:00 AM,MIDATL,877.965
12/17/2025 9:00:00 AM,12/17/2025 4:00:00 AM,MIDATL,890.767
12/17/2025 8:00:00 AM,12/17/2025 3:00:00 AM,MIDATL,827.034
12/17/2025 7:00:00 AM,12/17/2025 2:00:00 AM,MIDATL,748.134
12/17/2025 6:00:00 AM,12/17/2025 1:00:00 AM,MIDATL,710.971
12/17/2025 5:00:00 AM,12/17/2025 12:00:00 AM,MIDATL,687.527
12/17/2025 4:00:00 AM,12/16/2025 11:00:00 PM,MIDATL,573.791
12/17/2025 3:00:00 AM,12/16/2025 10:00:00 PM,MIDATL,558.913
12/17/2025 2:00:00 AM,12/16/2025 9:00:00 PM,MIDATL,513.132
12/17/2025 1:00:00 AM,12/16/2025 8:00:00 PM,MIDATL,510.199
12/17/2025 12:00:00 AM,12/16/2025 7:00:00 PM,MIDATL,501.322
12/16/2025 11:00:00 PM,12/16/2025 6:00:00 PM,MIDATL,461.999
12/16/2025 10:00:00 PM,12/16/2025 5:00:00 PM,MIDATL,356.462
12/16/2025 9:00:00 PM,12/16/2025 4:00:00 PM,MIDATL,193.042
12/16/2025 8:00:00 PM,12/16/2025 3:00:00 PM,MIDATL,193.601
12/16/2025 7:00:00 PM,12/16/2025 2:00:00 PM,MIDATL,240.541
12/16/2025 6:00:00 PM,12/16/2025 1:00:00 PM,MIDATL,301.399
12/16/2025 5:00:00 PM,12/16/2025 12:00:00 PM,MIDATL,288.223
12/16/2025 4:00:00 PM,12/16/2025 11:00:00 AM,MIDATL,204.179
12/16/2025 3:00:00 PM,12/16/2025 10:00:00 AM,MIDATL,140.916
12/16/2025 2:00:00 PM,12/16/2025 9:00:00 AM,MIDATL,152.641
12/16/2025 1:00:00 PM,12/16/2025 8:00:00 AM,MIDATL,236.918
12/16/2025 12:00:00 PM,12/16/2025 7:00:00 AM,MIDATL,355.334
12/16/2025 11:00:00 AM,12/16/2025 6:00:00 AM,MIDATL,394.695
12/16/2025 10:00:00 AM,12/16/2025 5:00:00 AM,MIDATL,324.518
12/16/2025 9:00:00 AM,12/16/2025 4:00:00 AM,MIDATL,364.296
12/16/2025 8:00:00 AM,12/16/2025 3:00:00 AM,MIDATL,324.115
12/16/2025 7:00:00 AM,12/16/2025 2:00:00 AM,MIDATL,348.239
12/16/2025 6:00:00 AM,12/16/2025 1:00:00 AM,MIDATL,379.355
12/16/2025 5:00:00 AM,12/16/2025 12:00:00 AM,MIDATL,454.630
12/16/2025 4:00:00 AM,12/15/2025 11:00:00 PM,MIDATL,429.082
12/16/2025 3:00:00 AM,12/15/2025 10:00:00 PM,MIDATL,397.333
12/16/2025 2:00:00 AM,12/15/2025 9:00:00 PM,MIDATL,389.339
12/16/2025 1:00:00 AM,12/15/2025 8:00:00 PM,MIDATL,349.347
12/16/2025 12:00:00 AM,12/15/2025 7:00:00 PM,MIDATL,303.091
12/15/2025 11:00:00 PM,12/15/2025 6:00:00 PM,MIDATL,237.895
12/15/2025 10:00:00 PM,12/15/2025 5:00:00 PM,MIDATL,157.660
12/15/2025 9:00:00 PM,12/15/2025 4:00:00 PM,MIDATL,144.521
12/15/2025 8:00:00 PM,12/15/2025 3:00:00 PM,MIDATL,166.078
12/15/2025 7:00:00 PM,12/15/2025 2:00:00 PM,MIDATL,229.962
12/15/2025 6:00:00 PM,12/15/2025 1:00:00 PM,MIDATL,313.576
12/15/2025 5:00:00 PM,12/15/2025 12:00:00 PM,MIDATL,386.345
12/15/2025 4:00:00 PM,12/15/2025 11:00:00 AM,MIDATL,444.531
12/15/2025 3:00:00 PM,12/15/2025 10:00:00 AM,MIDATL,438.452
12/15/2025 2:00:00 PM,12/15/2025 9:00:00 AM,MIDATL,445.397
12/15/2025 1:00:00 PM,12/15/2025 8:00:00 AM,MIDATL,433.277
12/15/2025 12:00:00 PM,12/15/2025 7:00:00 AM,MIDATL,484.554
12/15/2025 11:00:00 AM,12/15/2025 6:00:00 AM,MIDATL,506.130
12/15/2025 10:00:00 AM,12/15/2025 5:00:00 AM,MIDATL,461.686
12/15/2025 9:00:00 AM,12/15/2025 4:00:00 AM,MIDATL,482.293
12/15/2025 8:00:00 AM,12/15/2025 3:00:00 AM,MIDATL,615.459
12/15/2025 7:00:00 AM,12/15/2025 2:00:00 AM,MIDATL,659.662
12/15/2025 6:00:00 AM,12/15/2025 1:00:00 AM,MIDATL,678.782
12/15/2025 5:00:00 AM,12/15/2025 12:00:00 AM,MIDATL,710.626
12/15/2025 4:00:00 AM,12/14/2025 11:00:00 PM,MIDATL,741.208
12/15/2025 3:00:00 AM,12/14/2025 10:00:00 PM,MIDATL,760.168
12/15/2025 2:00:00 AM,12/14/2025 9:00:00 PM,MIDATL,805.710
12/15/2025 1:00:00 AM,12/14/2025 8:00:00 PM,MIDATL,814.449
12/15/2025 12:00:00 AM,12/14/2025 7:00:00 PM,MIDATL,817.431
12/14/2025 11:00:00 PM,12/14/2025 6:00:00 PM,MIDATL,816.156
12/14/2025 10:00:00 PM,12/14/2025 5:00:00 PM,MIDATL,748.124
12/14/2025 9:00:00 PM,12/14/2025 4:00:00 PM,MIDATL,652.449
12/14/2025 8:00:00 PM,12/14/2025 3:00:00 PM,MIDATL,713.640
12/14/2025 7:00:00 PM,12/14/2025 2:00:00 PM,MIDATL,684.525
12/14/2025 6:00:00 PM,12/14/2025 1:00:00 PM,MIDATL,648.753
12/14/2025 5:00:00 PM,12/14/2025 12:00:00 PM,MIDATL,613.629
12/14/2025 4:00:00 PM,12/14/2025 11:00:00 AM,MIDATL,605.566
12/14/2025 3:00:00 PM,12/14/2025 10:00:00 AM,MIDATL,605.287
12/14/2025 2:00:00 PM,12/14/2025 9:00:00 AM,MIDATL,650.677
12/14/2025 1:00:00 PM,12/14/2025 8:00:00 AM,MIDATL,513.371
12/14/2025 12:00:00 PM,12/14/2025 7:00:00 AM,MIDATL,449.438
12/14/2025 11:00:00 AM,12/14/2025 6:00:00 AM,MIDATL,384.050
12/14/2025 10:00:00 AM,12/14/2025 5:00:00 AM,MIDATL,357.941
12/14/2025 9:00:00 AM,12/14/2025 4:00:00 AM,MIDATL,335.039
12/14/2025 8:00:00 AM,12/14/2025 3:00:00 AM,MIDATL,308.763
12/14/2025 7:00:00 AM,12/14/2025 2:00:00 AM,MIDATL,229.351
12/14/2025 6:00:00 AM,12/14/2025 1:00:00 AM,MIDATL,180.175
12/14/2025 5:00:00 AM,12/14/2025 12:00:00 AM,MIDATL,158.064
12/14/2025 4:00:00 AM,12/13/2025 11:00:00 PM,MIDATL,161.300
12/14/2025 3:00:00 AM,12/13/2025 10:00:00 PM,MIDATL,184.642
12/14/2025 2:00:00 AM,12/13/2025 9:00:00 PM,MIDATL,183.542
12/14/2025 1:00:00 AM,12/13/2025 8:00:00 PM,MIDATL,144.894
12/14/2025 12:00:00 AM,12/13/2025 7:00:00 PM,MIDATL,203.146
12/13/2025 11:00:00 PM,12/13/2025 6:00:00 PM,MIDATL,209.528
12/13/2025 10:00:00 PM,12/13/2025 5:00:00 PM,MIDATL,178.603
12/13/2025 9:00:00 PM,12/13/2025 4:00:00 PM,MIDATL,185.375
12/13/2025 8:00:00 PM,12/13/2025 3:00:00 PM,MIDATL,286.209
12/13/2025 7:00:00 PM,12/13/2025 2:00:00 PM,MIDATL,437.592
12/13/2025 6:00:00 PM,12/13/2025 1:00:00 PM,MIDATL,462.053
12/13/2025 5:00:00 PM,12/13/2025 12:00:00 PM,MIDATL,555.981
12/13/2025 4:00:00 PM,12/13/2025 11:00:00 AM,MIDATL,624.432
12/13/2025 3:00:00 PM,12/13/2025 10:00:00 AM,MIDATL,551.139
12/13/2025 2:00:00 PM,12/13/2025 9:00:00 AM,MIDATL,580.415
12/13/2025 1:00:00 PM,12/13/2025 8:00:00 AM,MIDATL,593.673
12/13/2025 12:00:00 PM,12/13/2025 7:00:00 AM,MIDATL,502.351
12/13/2025 11:00:00 AM,12/13/2025 6:00:00 AM,MIDATL,430.976
12/13/2025 10:00:00 AM,12/13/2025 5:00:00 AM,MIDATL,381.122
12/13/2025 9:00:00 AM,12/13/2025 4:00:00 AM,MIDATL,271.216
12/13/2025 8:00:00 AM,12/13/2025 3:00:00 AM,MIDATL,251.876
12/13/2025 7:00:00 AM,12/13/2025 2:00:00 AM,MIDATL,216.337
12/13/2025 6:00:00 AM,12/13/2025 1:00:00 AM,MIDATL,175.492
12/13/2025 5:00:00 AM,12/13/2025 12:00:00 AM,MIDATL,180.700
12/13/2025 4:00:00 AM,12/12/2025 11:00:00 PM,MIDATL,189.264
12/13/2025 3:00:00 AM,12/12/2025 10:00:00 PM,MIDATL,204.197
12/13/2025 2:00:00 AM,12/12/2025 9:00:00 PM,MIDATL,207.561
12/13/2025 1:00:00 AM,12/12/2025 8:00:00 PM,MIDATL,175.688
12/13/2025 12:00:00 AM,12/12/2025 7:00:00 PM,MIDATL,163.514
12/12/2025 11:00:00 PM,12/12/2025 6:00:00 PM,MIDATL,138.671
12/12/2025 10:00:00 PM,12/12/2025 5:00:00 PM,MIDATL,110.884
12/12/2025 9:00:00 PM,12/12/2025 4:00:00 PM,MIDATL,105.659
12/12/2025 8:00:00 PM,12/12/2025 3:00:00 PM,MIDATL,118.585
12/12/2025 7:00:00 PM,12/12/2025 2:00:00 PM,MIDATL,130.296
12/12/2025 6:00:00 PM,12/12/2025 1:00:00 PM,MIDATL,148.501
12/12/2025 5:00:00 PM,12/12/2025 12:00:00 PM,MIDATL,212.143
12/12/2025 4:00:00 PM,12/12/2025 11:00:00 AM,MIDATL,281.170
12/12/2025 3:00:00 PM,12/12/2025 10:00:00 AM,MIDATL,307.109
12/12/2025 2:00:00 PM,12/12/2025 9:00:00 AM,MIDATL,333.548
12/12/2025 1:00:00 PM,12/12/2025 8:00:00 AM,MIDATL,445.432
12/12/2025 12:00:00 PM,12/12/2025 7:00:00 AM,MIDATL,543.973
12/12/2025 11:00:00 AM,12/12/2025 6:00:00 AM,MIDATL,669.691
12/12/2025 10:00:00 AM,12/12/2025 5:00:00 AM,MIDATL,773.994
12/12/2025 9:00:00 AM,12/12/2025 4:00:00 AM,MIDATL,800.567
12/12/2025 8:00:00 AM,12/12/2025 3:00:00 AM,MIDATL,821.532
12/12/2025 7:00:00 AM,12/12/2025 2:00:00 AM,MIDATL,857.711
12/12/2025 6:00:00 AM,12/12/2025 1:00:00 AM,MIDATL,828.283
12/12/2025 5:00:00 AM,12/12/2025 12:00:00 AM,MIDATL,870.567
12/12/2025 4:00:00 AM,12/11/2025 11:00:00 PM,MIDATL,891.574
12/12/2025 3:00:00 AM,12/11/2025 10:00:00 PM,MIDATL,904.704
12/12/2025 2:00:00 AM,12/11/2025 9:00:00 PM,MIDATL,858.096
12/12/2025 1:00:00 AM,12/11/2025 8:00:00 PM,MIDATL,800.108
12/12/2025 12:00:00 AM,12/11/2025 7:00:00 PM,MIDATL,749.161
12/11/2025 11:00:00 PM,12/11/2025 6:00:00 PM,MIDATL,695.873
12/11/2025 10:00:00 PM,12/11/2025 5:00:00 PM,MIDATL,706.449
12/11/2025 9:00:00 PM,12/11/2025 4:00:00 PM,MIDATL,631.763
12/11/2025 8:00:00 PM,12/11/2025 3:00:00 PM,MIDATL,664.205
12/11/2025 7:00:00 PM,12/11/2025 2:00:00 PM,MIDATL,717.634
12/11/2025 6:00:00 PM,12/11/2025 1:00:00 PM,MIDATL,750.994
12/11/2025 5:00:00 PM,12/11/2025 12:00:00 PM,MIDATL,831.328
12/11/2025 4:00:00 PM,12/11/2025 11:00:00 AM,MIDATL,841.172
12/11/2025 3:00:00 PM,12/11/2025 10:00:00 AM,MIDATL,799.923
12/11/2025 2:00:00 PM,12/11/2025 9:00:00 AM,MIDATL,752.154
12/11/2025 1:00:00 PM,12/11/2025 8:00:00 AM,MIDATL,790.338
12/11/2025 12:00:00 PM,12/11/2025 7:00:00 AM,MIDATL,898.101
12/11/2025 11:00:00 AM,12/11/2025 6:00:00 AM,MIDATL,917.830
12/11/2025 10:00:00 AM,12/11/2025 5:00:00 AM,MIDATL,940.792
12/11/2025 9:00:00 AM,12/11/2025 4:00:00 AM,MIDATL,951.575
12/11/2025 8:00:00 AM,12/11/2025 3:00:00 AM,MIDATL,939.274
12/11/2025 7:00:00 AM,12/11/2025 2:00:00 AM,MIDATL,967.973
12/11/2025 6:00:00 AM,12/11/2025 1:00:00 AM,MIDATL,894.365
12/11/2025 5:00:00 AM,12/11/2025 12:00:00 AM,MIDATL,924.686
12/11/2025 4:00:00 AM,12/10/2025 11:00:00 PM,MIDATL,867.508
12/11/2025 3:00:00 AM,12/10/2025 10:00:00 PM,MIDATL,854.361
12/11/2025 2:00:00 AM,12/10/2025 9:00:00 PM,MIDATL,841.892
12/11/2025 1:00:00 AM,12/10/2025 8:00:00 PM,MIDATL,814.550
12/11/2025 12:00:00 AM,12/10/2025 7:00:00 PM,MIDATL,771.359
12/10/2025 11:00:00 PM,12/10/2025 6:00:00 PM,MIDATL,773.741
12/10/2025 10:00:00 PM,12/10/2025 5:00:00 PM,MIDATL,781.074
12/10/2025 9:00:00 PM,12/10/2025 4:00:00 PM,MIDATL,770.708
12/10/2025 8:00:00 PM,12/10/2025 3:00:00 PM,MIDATL,740.918
12/10/2025 7:00:00 PM,12/10/2025 2:00:00 PM,MIDATL,736.438
12/10/2025 6:00:00 PM,12/10/2025 1:00:00 PM,MIDATL,692.631
12/10/2025 5:00:00 PM,12/10/2025 12:00:00 PM,MIDATL,669.327
12/10/2025 4:00:00 PM,12/10/2025 11:00:00 AM,MIDATL,647.167
12/10/2025 3:00:00 PM,12/10/2025 10:00:00 AM,MIDATL,711.944
12/10/2025 2:00:00 PM,12/10/2025 9:00:00 AM,MIDATL,732.761
12/10/2025 1:00:00 PM,12/10/2025 8:00:00 AM,MIDATL,765.580
12/10/2025 12:00:00 PM,12/10/2025 7:00:00 AM,MIDATL,764.946
12/10/2025 11:00:00 AM,12/10/2025 6:00:00 AM,MIDATL,747.789
12/10/2025 10:00:00 AM,12/10/2025 5:00:00 AM,MIDATL,634.458
12/10/2025 9:00:00 AM,12/10/2025 4:00:00 AM,MIDATL,565.430
12/10/2025 8:00:00 AM,12/10/2025 3:00:00 AM,MIDATL,581.524
12/10/2025 7:00:00 AM,12/10/2025 2:00:00 AM,MIDATL,626.673
12/10/2025 6:00:00 AM,12/10/2025 1:00:00 AM,MIDATL,635.667
12/10/2025 5:00:00 AM,12/10/2025 12:00:00 AM,MIDATL,621.431
12/10/2025 4:00:00 AM,12/9/2025 11:00:00 PM,MIDATL,591.536
12/10/2025 3:00:00 AM,12/9/2025 10:00:00 PM,MIDATL,579.809
12/10/2025 2:00:00 AM,12/9/2025 9:00:00 PM,MIDATL,595.041
12/10/2025 1:00:00 AM,12/9/2025 8:00:00 PM,MIDATL,628.166
12/10/2025 12:00:00 AM,12/9/2025 7:00:00 PM,MIDATL,664.887
12/9/2025 11:00:00 PM,12/9/2025 6:00:00 PM,MIDATL,659.383
12/9/2025 10:00:00 PM,12/9/2025 5:00:00 PM,MIDATL,636.303
12/9/2025 9:00:00 PM,12/9/2025 4:00:00 PM,MIDATL,590.443
12/9/2025 8:00:00 PM,12/9/2025 3:00:00 PM,MIDATL,441.811
12/9/2025 7:00:00 PM,12/9/2025 2:00:00 PM,MIDATL,288.446
12/9/2025 6:00:00 PM,12/9/2025 1:00:00 PM,MIDATL,216.272
12/9/2025 5:00:00 PM,12/9/2025 12:00:00 PM,MIDATL,211.713
12/9/2025 4:00:00 PM,12/9/2025 11:00:00 AM,MIDATL,241.009
12/9/2025 3:00:00 PM,12/9/2025 10:00:00 AM,MIDATL,280.658
12/9/2025 2:00:00 PM,12/9/2025 9:00:00 AM,MIDATL,280.322
12/9/2025 1:00:00 PM,12/9/2025 8:00:00 AM,MIDATL,285.297
12/9/2025 12:00:00 PM,12/9/2025 7:00:00 AM,MIDATL,281.873
12/9/2025 11:00:00 AM,12/9/2025 6:00:00 AM,MIDATL,213.959
12/9/2025 10:00:00 AM,12/9/2025 5:00:00 AM,MIDATL,150.005
12/9/2025 9:00:00 AM,12/9/2025 4:00:00 AM,MIDATL,170.047
12/9/2025 8:00:00 AM,12/9/2025 3:00:00 AM,MIDATL,137.405
12/9/2025 7:00:00 AM,12/9/2025 2:00:00 AM,MIDATL,159.419
12/9/2025 6:00:00 AM,12/9/2025 1:00:00 AM,MIDATL,130.985
12/9/2025 5:00:00 AM,12/9/2025 12:00:00 AM,MIDATL,115.010
12/9/2025 4:00:00 AM,12/8/2025 11:00:00 PM,MIDATL,125.720
12/9/2025 3:00:00 AM,12/8/2025 10:00:00 PM,MIDATL,96.558
12/9/2025 2:00:00 AM,12/8/2025 9:00:00 PM,MIDATL,75.047
12/9/2025 1:00:00 AM,12/8/2025 8:00:00 PM,MIDATL,82.124
12/9/2025 12:00:00 AM,12/8/2025 7:00:00 PM,MIDATL,47.067
12/8/2025 11:00:00 PM,12/8/2025 6:00:00 PM,MIDATL,41.147
12/8/2025 10:00:00 PM,12/8/2025 5:00:00 PM,MIDATL,33.986
12/8/2025 9:00:00 PM,12/8/2025 4:00:00 PM,MIDATL,34.272
12/8/2025 8:00:00 PM,12/8/2025 3:00:00 PM,MIDATL,72.081
12/8/2025 7:00:00 PM,12/8/2025 2:00:00 PM,MIDATL,95.857
12/8/2025 6:00:00 PM,12/8/2025 1:00:00 PM,MIDATL,96.702
12/8/2025 5:00:00 PM,12/8/2025 12:00:00 PM,MIDATL,101.029
12/8/2025 4:00:00 PM,12/8/2025 11:00:00 AM,MIDATL,117.215
12/8/2025 3:00:00 PM,12/8/2025 10:00:00 AM,MIDATL,169.648
12/8/2025 2:00:00 PM,12/8/2025 9:00:00 AM,MIDATL,213.537
12/8/2025 1:00:00 PM,12/8/2025 8:00:00 AM,MIDATL,246.989
12/8/2025 12:00:00 PM,12/8/2025 7:00:00 AM,MIDATL,266.916
12/8/2025 11:00:00 AM,12/8/2025 6:00:00 AM,MIDATL,377.539
12/8/2025 10:00:00 AM,12/8/2025 5:00:00 AM,MIDATL,325.265
12/8/2025 9:00:00 AM,12/8/2025 4:00:00 AM,MIDATL,308.541
12/8/2025 8:00:00 AM,12/8/2025 3:00:00 AM,MIDATL,341.745
12/8/2025 7:00:00 AM,12/8/2025 2:00:00 AM,MIDATL,397.567
12/8/2025 6:00:00 AM,12/8/2025 1:00:00 AM,MIDATL,521.820
12/8/2025 5:00:00 AM,12/8/2025 12:00:00 AM,MIDATL,545.497
12/8/2025 4:00:00 AM,12/7/2025 11:00:00 PM,MIDATL,517.084
12/8/2025 3:00:00 AM,12/7/2025 10:00:00 PM,MIDATL,534.837
12/8/2025 2:00:00 AM,12/7/2025 9:00:00 PM,MIDATL,466.539
12/8/2025 1:00:00 AM,12/7/2025 8:00:00 PM,MIDATL,354.351
12/8/2025 12:00:00 AM,12/7/2025 7:00:00 PM,MIDATL,293.573
12/7/2025 11:00:00 PM,12/7/2025 6:00:00 PM,MIDATL,237.343
12/7/2025 10:00:00 PM,12/7/2025 5:00:00 PM,MIDATL,189.007
12/7/2025 9:00:00 PM,12/7/2025 4:00:00 PM,MIDATL,131.367
12/7/2025 8:00:00 PM,12/7/2025 3:00:00 PM,MIDATL,123.880
12/7/2025 7:00:00 PM,12/7/2025 2:00:00 PM,MIDATL,151.636
12/7/2025 6:00:00 PM,12/7/2025 1:00:00 PM,MIDATL,191.580
12/7/2025 5:00:00 PM,12/7/2025 12:00:00 PM,MIDATL,190.198
12/7/2025 4:00:00 PM,12/7/2025 11:00:00 AM,MIDATL,163.395
12/7/2025 3:00:00 PM,12/7/2025 10:00:00 AM,MIDATL,103.925
12/7/2025 2:00:00 PM,12/7/2025 9:00:00 AM,MIDATL,112.930
12/7/2025 1:00:00 PM,12/7/2025 8:00:00 AM,MIDATL,104.264
12/7/2025 12:00:00 PM,12/7/2025 7:00:00 AM,MIDATL,81.030
12/7/2025 11:00:00 AM,12/7/2025 6:00:00 AM,MIDATL,72.072
12/7/2025 10:00:00 AM,12/7/2025 5:00:00 AM,MIDATL,98.821
12/7/2025 9:00:00 AM,12/7/2025 4:00:00 AM,MIDATL,176.136
12/7/2025 8:00:00 AM,12/7/2025 3:00:00 AM,MIDATL,173.016
12/7/2025 7:00:00 AM,12/7/2025 2:00:00 AM,MIDATL,176.367
12/7/2025 6:00:00 AM,12/7/2025 1:00:00 AM,MIDATL,190.267
12/7/2025 5:00:00 AM,12/7/2025 12:00:00 AM,MIDATL,274.425
12/7/2025 4:00:00 AM,12/6/2025 11:00:00 PM,MIDATL,249.504
12/7/2025 3:00:00 AM,12/6/2025 10:00:00 PM,MIDATL,309.580
12/7/2025 2:00:00 AM,12/6/2025 9:00:00 PM,MIDATL,362.402
12/7/2025 1:00:00 AM,12/6/2025 8:00:00 PM,MIDATL,338.700
12/7/2025 12:00:00 AM,12/6/2025 7:00:00 PM,MIDATL,329.085
12/6/2025 11:00:00 PM,12/6/2025 6:00:00 PM,MIDATL,286.071
12/6/2025 10:00:00 PM,12/6/2025 5:00:00 PM,MIDATL,336.190
12/6/2025 9:00:00 PM,12/6/2025 4:00:00 PM,MIDATL,253.989
12/6/2025 8:00:00 PM,12/6/2025 3:00:00 PM,MIDATL,237.059
12/6/2025 7:00:00 PM,12/6/2025 2:00:00 PM,MIDATL,244.395
12/6/2025 6:00:00 PM,12/6/2025 1:00:00 PM,MIDATL,317.561
12/6/2025 5:00:00 PM,12/6/2025 12:00:00 PM,MIDATL,295.976
12/6/2025 4:00:00 PM,12/6/2025 11:00:00 AM,MIDATL,291.615
12/6/2025 3:00:00 PM,12/6/2025 10:00:00 AM,MIDATL,322.774
12/6/2025 2:00:00 PM,12/6/2025 9:00:00 AM,MIDATL,312.668
12/6/2025 1:00:00 PM,12/6/2025 8:00:00 AM,MIDATL,325.559
12/6/2025 12:00:00 PM,12/6/2025 7:00:00 AM,MIDATL,316.945
12/6/2025 11:00:00 AM,12/6/2025 6:00:00 AM,MIDATL,325.101
12/6/2025 10:00:00 AM,12/6/2025 5:00:00 AM,MIDATL,326.613
12/6/2025 9:00:00 AM,12/6/2025 4:00:00 AM,MIDATL,318.286
12/6/2025 8:00:00 AM,12/6/2025 3:00:00 AM,MIDATL,272.931
12/6/2025 7:00:00 AM,12/6/2025 2:00:00 AM,MIDATL,242.051
12/6/2025 6:00:00 AM,12/6/2025 1:00:00 AM,MIDATL,207.154
12/6/2025 5:00:00 AM,12/6/2025 12:00:00 AM,MIDATL,176.133
12/6/2025 4:00:00 AM,12/5/2025 11:00:00 PM,MIDATL,157.341
12/6/2025 3:00:00 AM,12/5/2025 10:00:00 PM,MIDATL,157.783
12/6/2025 2:00:00 AM,12/5/2025 9:00:00 PM,MIDATL,154.075
12/6/2025 1:00:00 AM,12/5/2025 8:00:00 PM,MIDATL,157.831
12/6/2025 12:00:00 AM,12/5/2025 7:00:00 PM,MIDATL,137.338
12/5/2025 11:00:00 PM,12/5/2025 6:00:00 PM,MIDATL,106.998
12/5/2025 10:00:00 PM,12/5/2025 5:00:00 PM,MIDATL,111.483
12/5/2025 9:00:00 PM,12/5/2025 4:00:00 PM,MIDATL,112.604
12/5/2025 8:00:00 PM,12/5/2025 3:00:00 PM,MIDATL,81.574
12/5/2025 7:00:00 PM,12/5/2025 2:00:00 PM,MIDATL,90.707
12/5/2025 6:00:00 PM,12/5/2025 1:00:00 PM,MIDATL,166.597
12/5/2025 5:00:00 PM,12/5/2025 12:00:00 PM,MIDATL,285.937
12/5/2025 4:00:00 PM,12/5/2025 11:00:00 AM,MIDATL,383.907
12/5/2025 3:00:00 PM,12/5/2025 10:00:00 AM,MIDATL,486.853
12/5/2025 2:00:00 PM,12/5/2025 9:00:00 AM,MIDATL,484.235
12/5/2025 1:00:00 PM,12/5/2025 8:00:00 AM,MIDATL,509.152
12/5/2025 12:00:00 PM,12/5/2025 7:00:00 AM,MIDATL,511.002
12/5/2025 11:00:00 AM,12/5/2025 6:00:00 AM,MIDATL,469.110
12/5/2025 10:00:00 AM,12/5/2025 5:00:00 AM,MIDATL,378.430
12/5/2025 9:00:00 AM,12/5/2025 4:00:00 AM,MIDATL,278.218
12/5/2025 8:00:00 AM,12/5/2025 3:00:00 AM,MIDATL,138.765
12/5/2025 7:00:00 AM,12/5/2025 2:00:00 AM,MIDATL,53.860
12/5/2025 6:00:00 AM,12/5/2025 1:00:00 AM,MIDATL,24.791
12/5/2025 5:00:00 AM,12/5/2025 12:00:00 AM,MIDATL,16.838
12/5/2025 4:00:00 AM,12/4/2025 11:00:00 PM,MIDATL,28.875
12/5/2025 3:00:00 AM,12/4/2025 10:00:00 PM,MIDATL,103.770
12/5/2025 2:00:00 AM,12/4/2025 9:00:00 PM,MIDATL,244.292
12/5/2025 1:00:00 AM,12/4/2025 8:00:00 PM,MIDATL,315.475
12/5/2025 12:00:00 AM,12/4/2025 7:00:00 PM,MIDATL,388.551
12/4/2025 11:00:00 PM,12/4/2025 6:00:00 PM,MIDATL,529.713
12/4/2025 10:00:00 PM,12/4/2025 5:00:00 PM,MIDATL,601.050
12/4/2025 9:00:00 PM,12/4/2025 4:00:00 PM,MIDATL,718.099
12/4/2025 8:00:00 PM,12/4/2025 3:00:00 PM,MIDATL,799.034
12/4/2025 7:00:00 PM,12/4/2025 2:00:00 PM,MIDATL,807.231
12/4/2025 6:00:00 PM,12/4/2025 1:00:00 PM,MIDATL,793.043
12/4/2025 5:00:00 PM,12/4/2025 12:00:00 PM,MIDATL,795.680
12/4/2025 4:00:00 PM,12/4/2025 11:00:00 AM,MIDATL,776.171
12/4/2025 3:00:00 PM,12/4/2025 10:00:00 AM,MIDATL,688.560
12/4/2025 2:00:00 PM,12/4/2025 9:00:00 AM,MIDATL,621.290
12/4/2025 1:00:00 PM,12/4/2025 8:00:00 AM,MIDATL,630.581
12/4/2025 12:00:00 PM,12/4/2025 7:00:00 AM,MIDATL,624.539
12/4/2025 11:00:00 AM,12/4/2025 6:00:00 AM,MIDATL,577.025
12/4/2025 10:00:00 AM,12/4/2025 5:00:00 AM,MIDATL,531.217
12/4/2025 9:00:00 AM,12/4/2025 4:00:00 AM,MIDATL,456.810
12/4/2025 8:00:00 AM,12/4/2025 3:00:00 AM,MIDATL,463.353
12/4/2025 7:00:00 AM,12/4/2025 2:00:00 AM,MIDATL,475.234
12/4/2025 6:00:00 AM,12/4/2025 1:00:00 AM,MIDATL,475.159
12/4/2025 5:00:00 AM,12/4/2025 12:00:00 AM,MIDATL,463.077
12/4/2025 4:00:00 AM,12/3/2025 11:00:00 PM,MIDATL,476.515
12/4/2025 3:00:00 AM,12/3/2025 10:00:00 PM,MIDATL,444.567
12/4/2025 2:00:00 AM,12/3/2025 9:00:00 PM,MIDATL,514.912
12/4/2025 1:00:00 AM,12/3/2025 8:00:00 PM,MIDATL,437.914
12/4/2025 12:00:00 AM,12/3/2025 7:00:00 PM,MIDATL,358.927
12/3/2025 11:00:00 PM,12/3/2025 6:00:00 PM,MIDATL,362.599
12/3/2025 10:00:00 PM,12/3/2025 5:00:00 PM,MIDATL,292.504
12/3/2025 9:00:00 PM,12/3/2025 4:00:00 PM,MIDATL,259.352
12/3/2025 8:00:00 PM,12/3/2025 3:00:00 PM,MIDATL,250.914
12/3/2025 7:00:00 PM,12/3/2025 2:00:00 PM,MIDATL,164.386
12/3/2025 6:00:00 PM,12/3/2025 1:00:00 PM,MIDATL,165.235
12/3/2025 5:00:00 PM,12/3/2025 12:00:00 PM,MIDATL,132.603
12/3/2025 4:00:00 PM,12/3/2025 11:00:00 AM,MIDATL,142.775
12/3/2025 3:00:00 PM,12/3/2025 10:00:00 AM,MIDATL,214.692
12/3/2025 2:00:00 PM,12/3/2025 9:00:00 AM,MIDATL,232.224
12/3/2025 1:00:00 PM,12/3/2025 8:00:00 AM,MIDATL,209.606
12/3/2025 12:00:00 PM,12/3/2025 7:00:00 AM,MIDATL,224.000
12/3/2025 11:00:00 AM,12/3/2025 6:00:00 AM,MIDATL,189.012
12/3/2025 10:00:00 AM,12/3/2025 5:00:00 AM,MIDATL,200.992
12/3/2025 9:00:00 AM,12/3/2025 4:00:00 AM,MIDATL,252.647
12/3/2025 8:00:00 AM,12/3/2025 3:00:00 AM,MIDATL,419.489
12/3/2025 7:00:00 AM,12/3/2025 2:00:00 AM,MIDATL,453.725
12/3/2025 6:00:00 AM,12/3/2025 1:00:00 AM,MIDATL,414.523
12/3/2025 5:00:00 AM,12/3/2025 12:00:00 AM,MIDATL,386.756
12/3/2025 4:00:00 AM,12/2/2025 11:00:00 PM,MIDATL,499.042
12/3/2025 3:00:00 AM,12/2/2025 10:00:00 PM,MIDATL,567.735
12/3/2025 2:00:00 AM,12/2/2025 9:00:00 PM,MIDATL,585.666
12/3/2025 1:00:00 AM,12/2/2025 8:00:00 PM,MIDATL,569.524
12/3/2025 12:00:00 AM,12/2/2025 7:00:00 PM,MIDATL,524.885
12/2/2025 11:00:00 PM,12/2/2025 6:00:00 PM,MIDATL,522.333
12/2/2025 10:00:00 PM,12/2/2025 5:00:00 PM,MIDATL,528.339
12/2/2025 9:00:00 PM,12/2/2025 4:00:00 PM,MIDATL,401.280
12/2/2025 8:00:00 PM,12/2/2025 3:00:00 PM,MIDATL,224.628
12/2/2025 7:00:00 PM,12/2/2025 2:00:00 PM,MIDATL,176.418
12/2/2025 6:00:00 PM,12/2/2025 1:00:00 PM,MIDATL,138.204
12/2/2025 5:00:00 PM,12/2/2025 12:00:00 PM,MIDATL,57.558
12/2/2025 4:00:00 PM,12/2/2025 11:00:00 AM,MIDATL,42.215
12/2/2025 3:00:00 PM,12/2/2025 10:00:00 AM,MIDATL,68.163
12/2/2025 2:00:00 PM,12/2/2025 9:00:00 AM,MIDATL,125.204
12/2/2025 1:00:00 PM,12/2/2025 8:00:00 AM,MIDATL,179.840
12/2/2025 12:00:00 PM,12/2/2025 7:00:00 AM,MIDATL,208.656
12/2/2025 11:00:00 AM,12/2/2025 6:00:00 AM,MIDATL,370.193
12/2/2025 10:00:00 AM,12/2/2025 5:00:00 AM,MIDATL,461.257
12/2/2025 9:00:00 AM,12/2/2025 4:00:00 AM,MIDATL,480.688
12/2/2025 8:00:00 AM,12/2/2025 3:00:00 AM,MIDATL,456.981
12/2/2025 7:00:00 AM,12/2/2025 2:00:00 AM,MIDATL,516.157
12/2/2025 6:00:00 AM,12/2/2025 1:00:00 AM,MIDATL,582.399
12/2/2025 5:00:00 AM,12/2/2025 12:00:00 AM,MIDATL,623.362
12/2/2025 4:00:00 AM,12/1/2025 11:00:00 PM,MIDATL,622.331
12/2/2025 3:00:00 AM,12/1/2025 10:00:00 PM,MIDATL,559.345
12/2/2025 2:00:00 AM,12/1/2025 9:00:00 PM,MIDATL,499.327
12/2/2025 1:00:00 AM,12/1/2025 8:00:00 PM,MIDATL,405.327
12/2/2025 12:00:00 AM,12/1/2025 7:00:00 PM,MIDATL,238.417
12/1/2025 11:00:00 PM,12/1/2025 6:00:00 PM,MIDATL,129.853
12/1/2025 10:00:00 PM,12/1/2025 5:00:00 PM,MIDATL,79.821
12/1/2025 9:00:00 PM,12/1/2025 4:00:00 PM,MIDATL,9.332
12/1/2025 8:00:00 PM,12/1/2025 3:00:00 PM,MIDATL,-3.973
12/1/2025 7:00:00 PM,12/1/2025 2:00:00 PM,MIDATL,9.559
12/1/2025 6:00:00 PM,12/1/2025 1:00:00 PM,MIDATL,27.022
12/1/2025 5:00:00 PM,12/1/2025 12:00:00 PM,MIDATL,64.141
12/1/2025 4:00:00 PM,12/1/2025 11:00:00 AM,MIDATL,121.535
12/1/2025 3:00:00 PM,12/1/2025 10:00:00 AM,MIDATL,123.843
12/1/2025 2:00:00 PM,12/1/2025 9:00:00 AM,MIDATL,151.558
12/1/2025 1:00:00 PM,12/1/2025 8:00:00 AM,MIDATL,208.598
12/1/2025 12:00:00 PM,12/1/2025 7:00:00 AM,MIDATL,313.665
12/1/2025 11:00:00 AM,12/1/2025 6:00:00 AM,MIDATL,463.387
12/1/2025 10:00:00 AM,12/1/2025 5:00:00 AM,MIDATL,539.261
12/1/2025 9:00:00 AM,12/1/2025 4:00:00 AM,MIDATL,635.612
12/1/2025 8:00:00 AM,12/1/2025 3:00:00 AM,MIDATL,713.102
12/1/2025 7:00:00 AM,12/1/2025 2:00:00 AM,MIDATL,784.644
12/1/2025 6:00:00 AM,12/1/2025 1:00:00 AM,MIDATL,788.673
12/1/2025 5:00:00 AM,12/1/2025 12:00:00 AM,MIDATL,794.395
12/1/2025 4:00:00 AM,11/30/2025 11:00:00 PM,MIDATL,763.227
12/1/2025 3:00:00 AM,11/30/2025 10:00:00 PM,MIDATL,822.481
12/1/2025 2:00:00 AM,11/30/2025 9:00:00 PM,MIDATL,793.282
12/1/2025 1:00:00 AM,11/30/2025 8:00:00 PM,MIDATL,782.208
12/1/2025 12:00:00 AM,11/30/2025 7:00:00 PM,MIDATL,789.033
11/30/2025 11:00:00 PM,11/30/2025 6:00:00 PM,MIDATL,696.517
11/30/2025 10:00:00 PM,11/30/2025 5:00:00 PM,MIDATL,669.848
11/30/2025 9:00:00 PM,11/30/2025 4:00:00 PM,MIDATL,734.260
11/30/2025 8:00:00 PM,11/30/2025 3:00:00 PM,MIDATL,715.073
11/30/2025 7:00:00 PM,11/30/2025 2:00:00 PM,MIDATL,694.164
11/30/2025 6:00:00 PM,11/30/2025 1:00:00 PM,MIDATL,655.934
11/30/2025 5:00:00 PM,11/30/2025 12:00:00 PM,MIDATL,636.759
11/30/2025 4:00:00 PM,11/30/2025 11:00:00 AM,MIDATL,696.908
11/30/2025 3:00:00 PM,11/30/2025 10:00:00 AM,MIDATL,744.749
11/30/2025 2:00:00 PM,11/30/2025 9:00:00 AM,MIDATL,752.753
11/30/2025 1:00:00 PM,11/30/2025 8:00:00 AM,MIDATL,769.111
11/30/2025 12:00:00 PM,11/30/2025 7:00:00 AM,MIDATL,780.188
11/30/2025 11:00:00 AM,11/30/2025 6:00:00 AM,MIDATL,752.656
11/30/2025 10:00:00 AM,11/30/2025 5:00:00 AM,MIDATL,799.069
11/30/2025 9:00:00 AM,11/30/2025 4:00:00 AM,MIDATL,766.392
11/30/2025 8:00:00 AM,11/30/2025 3:00:00 AM,MIDATL,809.754
11/30/2025 7:00:00 AM,11/30/2025 2:00:00 AM,MIDATL,847.518
11/30/2025 6:00:00 AM,11/30/2025 1:00:00 AM,MIDATL,864.256
11/30/2025 5:00:00 AM,11/30/2025 12:00:00 AM,MIDATL,865.771
11/30/2025 4:00:00 AM,11/29/2025 11:00:00 PM,MIDATL,876.330
11/30/2025 3:00:00 AM,11/29/2025 10:00:00 PM,MIDATL,757.650
11/30/2025 2:00:00 AM,11/29/2025 9:00:00 PM,MIDATL,602.715
11/30/2025 1:00:00 AM,11/29/2025 8:00:00 PM,MIDATL,490.502
11/30/2025 12:00:00 AM,11/29/2025 7:00:00 PM,MIDATL,369.718
11/29/2025 11:00:00 PM,11/29/2025 6:00:00 PM,MIDATL,224.572
11/29/2025 10:00:00 PM,11/29/2025 5:00:00 PM,MIDATL,123.094
11/29/2025 9:00:00 PM,11/29/2025 4:00:00 PM,MIDATL,27.737
11/29/2025 8:00:00 PM,11/29/2025 3:00:00 PM,MIDATL,-2.126
11/29/2025 7:00:00 PM,11/29/2025 2:00:00 PM,MIDATL,11.001
11/29/2025 6:00:00 PM,11/29/2025 1:00:00 PM,MIDATL,48.334
11/29/2025 5:00:00 PM,11/29/2025 12:00:00 PM,MIDATL,119.197
11/29/2025 4:00:00 PM,11/29/2025 11:00:00 AM,MIDATL,219.085
11/29/2025 3:00:00 PM,11/29/2025 10:00:00 AM,MIDATL,283.323
11/29/2025 2:00:00 PM,11/29/2025 9:00:00 AM,MIDATL,224.798
11/29/2025 1:00:00 PM,11/29/2025 8:00:00 AM,MIDATL,221.399
11/29/2025 12:00:00 PM,11/29/2025 7:00:00 AM,MIDATL,235.728
11/29/2025 11:00:00 AM,11/29/2025 6:00:00 AM,MIDATL,256.063
11/29/2025 10:00:00 AM,11/29/2025 5:00:00 AM,MIDATL,296.162
11/29/2025 9:00:00 AM,11/29/2025 4:00:00 AM,MIDATL,385.906
11/29/2025 8:00:00 AM,11/29/2025 3:00:00 AM,MIDATL,483.969
11/29/2025 7:00:00 AM,11/29/2025 2:00:00 AM,MIDATL,556.430
11/29/2025 6:00:00 AM,11/29/2025 1:00:00 AM,MIDATL,622.076
11/29/2025 5:00:00 AM,11/29/2025 12:00:00 AM,MIDATL,710.416
11/29/2025 4:00:00 AM,11/28/2025 11:00:00 PM,MIDATL,792.227
11/29/2025 3:00:00 AM,11/28/2025 10:00:00 PM,MIDATL,851.680
11/29/2025 2:00:00 AM,11/28/2025 9:00:00 PM,MIDATL,863.267
11/29/2025 1:00:00 AM,11/28/2025 8:00:00 PM,MIDATL,862.654
11/29/2025 12:00:00 AM,11/28/2025 7:00:00 PM,MIDATL,889.458
11/28/2025 11:00:00 PM,11/28/2025 6:00:00 PM,MIDATL,884.540
11/28/2025 10:00:00 PM,11/28/2025 5:00:00 PM,MIDATL,868.255
11/28/2025 9:00:00 PM,11/28/2025 4:00:00 PM,MIDATL,889.966
11/28/2025 8:00:00 PM,11/28/2025 3:00:00 PM,MIDATL,923.984
11/28/2025 7:00:00 PM,11/28/2025 2:00:00 PM,MIDATL,934.851
11/28/2025 6:00:00 PM,11/28/2025 1:00:00 PM,MIDATL,973.063
11/28/2025 5:00:00 PM,11/28/2025 12:00:00 PM,MIDATL,974.137
11/28/2025 4:00:00 PM,11/28/2025 11:00:00 AM,MIDATL,948.884
11/28/2025 3:00:00 PM,11/28/2025 10:00:00 AM,MIDATL,956.606
11/28/2025 2:00:00 PM,11/28/2025 9:00:00 AM,MIDATL,936.021
11/28/2025 1:00:00 PM,11/28/2025 8:00:00 AM,MIDATL,921.589
11/28/2025 12:00:00 PM,11/28/2025 7:00:00 AM,MIDATL,890.532
11/28/2025 11:00:00 AM,11/28/2025 6:00:00 AM,MIDATL,852.991
11/28/2025 10:00:00 AM,11/28/2025 5:00:00 AM,MIDATL,812.049
11/28/2025 9:00:00 AM,11/28/2025 4:00:00 AM,MIDATL,811.913
11/28/2025 8:00:00 AM,11/28/2025 3:00:00 AM,MIDATL,804.088
11/28/2025 7:00:00 AM,11/28/2025 2:00:00 AM,MIDATL,810.063
11/28/2025 6:00:00 AM,11/28/2025 1:00:00 AM,MIDATL,818.436
11/28/2025 5:00:00 AM,11/28/2025 12:00:00 AM,MIDATL,797.275
11/28/2025 4:00:00 AM,11/27/2025 11:00:00 PM,MIDATL,779.617
11/28/2025 3:00:00 AM,11/27/2025 10:00:00 PM,MIDATL,763.624
11/28/2025 2:00:00 AM,11/27/2025 9:00:00 PM,MIDATL,783.847
11/28/2025 1:00:00 AM,11/27/2025 8:00:00 PM,MIDATL,836.125
11/28/2025 12:00:00 AM,11/27/2025 7:00:00 PM,MIDATL,813.862
11/27/2025 11:00:00 PM,11/27/2025 6:00:00 PM,MIDATL,759.842
11/27/2025 10:00:00 PM,11/27/2025 5:00:00 PM,MIDATL,725.519
11/27/2025 9:00:00 PM,11/27/2025 4:00:00 PM,MIDATL,704.540
11/27/2025 8:00:00 PM,11/27/2025 3:00:00 PM,MIDATL,693.238
11/27/2025 7:00:00 PM,11/27/2025 2:00:00 PM,MIDATL,704.224
11/27/2025 6:00:00 PM,11/27/2025 1:00:00 PM,MIDATL,731.062
11/27/2025 5:00:00 PM,11/27/2025 12:00:00 PM,MIDATL,733.604
11/27/2025 4:00:00 PM,11/27/2025 11:00:00 AM,MIDATL,758.102
11/27/2025 3:00:00 PM,11/27/2025 10:00:00 AM,MIDATL,737.534
11/27/2025 2:00:00 PM,11/27/2025 9:00:00 AM,MIDATL,762.865
11/27/2025 1:00:00 PM,11/27/2025 8:00:00 AM,MIDATL,725.617
11/27/2025 12:00:00 PM,11/27/2025 7:00:00 AM,MIDATL,715.905
11/27/2025 11:00:00 AM,11/27/2025 6:00:00 AM,MIDATL,687.807
11/27/2025 10:00:00 AM,11/27/2025 5:00:00 AM,MIDATL,717.213
11/27/2025 9:00:00 AM,11/27/2025 4:00:00 AM,MIDATL,702.546
11/27/2025 8:00:00 AM,11/27/2025 3:00:00 AM,MIDATL,786.305
11/27/2025 7:00:00 AM,11/27/2025 2:00:00 AM,MIDATL,835.963
11/27/2025 6:00:00 AM,11/27/2025 1:00:00 AM,MIDATL,766.193
11/27/2025 5:00:00 AM,11/27/2025 12:00:00 AM,MIDATL,767.966
11/27/2025 4:00:00 AM,11/26/2025 11:00:00 PM,MIDATL,796.265
11/27/2025 3:00:00 AM,11/26/2025 10:00:00 PM,MIDATL,858.833
11/27/2025 2:00:00 AM,11/26/2025 9:00:00 PM,MIDATL,934.492
11/27/2025 1:00:00 AM,11/26/2025 8:00:00 PM,MIDATL,935.570
11/27/2025 12:00:00 AM,11/26/2025 7:00:00 PM,MIDATL,957.041
11/26/2025 11:00:00 PM,11/26/2025 6:00:00 PM,MIDATL,979.982
11/26/2025 10:00:00 PM,11/26/2025 5:00:00 PM,MIDATL,905.362
11/26/2025 9:00:00 PM,11/26/2025 4:00:00 PM,MIDATL,780.780
11/26/2025 8:00:00 PM,11/26/2025 3:00:00 PM,MIDATL,719.959
11/26/2025 7:00:00 PM,11/26/2025 2:00:00 PM,MIDATL,650.728
11/26/2025 6:00:00 PM,11/26/2025 1:00:00 PM,MIDATL,484.892
11/26/2025 5:00:00 PM,11/26/2025 12:00:00 PM,MIDATL,547.073
11/26/2025 4:00:00 PM,11/26/2025 11:00:00 AM,MIDATL,349.427
11/26/2025 3:00:00 PM,11/26/2025 10:00:00 AM,MIDATL,333.172
11/26/2025 2:00:00 PM,11/26/2025 9:00:00 AM,MIDATL,392.953
11/26/2025 1:00:00 PM,11/26/2025 8:00:00 AM,MIDATL,405.084
11/26/2025 12:00:00 PM,11/26/2025 7:00:00 AM,MIDATL,482.218
11/26/2025 11:00:00 AM,11/26/2025 6:00:00 AM,MIDATL,403.431
11/26/2025 10:00:00 AM,11/26/2025 5:00:00 AM,MIDATL,404.052
11/26/2025 9:00:00 AM,11/26/2025 4:00:00 AM,MIDATL,403.270
11/26/2025 8:00:00 AM,11/26/2025 3:00:00 AM,MIDATL,441.119
11/26/2025 7:00:00 AM,11/26/2025 2:00:00 AM,MIDATL,420.411
11/26/2025 6:00:00 AM,11/26/2025 1:00:00 AM,MIDATL,430.372
11/26/2025 5:00:00 AM,11/26/2025 12:00:00 AM,MIDATL,479.785
11/26/2025 4:00:00 AM,11/25/2025 11:00:00 PM,MIDATL,480.669
11/26/2025 3:00:00 AM,11/25/2025 10:00:00 PM,MIDATL,519.550
11/26/2025 2:00:00 AM,11/25/2025 9:00:00 PM,MIDATL,582.027
11/26/2025 1:00:00 AM,11/25/2025 8:00:00 PM,MIDATL,624.413
11/26/2025 12:00:00 AM,11/25/2025 7:00:00 PM,MIDATL,684.145
11/25/2025 11:00:00 PM,11/25/2025 6:00:00 PM,MIDATL,654.248
11/25/2025 10:00:00 PM,11/25/2025 5:00:00 PM,MIDATL,705.471
11/25/2025 9:00:00 PM,11/25/2025 4:00:00 PM,MIDATL,745.705
11/25/2025 8:00:00 PM,11/25/2025 3:00:00 PM,MIDATL,688.948
11/25/2025 7:00:00 PM,11/25/2025 2:00:00 PM,MIDATL,636.639
11/25/2025 6:00:00 PM,11/25/2025 1:00:00 PM,MIDATL,584.972
11/25/2025 5:00:00 PM,11/25/2025 12:00:00 PM,MIDATL,600.714
11/25/2025 4:00:00 PM,11/25/2025 11:00:00 AM,MIDATL,532.561
11/25/2025 3:00:00 PM,11/25/2025 10:00:00 AM,MIDATL,528.387
11/25/2025 2:00:00 PM,11/25/2025 9:00:00 AM,MIDATL,539.661
11/25/2025 1:00:00 PM,11/25/2025 8:00:00 AM,MIDATL,604.689
11/25/2025 12:00:00 PM,11/25/2025 7:00:00 AM,MIDATL,589.877
11/25/2025 11:00:00 AM,11/25/2025 6:00:00 AM,MIDATL,558.721
11/25/2025 10:00:00 AM,11/25/2025 5:00:00 AM,MIDATL,544.936
11/25/2025 9:00:00 AM,11/25/2025 4:00:00 AM,MIDATL,553.508
11/25/2025 8:00:00 AM,11/25/2025 3:00:00 AM,MIDATL,545.726
11/25/2025 7:00:00 AM,11/25/2025 2:00:00 AM,MIDATL,579.649
11/25/2025 6:00:00 AM,11/25/2025 1:00:00 AM,MIDATL,607.955
11/25/2025 5:00:00 AM,11/25/2025 12:00:00 AM,MIDATL,645.009
11/25/2025 4:00:00 AM,11/24/2025 11:00:00 PM,MIDATL,663.521
11/25/2025 3:00:00 AM,11/24/2025 10:00:00 PM,MIDATL,633.932
11/25/2025 2:00:00 AM,11/24/2025 9:00:00 PM,MIDATL,569.582
11/25/2025 1:00:00 AM,11/24/2025 8:00:00 PM,MIDATL,470.599
11/25/2025 12:00:00 AM,11/24/2025 7:00:00 PM,MIDATL,416.961
11/24/2025 11:00:00 PM,11/24/2025 6:00:00 PM,MIDATL,313.255
11/24/2025 10:00:00 PM,11/24/2025 5:00:00 PM,MIDATL,180.219
11/24/2025 9:00:00 PM,11/24/2025 4:00:00 PM,MIDATL,69.299
11/24/2025 8:00:00 PM,11/24/2025 3:00:00 PM,MIDATL,13.176
11/24/2025 7:00:00 PM,11/24/2025 2:00:00 PM,MIDATL,9.564
11/24/2025 6:00:00 PM,11/24/2025 1:00:00 PM,MIDATL,12.316
11/24/2025 5:00:00 PM,11/24/2025 12:00:00 PM,MIDATL,0.093
11/24/2025 4:00:00 PM,11/24/2025 11:00:00 AM,MIDATL,0.660
11/24/2025 3:00:00 PM,11/24/2025 10:00:00 AM,MIDATL,25.765
11/24/2025 2:00:00 PM,11/24/2025 9:00:00 AM,MIDATL,108.556
11/24/2025 1:00:00 PM,11/24/2025 8:00:00 AM,MIDATL,213.758
11/24/2025 12:00:00 PM,11/24/2025 7:00:00 AM,MIDATL,301.145
11/24/2025 11:00:00 AM,11/24/2025 6:00:00 AM,MIDATL,334.499
11/24/2025 10:00:00 AM,11/24/2025 5:00:00 AM,MIDATL,507.068
11/24/2025 9:00:00 AM,11/24/2025 4:00:00 AM,MIDATL,598.372
11/24/2025 8:00:00 AM,11/24/2025 3:00:00 AM,MIDATL,686.870
11/24/2025 7:00:00 AM,11/24/2025 2:00:00 AM,MIDATL,653.919
11/24/2025 6:00:00 AM,11/24/2025 1:00:00 AM,MIDATL,685.593
11/24/2025 5:00:00 AM,11/24/2025 12:00:00 AM,MIDATL,761.889
11/24/2025 4:00:00 AM,11/23/2025 11:00:00 PM,MIDATL,768.203
11/24/2025 3:00:00 AM,11/23/2025 10:00:00 PM,MIDATL,776.855
11/24/2025 2:00:00 AM,11/23/2025 9:00:00 PM,MIDATL,806.328
11/24/2025 1:00:00 AM,11/23/2025 8:00:00 PM,MIDATL,814.587
11/24/2025 12:00:00 AM,11/23/2025 7:00:00 PM,MIDATL,831.197
11/23/2025 11:00:00 PM,11/23/2025 6:00:00 PM,MIDATL,807.123
11/23/2025 10:00:00 PM,11/23/2025 5:00:00 PM,MIDATL,705.463
11/23/2025 9:00:00 PM,11/23/2025 4:00:00 PM,MIDATL,694.669
11/23/2025 8:00:00 PM,11/23/2025 3:00:00 PM,MIDATL,709.322
11/23/2025 7:00:00 PM,11/23/2025 2:00:00 PM,MIDATL,779.477
11/23/2025 6:00:00 PM,11/23/2025 1:00:00 PM,MIDATL,802.584
11/23/2025 5:00:00 PM,11/23/2025 12:00:00 PM,MIDATL,805.029
11/23/2025 4:00:00 PM,11/23/2025 11:00:00 AM,MIDATL,762.701
11/23/2025 3:00:00 PM,11/23/2025 10:00:00 AM,MIDATL,753.295
11/23/2025 2:00:00 PM,11/23/2025 9:00:00 AM,MIDATL,704.100
11/23/2025 1:00:00 PM,11/23/2025 8:00:00 AM,MIDATL,663.455
11/23/2025 12:00:00 PM,11/23/2025 7:00:00 AM,MIDATL,665.663
11/23/2025 11:00:00 AM,11/23/2025 6:00:00 AM,MIDATL,627.244
11/23/2025 10:00:00 AM,11/23/2025 5:00:00 AM,MIDATL,595.420
11/23/2025 9:00:00 AM,11/23/2025 4:00:00 AM,MIDATL,506.976
11/23/2025 8:00:00 AM,11/23/2025 3:00:00 AM,MIDATL,449.483
11/23/2025 7:00:00 AM,11/23/2025 2:00:00 AM,MIDATL,392.893
11/23/2025 6:00:00 AM,11/23/2025 1:00:00 AM,MIDATL,249.729
11/23/2025 5:00:00 AM,11/23/2025 12:00:00 AM,MIDATL,133.525
11/23/2025 4:00:00 AM,11/22/2025 11:00:00 PM,MIDATL,47.120
11/23/2025 3:00:00 AM,11/22/2025 10:00:00 PM,MIDATL,87.224
11/23/2025 2:00:00 AM,11/22/2025 9:00:00 PM,MIDATL,167.010
11/23/2025 1:00:00 AM,11/22/2025 8:00:00 PM,MIDATL,170.999
11/23/2025 12:00:00 AM,11/22/2025 7:00:00 PM,MIDATL,152.941
11/22/2025 11:00:00 PM,11/22/2025 6:00:00 PM,MIDATL,201.832
11/22/2025 10:00:00 PM,11/22/2025 5:00:00 PM,MIDATL,280.605
11/22/2025 9:00:00 PM,11/22/2025 4:00:00 PM,MIDATL,344.973
11/22/2025 8:00:00 PM,11/22/2025 3:00:00 PM,MIDATL,373.757
11/22/2025 7:00:00 PM,11/22/2025 2:00:00 PM,MIDATL,358.224
11/22/2025 6:00:00 PM,11/22/2025 1:00:00 PM,MIDATL,291.930
11/22/2025 5:00:00 PM,11/22/2025 12:00:00 PM,MIDATL,195.005
11/22/2025 4:00:00 PM,11/22/2025 11:00:00 AM,MIDATL,220.236
11/22/2025 3:00:00 PM,11/22/2025 10:00:00 AM,MIDATL,204.922
11/22/2025 2:00:00 PM,11/22/2025 9:00:00 AM,MIDATL,203.737
11/22/2025 1:00:00 PM,11/22/2025 8:00:00 AM,MIDATL,148.349
11/22/2025 12:00:00 PM,11/22/2025 7:00:00 AM,MIDATL,76.500
11/22/2025 11:00:00 AM,11/22/2025 6:00:00 AM,MIDATL,98.492
11/22/2025 10:00:00 AM,11/22/2025 5:00:00 AM,MIDATL,71.493
11/22/2025 9:00:00 AM,11/22/2025 4:00:00 AM,MIDATL,67.976
11/22/2025 8:00:00 AM,11/22/2025 3:00:00 AM,MIDATL,99.515
11/22/2025 7:00:00 AM,11/22/2025 2:00:00 AM,MIDATL,58.977
11/22/2025 6:00:00 AM,11/22/2025 1:00:00 AM,MIDATL,13.715
11/22/2025 5:00:00 AM,11/22/2025 12:00:00 AM,MIDATL,17.128
11/22/2025 4:00:00 AM,11/21/2025 11:00:00 PM,MIDATL,17.918
11/22/2025 3:00:00 AM,11/21/2025 10:00:00 PM,MIDATL,28.138
11/22/2025 2:00:00 AM,11/21/2025 9:00:00 PM,MIDATL,56.508
11/22/2025 1:00:00 AM,11/21/2025 8:00:00 PM,MIDATL,99.584
11/22/2025 12:00:00 AM,11/21/2025 7:00:00 PM,MIDATL,126.167
11/21/2025 11:00:00 PM,11/21/2025 6:00:00 PM,MIDATL,135.428
11/21/2025 10:00:00 PM,11/21/2025 5:00:00 PM,MIDATL,117.395
11/21/2025 9:00:00 PM,11/21/2025 4:00:00 PM,MIDATL,118.927
11/21/2025 8:00:00 PM,11/21/2025 3:00:00 PM,MIDATL,151.173
11/21/2025 7:00:00 PM,11/21/2025 2:00:00 PM,MIDATL,214.034
11/21/2025 6:00:00 PM,11/21/2025 1:00:00 PM,MIDATL,252.097
11/21/2025 5:00:00 PM,11/21/2025 12:00:00 PM,MIDATL,226.937
11/21/2025 4:00:00 PM,11/21/2025 11:00:00 AM,MIDATL,210.886
11/21/2025 3:00:00 PM,11/21/2025 10:00:00 AM,MIDATL,184.176
11/21/2025 2:00:00 PM,11/21/2025 9:00:00 AM,MIDATL,209.142
11/21/2025 1:00:00 PM,11/21/2025 8:00:00 AM,MIDATL,218.512
11/21/2025 12:00:00 PM,11/21/2025 7:00:00 AM,MIDATL,219.351
11/21/2025 11:00:00 AM,11/21/2025 6:00:00 AM,MIDATL,228.511
11/21/2025 10:00:00 AM,11/21/2025 5:00:00 AM,MIDATL,239.077
11/21/2025 9:00:00 AM,11/21/2025 4:00:00 AM,MIDATL,215.399
11/21/2025 8:00:00 AM,11/21/2025 3:00:00 AM,MIDATL,159.357
11/21/2025 7:00:00 AM,11/21/2025 2:00:00 AM,MIDATL,144.785
11/21/2025 6:00:00 AM,11/21/2025 1:00:00 AM,MIDATL,127.286
11/21/2025 5:00:00 AM,11/21/2025 12:00:00 AM,MIDATL,93.005
11/21/2025 4:00:00 AM,11/20/2025 11:00:00 PM,MIDATL,76.356
11/21/2025 3:00:00 AM,11/20/2025 10:00:00 PM,MIDATL,105.243
11/21/2025 2:00:00 AM,11/20/2025 9:00:00 PM,MIDATL,149.891
11/21/2025 1:00:00 AM,11/20/2025 8:00:00 PM,MIDATL,157.948
11/21/2025 12:00:00 AM,11/20/2025 7:00:00 PM,MIDATL,122.086
11/20/2025 11:00:00 PM,11/20/2025 6:00:00 PM,MIDATL,89.600
11/20/2025 10:00:00 PM,11/20/2025 5:00:00 PM,MIDATL,54.273
11/20/2025 9:00:00 PM,11/20/2025 4:00:00 PM,MIDATL,38.677
11/20/2025 8:00:00 PM,11/20/2025 3:00:00 PM,MIDATL,28.846
11/20/2025 7:00:00 PM,11/20/2025 2:00:00 PM,MIDATL,22.565
11/20/2025 6:00:00 PM,11/20/2025 1:00:00 PM,MIDATL,15.433
11/20/2025 5:00:00 PM,11/20/2025 12:00:00 PM,MIDATL,14.794
11/20/2025 4:00:00 PM,11/20/2025 11:00:00 AM,MIDATL,21.686
11/20/2025 3:00:00 PM,11/20/2025 10:00:00 AM,MIDATL,35.329
11/20/2025 2:00:00 PM,11/20/2025 9:00:00 AM,MIDATL,68.770
11/20/2025 1:00:00 PM,11/20/2025 8:00:00 AM,MIDATL,90.936
11/20/2025 12:00:00 PM,11/20/2025 7:00:00 AM,MIDATL,76.207
11/20/2025 11:00:00 AM,11/20/2025 6:00:00 AM,MIDATL,76.837
11/20/2025 10:00:00 AM,11/20/2025 5:00:00 AM,MIDATL,67.502
11/20/2025 9:00:00 AM,11/20/2025 4:00:00 AM,MIDATL,69.163
11/20/2025 8:00:00 AM,11/20/2025 3:00:00 AM,MIDATL,43.002
11/20/2025 7:00:00 AM,11/20/2025 2:00:00 AM,MIDATL,20.394
11/20/2025 6:00:00 AM,11/20/2025 1:00:00 AM,MIDATL,14.113
11/20/2025 5:00:00 AM,11/20/2025 12:00:00 AM,MIDATL,13.308
11/20/2025 4:00:00 AM,11/19/2025 11:00:00 PM,MIDATL,6.448
11/20/2025 3:00:00 AM,11/19/2025 10:00:00 PM,MIDATL,9.336
11/20/2025 2:00:00 AM,11/19/2025 9:00:00 PM,MIDATL,19.551
11/20/2025 1:00:00 AM,11/19/2025 8:00:00 PM,MIDATL,30.665
11/20/2025 12:00:00 AM,11/19/2025 7:00:00 PM,MIDATL,32.239
11/19/2025 11:00:00 PM,11/19/2025 6:00:00 PM,MIDATL,19.070
11/19/2025 10:00:00 PM,11/19/2025 5:00:00 PM,MIDATL,19.023
11/19/2025 9:00:00 PM,11/19/2025 4:00:00 PM,MIDATL,26.200
11/19/2025 8:00:00 PM,11/19/2025 3:00:00 PM,MIDATL,17.071
11/19/2025 7:00:00 PM,11/19/2025 2:00:00 PM,MIDATL,8.555
11/19/2025 6:00:00 PM,11/19/2025 1:00:00 PM,MIDATL,2.395
11/19/2025 5:00:00 PM,11/19/2025 12:00:00 PM,MIDATL,0.494
11/19/2025 4:00:00 PM,11/19/2025 11:00:00 AM,MIDATL,-0.161
11/19/2025 3:00:00 PM,11/19/2025 10:00:00 AM,MIDATL,0.860
11/19/2025 2:00:00 PM,11/19/2025 9:00:00 AM,MIDATL,4.896
11/19/2025 1:00:00 PM,11/19/2025 8:00:00 AM,MIDATL,19.320
11/19/2025 12:00:00 PM,11/19/2025 7:00:00 AM,MIDATL,14.899
11/19/2025 11:00:00 AM,11/19/2025 6:00:00 AM,MIDATL,10.030
11/19/2025 10:00:00 AM,11/19/2025 5:00:00 AM,MIDATL,14.601
11/19/2025 9:00:00 AM,11/19/2025 4:00:00 AM,MIDATL,9.331
11/19/2025 8:00:00 AM,11/19/2025 3:00:00 AM,MIDATL,5.716
11/19/2025 7:00:00 AM,11/19/2025 2:00:00 AM,MIDATL,8.280
11/19/2025 6:00:00 AM,11/19/2025 1:00:00 AM,MIDATL,44.720
11/19/2025 5:00:00 AM,11/19/2025 12:00:00 AM,MIDATL,100.971
11/19/2025 4:00:00 AM,11/18/2025 11:00:00 PM,MIDATL,90.949
11/19/2025 3:00:00 AM,11/18/2025 10:00:00 PM,MIDATL,148.503
11/19/2025 2:00:00 AM,11/18/2025 9:00:00 PM,MIDATL,167.526
11/19/2025 1:00:00 AM,11/18/2025 8:00:00 PM,MIDATL,120.565
11/19/2025 12:00:00 AM,11/18/2025 7:00:00 PM,MIDATL,117.107
11/18/2025 11:00:00 PM,11/18/2025 6:00:00 PM,MIDATL,132.034
11/18/2025 10:00:00 PM,11/18/2025 5:00:00 PM,MIDATL,63.328
11/18/2025 9:00:00 PM,11/18/2025 4:00:00 PM,MIDATL,24.365
11/18/2025 8:00:00 PM,11/18/2025 3:00:00 PM,MIDATL,11.327
11/18/2025 7:00:00 PM,11/18/2025 2:00:00 PM,MIDATL,13.174
11/18/2025 6:00:00 PM,11/18/2025 1:00:00 PM,MIDATL,21.602
11/18/2025 5:00:00 PM,11/18/2025 12:00:00 PM,MIDATL,38.031
11/18/2025 4:00:00 PM,11/18/2025 11:00:00 AM,MIDATL,59.089
11/18/2025 3:00:00 PM,11/18/2025 10:00:00 AM,MIDATL,76.026
11/18/2025 2:00:00 PM,11/18/2025 9:00:00 AM,MIDATL,105.288
11/18/2025 1:00:00 PM,11/18/2025 8:00:00 AM,MIDATL,140.781
11/18/2025 12:00:00 PM,11/18/2025 7:00:00 AM,MIDATL,203.287
11/18/2025 11:00:00 AM,11/18/2025 6:00:00 AM,MIDATL,234.959
11/18/2025 10:00:00 AM,11/18/2025 5:00:00 AM,MIDATL,284.619
11/18/2025 9:00:00 AM,11/18/2025 4:00:00 AM,MIDATL,302.794
11/18/2025 8:00:00 AM,11/18/2025 3:00:00 AM,MIDATL,316.380
11/18/2025 7:00:00 AM,11/18/2025 2:00:00 AM,MIDATL,329.765
11/18/2025 6:00:00 AM,11/18/2025 1:00:00 AM,MIDATL,364.090
11/18/2025 5:00:00 AM,11/18/2025 12:00:00 AM,MIDATL,396.468
11/18/2025 4:00:00 AM,11/17/2025 11:00:00 PM,MIDATL,494.598
11/18/2025 3:00:00 AM,11/17/2025 10:00:00 PM,MIDATL,580.121
11/18/2025 2:00:00 AM,11/17/2025 9:00:00 PM,MIDATL,595.222
11/18/2025 1:00:00 AM,11/17/2025 8:00:00 PM,MIDATL,604.794
11/18/2025 12:00:00 AM,11/17/2025 7:00:00 PM,MIDATL,606.033
11/17/2025 11:00:00 PM,11/17/2025 6:00:00 PM,MIDATL,592.437
11/17/2025 10:00:00 PM,11/17/2025 5:00:00 PM,MIDATL,630.933
11/17/2025 9:00:00 PM,11/17/2025 4:00:00 PM,MIDATL,757.403
11/17/2025 8:00:00 PM,11/17/2025 3:00:00 PM,MIDATL,822.267
11/17/2025 7:00:00 PM,11/17/2025 2:00:00 PM,MIDATL,857.659
11/17/2025 6:00:00 PM,11/17/2025 1:00:00 PM,MIDATL,824.103
11/17/2025 5:00:00 PM,11/17/2025 12:00:00 PM,MIDATL,859.366
11/17/2025 4:00:00 PM,11/17/2025 11:00:00 AM,MIDATL,870.309
11/17/2025 3:00:00 PM,11/17/2025 10:00:00 AM,MIDATL,900.916
11/17/2025 2:00:00 PM,11/17/2025 9:00:00 AM,MIDATL,897.791
11/17/2025 1:00:00 PM,11/17/2025 8:00:00 AM,MIDATL,872.740
11/17/2025 12:00:00 PM,11/17/2025 7:00:00 AM,MIDATL,869.393
11/17/2025 11:00:00 AM,11/17/2025 6:00:00 AM,MIDATL,972.178
11/17/2025 10:00:00 AM,11/17/2025 5:00:00 AM,MIDATL,966.044
11/17/2025 9:00:00 AM,11/17/2025 4:00:00 AM,MIDATL,927.534
11/17/2025 8:00:00 AM,11/17/2025 3:00:00 AM,MIDATL,908.237
11/17/2025 7:00:00 AM,11/17/2025 2:00:00 AM,MIDATL,863.199
11/17/2025 6:00:00 AM,11/17/2025 1:00:00 AM,MIDATL,886.746
11/17/2025 5:00:00 AM,11/17/2025 12:00:00 AM,MIDATL,916.680
11/17/2025 4:00:00 AM,11/16/2025 11:00:00 PM,MIDATL,918.841
11/17/2025 3:00:00 AM,11/16/2025 10:00:00 PM,MIDATL,977.881
11/17/2025 2:00:00 AM,11/16/2025 9:00:00 PM,MIDATL,1012.495
11/17/2025 1:00:00 AM,11/16/2025 8:00:00 PM,MIDATL,1035.647
11/17/2025 12:00:00 AM,11/16/2025 7:00:00 PM,MIDATL,1004.536
11/16/2025 11:00:00 PM,11/16/2025 6:00:00 PM,MIDATL,944.628
11/16/2025 10:00:00 PM,11/16/2025 5:00:00 PM,MIDATL,915.187
11/16/2025 9:00:00 PM,11/16/2025 4:00:00 PM,MIDATL,956.801
11/16/2025 8:00:00 PM,11/16/2025 3:00:00 PM,MIDATL,1009.156
11/16/2025 7:00:00 PM,11/16/2025 2:00:00 PM,MIDATL,1006.232
11/16/2025 6:00:00 PM,11/16/2025 1:00:00 PM,MIDATL,1003.544
11/16/2025 5:00:00 PM,11/16/2025 12:00:00 PM,MIDATL,975.934
11/16/2025 4:00:00 PM,11/16/2025 11:00:00 AM,MIDATL,942.886
11/16/2025 3:00:00 PM,11/16/2025 10:00:00 AM,MIDATL,979.670
11/16/2025 2:00:00 PM,11/16/2025 9:00:00 AM,MIDATL,1012.466
11/16/2025 1:00:00 PM,11/16/2025 8:00:00 AM,MIDATL,979.628
11/16/2025 12:00:00 PM,11/16/2025 7:00:00 AM,MIDATL,964.820
11/16/2025 11:00:00 AM,11/16/2025 6:00:00 AM,MIDATL,939.747
11/16/2025 10:00:00 AM,11/16/2025 5:00:00 AM,MIDATL,994.833
11/16/2025 9:00:00 AM,11/16/2025 4:00:00 AM,MIDATL,1016.049
11/16/2025 8:00:00 AM,11/16/2025 3:00:00 AM,MIDATL,973.212
11/16/2025 7:00:00 AM,11/16/2025 2:00:00 AM,MIDATL,953.783
11/16/2025 6:00:00 AM,11/16/2025 1:00:00 AM,MIDATL,969.776
11/16/2025 5:00:00 AM,11/16/2025 12:00:00 AM,MIDATL,944.438
11/16/2025 4:00:00 AM,11/15/2025 11:00:00 PM,MIDATL,933.368
11/16/2025 3:00:00 AM,11/15/2025 10:00:00 PM,MIDATL,933.728
11/16/2025 2:00:00 AM,11/15/2025 9:00:00 PM,MIDATL,973.501
11/16/2025 1:00:00 AM,11/15/2025 8:00:00 PM,MIDATL,947.757
11/16/2025 12:00:00 AM,11/15/2025 7:00:00 PM,MIDATL,907.190
11/15/2025 11:00:00 PM,11/15/2025 6:00:00 PM,MIDATL,904.518
11/15/2025 10:00:00 PM,11/15/2025 5:00:00 PM,MIDATL,871.262
11/15/2025 9:00:00 PM,11/15/2025 4:00:00 PM,MIDATL,668.936
11/15/2025 8:00:00 PM,11/15/2025 3:00:00 PM,MIDATL,587.128
11/15/2025 7:00:00 PM,11/15/2025 2:00:00 PM,MIDATL,455.859
11/15/2025 6:00:00 PM,11/15/2025 1:00:00 PM,MIDATL,390.303
11/15/2025 5:00:00 PM,11/15/2025 12:00:00 PM,MIDATL,330.642
11/15/2025 4:00:00 PM,11/15/2025 11:00:00 AM,MIDATL,289.189
11/15/2025 3:00:00 PM,11/15/2025 10:00:00 AM,MIDATL,287.621
11/15/2025 2:00:00 PM,11/15/2025 9:00:00 AM,MIDATL,227.594
11/15/2025 1:00:00 PM,11/15/2025 8:00:00 AM,MIDATL,164.372
11/15/2025 12:00:00 PM,11/15/2025 7:00:00 AM,MIDATL,147.367
11/15/2025 11:00:00 AM,11/15/2025 6:00:00 AM,MIDATL,134.145
11/15/2025 10:00:00 AM,11/15/2025 5:00:00 AM,MIDATL,146.034
11/15/2025 9:00:00 AM,11/15/2025 4:00:00 AM,MIDATL,184.617
11/15/2025 8:00:00 AM,11/15/2025 3:00:00 AM,MIDATL,233.994
11/15/2025 7:00:00 AM,11/15/2025 2:00:00 AM,MIDATL,259.998
11/15/2025 6:00:00 AM,11/15/2025 1:00:00 AM,MIDATL,259.533
11/15/2025 5:00:00 AM,11/15/2025 12:00:00 AM,MIDATL,293.906
11/15/2025 4:00:00 AM,11/14/2025 11:00:00 PM,MIDATL,374.449
11/15/2025 3:00:00 AM,11/14/2025 10:00:00 PM,MIDATL,392.123
11/15/2025 2:00:00 AM,11/14/2025 9:00:00 PM,MIDATL,336.340
11/15/2025 1:00:00 AM,11/14/2025 8:00:00 PM,MIDATL,310.727
11/15/2025 12:00:00 AM,11/14/2025 7:00:00 PM,MIDATL,274.728
11/14/2025 11:00:00 PM,11/14/2025 6:00:00 PM,MIDATL,282.117
11/14/2025 10:00:00 PM,11/14/2025 5:00:00 PM,MIDATL,256.162
11/14/2025 9:00:00 PM,11/14/2025 4:00:00 PM,MIDATL,188.525
11/14/2025 8:00:00 PM,11/14/2025 3:00:00 PM,MIDATL,186.233
11/14/2025 7:00:00 PM,11/14/2025 2:00:00 PM,MIDATL,207.324
11/14/2025 6:00:00 PM,11/14/2025 1:00:00 PM,MIDATL,211.734
11/14/2025 5:00:00 PM,11/14/2025 12:00:00 PM,MIDATL,194.824
11/14/2025 4:00:00 PM,11/14/2025 11:00:00 AM,MIDATL,259.740
11/14/2025 3:00:00 PM,11/14/2025 10:00:00 AM,MIDATL,283.135
11/14/2025 2:00:00 PM,11/14/2025 9:00:00 AM,MIDATL,296.574
11/14/2025 1:00:00 PM,11/14/2025 8:00:00 AM,MIDATL,336.369
11/14/2025 12:00:00 PM,11/14/2025 7:00:00 AM,MIDATL,399.448
11/14/2025 11:00:00 AM,11/14/2025 6:00:00 AM,MIDATL,456.248
11/14/2025 10:00:00 AM,11/14/2025 5:00:00 AM,MIDATL,440.894
11/14/2025 9:00:00 AM,11/14/2025 4:00:00 AM,MIDATL,426.067
11/14/2025 8:00:00 AM,11/14/2025 3:00:00 AM,MIDATL,430.565
11/14/2025 7:00:00 AM,11/14/2025 2:00:00 AM,MIDATL,467.144
11/14/2025 6:00:00 AM,11/14/2025 1:00:00 AM,MIDATL,526.725
11/14/2025 5:00:00 AM,11/14/2025 12:00:00 AM,MIDATL,626.402
11/14/2025 4:00:00 AM,11/13/2025 11:00:00 PM,MIDATL,674.756
11/14/2025 3:00:00 AM,11/13/2025 10:00:00 PM,MIDATL,728.884
11/14/2025 2:00:00 AM,11/13/2025 9:00:00 PM,MIDATL,787.319
11/14/2025 1:00:00 AM,11/13/2025 8:00:00 PM,MIDATL,847.631
11/14/2025 12:00:00 AM,11/13/2025 7:00:00 PM,MIDATL,834.881
11/13/2025 11:00:00 PM,11/13/2025 6:00:00 PM,MIDATL,783.452
11/13/2025 10:00:00 PM,11/13/2025 5:00:00 PM,MIDATL,751.011
11/13/2025 9:00:00 PM,11/13/2025 4:00:00 PM,MIDATL,843.136
11/13/2025 8:00:00 PM,11/13/2025 3:00:00 PM,MIDATL,909.132
11/13/2025 7:00:00 PM,11/13/2025 2:00:00 PM,MIDATL,904.475
11/13/2025 6:00:00 PM,11/13/2025 1:00:00 PM,MIDATL,912.102
11/13/2025 5:00:00 PM,11/13/2025 12:00:00 PM,MIDATL,955.738
11/13/2025 4:00:00 PM,11/13/2025 11:00:00 AM,MIDATL,943.572
11/13/2025 3:00:00 PM,11/13/2025 10:00:00 AM,MIDATL,943.171
11/13/2025 2:00:00 PM,11/13/2025 9:00:00 AM,MIDATL,879.310
11/13/2025 1:00:00 PM,11/13/2025 8:00:00 AM,MIDATL,794.512
11/13/2025 12:00:00 PM,11/13/2025 7:00:00 AM,MIDATL,773.193
11/13/2025 11:00:00 AM,11/13/2025 6:00:00 AM,MIDATL,738.335
11/13/2025 10:00:00 AM,11/13/2025 5:00:00 AM,MIDATL,731.021
11/13/2025 9:00:00 AM,11/13/2025 4:00:00 AM,MIDATL,742.140
11/13/2025 8:00:00 AM,11/13/2025 3:00:00 AM,MIDATL,755.092
11/13/2025 7:00:00 AM,11/13/2025 2:00:00 AM,MIDATL,754.260
11/13/2025 6:00:00 AM,11/13/2025 1:00:00 AM,MIDATL,763.106
11/13/2025 5:00:00 AM,11/13/2025 12:00:00 AM,MIDATL,817.564
11/13/2025 4:00:00 AM,11/12/2025 11:00:00 PM,MIDATL,839.606
11/13/2025 3:00:00 AM,11/12/2025 10:00:00 PM,MIDATL,805.799
11/13/2025 2:00:00 AM,11/12/2025 9:00:00 PM,MIDATL,809.164
11/13/2025 1:00:00 AM,11/12/2025 8:00:00 PM,MIDATL,779.859
11/13/2025 12:00:00 AM,11/12/2025 7:00:00 PM,MIDATL,775.333
11/12/2025 11:00:00 PM,11/12/2025 6:00:00 PM,MIDATL,745.397
11/12/2025 10:00:00 PM,11/12/2025 5:00:00 PM,MIDATL,710.630
11/12/2025 9:00:00 PM,11/12/2025 4:00:00 PM,MIDATL,708.995
11/12/2025 8:00:00 PM,11/12/2025 3:00:00 PM,MIDATL,736.422
11/12/2025 7:00:00 PM,11/12/2025 2:00:00 PM,MIDATL,743.567
11/12/2025 6:00:00 PM,11/12/2025 1:00:00 PM,MIDATL,766.639
11/12/2025 5:00:00 PM,11/12/2025 12:00:00 PM,MIDATL,745.386
11/12/2025 4:00:00 PM,11/12/2025 11:00:00 AM,MIDATL,708.090
11/12/2025 3:00:00 PM,11/12/2025 10:00:00 AM,MIDATL,694.039
11/12/2025 2:00:00 PM,11/12/2025 9:00:00 AM,MIDATL,691.412
11/12/2025 1:00:00 PM,11/12/2025 8:00:00 AM,MIDATL,709.627
11/12/2025 12:00:00 PM,11/12/2025 7:00:00 AM,MIDATL,735.332
11/12/2025 11:00:00 AM,11/12/2025 6:00:00 AM,MIDATL,768.199
11/12/2025 10:00:00 AM,11/12/2025 5:00:00 AM,MIDATL,753.164
11/12/2025 9:00:00 AM,11/12/2025 4:00:00 AM,MIDATL,757.956
11/12/2025 8:00:00 AM,11/12/2025 3:00:00 AM,MIDATL,740.377
11/12/2025 7:00:00 AM,11/12/2025 2:00:00 AM,MIDATL,672.951
11/12/2025 6:00:00 AM,11/12/2025 1:00:00 AM,MIDATL,586.486
11/12/2025 5:00:00 AM,11/12/2025 12:00:00 AM,MIDATL,628.478
11/12/2025 4:00:00 AM,11/11/2025 11:00:00 PM,MIDATL,595.351
11/12/2025 3:00:00 AM,11/11/2025 10:00:00 PM,MIDATL,549.134
11/12/2025 2:00:00 AM,11/11/2025 9:00:00 PM,MIDATL,436.870
11/12/2025 1:00:00 AM,11/11/2025 8:00:00 PM,MIDATL,458.781
11/12/2025 12:00:00 AM,11/11/2025 7:00:00 PM,MIDATL,544.019
11/11/2025 11:00:00 PM,11/11/2025 6:00:00 PM,MIDATL,580.918
11/11/2025 10:00:00 PM,11/11/2025 5:00:00 PM,MIDATL,769.185
11/11/2025 9:00:00 PM,11/11/2025 4:00:00 PM,MIDATL,840.149
11/11/2025 8:00:00 PM,11/11/2025 3:00:00 PM,MIDATL,810.223
11/11/2025 7:00:00 PM,11/11/2025 2:00:00 PM,MIDATL,849.333
11/11/2025 6:00:00 PM,11/11/2025 1:00:00 PM,MIDATL,853.443
11/11/2025 5:00:00 PM,11/11/2025 12:00:00 PM,MIDATL,863.615
11/11/2025 4:00:00 PM,11/11/2025 11:00:00 AM,MIDATL,882.257
11/11/2025 3:00:00 PM,11/11/2025 10:00:00 AM,MIDATL,888.677
11/11/2025 2:00:00 PM,11/11/2025 9:00:00 AM,MIDATL,842.136
11/11/2025 1:00:00 PM,11/11/2025 8:00:00 AM,MIDATL,781.555
11/11/2025 12:00:00 PM,11/11/2025 7:00:00 AM,MIDATL,796.580
11/11/2025 11:00:00 AM,11/11/2025 6:00:00 AM,MIDATL,793.755
11/11/2025 10:00:00 AM,11/11/2025 5:00:00 AM,MIDATL,837.062
11/11/2025 9:00:00 AM,11/11/2025 4:00:00 AM,MIDATL,826.954
11/11/2025 8:00:00 AM,11/11/2025 3:00:00 AM,MIDATL,767.589
11/11/2025 7:00:00 AM,11/11/2025 2:00:00 AM,MIDATL,727.859
11/11/2025 6:00:00 AM,11/11/2025 1:00:00 AM,MIDATL,675.033
11/11/2025 5:00:00 AM,11/11/2025 12:00:00 AM,MIDATL,673.798
11/11/2025 4:00:00 AM,11/10/2025 11:00:00 PM,MIDATL,667.092
11/11/2025 3:00:00 AM,11/10/2025 10:00:00 PM,MIDATL,636.538
11/11/2025 2:00:00 AM,11/10/2025 9:00:00 PM,MIDATL,716.561
11/11/2025 1:00:00 AM,11/10/2025 8:00:00 PM,MIDATL,741.722
11/11/2025 12:00:00 AM,11/10/2025 7:00:00 PM,MIDATL,713.891
11/10/2025 11:00:00 PM,11/10/2025 6:00:00 PM,MIDATL,650.243
11/10/2025 10:00:00 PM,11/10/2025 5:00:00 PM,MIDATL,556.816
11/10/2025 9:00:00 PM,11/10/2025 4:00:00 PM,MIDATL,563.754
11/10/2025 8:00:00 PM,11/10/2025 3:00:00 PM,MIDATL,585.674
11/10/2025 7:00:00 PM,11/10/2025 2:00:00 PM,MIDATL,585.372
11/10/2025 6:00:00 PM,11/10/2025 1:00:00 PM,MIDATL,523.444
11/10/2025 5:00:00 PM,11/10/2025 12:00:00 PM,MIDATL,460.607
11/10/2025 4:00:00 PM,11/10/2025 11:00:00 AM,MIDATL,337.464
11/10/2025 3:00:00 PM,11/10/2025 10:00:00 AM,MIDATL,278.252
11/10/2025 2:00:00 PM,11/10/2025 9:00:00 AM,MIDATL,274.862
11/10/2025 1:00:00 PM,11/10/2025 8:00:00 AM,MIDATL,298.737
11/10/2025 12:00:00 PM,11/10/2025 7:00:00 AM,MIDATL,367.656
11/10/2025 11:00:00 AM,11/10/2025 6:00:00 AM,MIDATL,415.226
11/10/2025 10:00:00 AM,11/10/2025 5:00:00 AM,MIDATL,477.731
11/10/2025 9:00:00 AM,11/10/2025 4:00:00 AM,MIDATL,431.256
11/10/2025 8:00:00 AM,11/10/2025 3:00:00 AM,MIDATL,419.543
11/10/2025 7:00:00 AM,11/10/2025 2:00:00 AM,MIDATL,440.914
11/10/2025 6:00:00 AM,11/10/2025 1:00:00 AM,MIDATL,484.199
11/10/2025 5:00:00 AM,11/10/2025 12:00:00 AM,MIDATL,432.499
11/10/2025 4:00:00 AM,11/9/2025 11:00:00 PM,MIDATL,402.278
11/10/2025 3:00:00 AM,11/9/2025 10:00:00 PM,MIDATL,404.874
11/10/2025 2:00:00 AM,11/9/2025 9:00:00 PM,MIDATL,387.805
11/10/2025 1:00:00 AM,11/9/2025 8:00:00 PM,MIDATL,471.866
11/10/2025 12:00:00 AM,11/9/2025 7:00:00 PM,MIDATL,328.053
11/9/2025 11:00:00 PM,11/9/2025 6:00:00 PM,MIDATL,279.085
11/9/2025 10:00:00 PM,11/9/2025 5:00:00 PM,MIDATL,329.171
11/9/2025 9:00:00 PM,11/9/2025 4:00:00 PM,MIDATL,412.349
11/9/2025 8:00:00 PM,11/9/2025 3:00:00 PM,MIDATL,475.074
11/9/2025 7:00:00 PM,11/9/2025 2:00:00 PM,MIDATL,433.143
11/9/2025 6:00:00 PM,11/9/2025 1:00:00 PM,MIDATL,386.982
11/9/2025 5:00:00 PM,11/9/2025 12:00:00 PM,MIDATL,358.777
11/9/2025 4:00:00 PM,11/9/2025 11:00:00 AM,MIDATL,356.340
11/9/2025 3:00:00 PM,11/9/2025 10:00:00 AM,MIDATL,258.398
11/9/2025 2:00:00 PM,11/9/2025 9:00:00 AM,MIDATL,240.891
11/9/2025 1:00:00 PM,11/9/2025 8:00:00 AM,MIDATL,260.209
11/9/2025 12:00:00 PM,11/9/2025 7:00:00 AM,MIDATL,238.034
11/9/2025 11:00:00 AM,11/9/2025 6:00:00 AM,MIDATL,187.354
11/9/2025 10:00:00 AM,11/9/2025 5:00:00 AM,MIDATL,157.861
11/9/2025 9:00:00 AM,11/9/2025 4:00:00 AM,MIDATL,130.045
11/9/2025 8:00:00 AM,11/9/2025 3:00:00 AM,MIDATL,112.504
11/9/2025 7:00:00 AM,11/9/2025 2:00:00 AM,MIDATL,109.260
11/9/2025 6:00:00 AM,11/9/2025 1:00:00 AM,MIDATL,132.047
11/9/2025 5:00:00 AM,11/9/2025 12:00:00 AM,MIDATL,161.309
11/9/2025 4:00:00 AM,11/8/2025 11:00:00 PM,MIDATL,175.070
11/9/2025 3:00:00 AM,11/8/2025 10:00:00 PM,MIDATL,181.814
11/9/2025 2:00:00 AM,11/8/2025 9:00:00 PM,MIDATL,142.885
11/9/2025 1:00:00 AM,11/8/2025 8:00:00 PM,MIDATL,105.525
11/9/2025 12:00:00 AM,11/8/2025 7:00:00 PM,MIDATL,121.499
11/8/2025 11:00:00 PM,11/8/2025 6:00:00 PM,MIDATL,81.478
11/8/2025 10:00:00 PM,11/8/2025 5:00:00 PM,MIDATL,44.235
11/8/2025 9:00:00 PM,11/8/2025 4:00:00 PM,MIDATL,64.245
11/8/2025 8:00:00 PM,11/8/2025 3:00:00 PM,MIDATL,149.640
11/8/2025 7:00:00 PM,11/8/2025 2:00:00 PM,MIDATL,198.604
11/8/2025 6:00:00 PM,11/8/2025 1:00:00 PM,MIDATL,209.329
11/8/2025 5:00:00 PM,11/8/2025 12:00:00 PM,MIDATL,178.836
11/8/2025 4:00:00 PM,11/8/2025 11:00:00 AM,MIDATL,158.516
11/8/2025 3:00:00 PM,11/8/2025 10:00:00 AM,MIDATL,124.782
11/8/2025 2:00:00 PM,11/8/2025 9:00:00 AM,MIDATL,117.658
11/8/2025 1:00:00 PM,11/8/2025 8:00:00 AM,MIDATL,184.834
11/8/2025 12:00:00 PM,11/8/2025 7:00:00 AM,MIDATL,269.939
11/8/2025 11:00:00 AM,11/8/2025 6:00:00 AM,MIDATL,368.470
11/8/2025 10:00:00 AM,11/8/2025 5:00:00 AM,MIDATL,441.757
11/8/2025 9:00:00 AM,11/8/2025 4:00:00 AM,MIDATL,501.625
11/8/2025 8:00:00 AM,11/8/2025 3:00:00 AM,MIDATL,501.309
11/8/2025 7:00:00 AM,11/8/2025 2:00:00 AM,MIDATL,494.992
11/8/2025 6:00:00 AM,11/8/2025 1:00:00 AM,MIDATL,468.430
11/8/2025 5:00:00 AM,11/8/2025 12:00:00 AM,MIDATL,462.310
11/8/2025 4:00:00 AM,11/7/2025 11:00:00 PM,MIDATL,610.989
11/8/2025 3:00:00 AM,11/7/2025 10:00:00 PM,MIDATL,697.808
11/8/2025 2:00:00 AM,11/7/2025 9:00:00 PM,MIDATL,758.890
11/8/2025 1:00:00 AM,11/7/2025 8:00:00 PM,MIDATL,848.187
11/8/2025 12:00:00 AM,11/7/2025 7:00:00 PM,MIDATL,849.315
11/7/2025 11:00:00 PM,11/7/2025 6:00:00 PM,MIDATL,780.224
11/7/2025 10:00:00 PM,11/7/2025 5:00:00 PM,MIDATL,705.754
11/7/2025 9:00:00 PM,11/7/2025 4:00:00 PM,MIDATL,742.145
11/7/2025 8:00:00 PM,11/7/2025 3:00:00 PM,MIDATL,763.449
11/7/2025 7:00:00 PM,11/7/2025 2:00:00 PM,MIDATL,829.827
11/7/2025 6:00:00 PM,11/7/2025 1:00:00 PM,MIDATL,860.067
11/7/2025 5:00:00 PM,11/7/2025 12:00:00 PM,MIDATL,852.850
11/7/2025 4:00:00 PM,11/7/2025 11:00:00 AM,MIDATL,799.070
11/7/2025 3:00:00 PM,11/7/2025 10:00:00 AM,MIDATL,787.266
11/7/2025 2:00:00 PM,11/7/2025 9:00:00 AM,MIDATL,795.467
11/7/2025 1:00:00 PM,11/7/2025 8:00:00 AM,MIDATL,897.345
11/7/2025 12:00:00 PM,11/7/2025 7:00:00 AM,MIDATL,921.211
11/7/2025 11:00:00 AM,11/7/2025 6:00:00 AM,MIDATL,884.012
11/7/2025 10:00:00 AM,11/7/2025 5:00:00 AM,MIDATL,846.925
11/7/2025 9:00:00 AM,11/7/2025 4:00:00 AM,MIDATL,739.116
11/7/2025 8:00:00 AM,11/7/2025 3:00:00 AM,MIDATL,569.758
11/7/2025 7:00:00 AM,11/7/2025 2:00:00 AM,MIDATL,390.746
11/7/2025 6:00:00 AM,11/7/2025 1:00:00 AM,MIDATL,222.809
11/7/2025 5:00:00 AM,11/7/2025 12:00:00 AM,MIDATL,100.096
11/7/2025 4:00:00 AM,11/6/2025 11:00:00 PM,MIDATL,34.581
11/7/2025 3:00:00 AM,11/6/2025 10:00:00 PM,MIDATL,29.283
11/7/2025 2:00:00 AM,11/6/2025 9:00:00 PM,MIDATL,46.209
11/7/2025 1:00:00 AM,11/6/2025 8:00:00 PM,MIDATL,77.653
11/7/2025 12:00:00 AM,11/6/2025 7:00:00 PM,MIDATL,143.759
11/6/2025 11:00:00 PM,11/6/2025 6:00:00 PM,MIDATL,117.262
11/6/2025 10:00:00 PM,11/6/2025 5:00:00 PM,MIDATL,158.560
11/6/2025 9:00:00 PM,11/6/2025 4:00:00 PM,MIDATL,272.334
11/6/2025 8:00:00 PM,11/6/2025 3:00:00 PM,MIDATL,422.426
11/6/2025 7:00:00 PM,11/6/2025 2:00:00 PM,MIDATL,570.694
11/6/2025 6:00:00 PM,11/6/2025 1:00:00 PM,MIDATL,736.593
11/6/2025 5:00:00 PM,11/6/2025 12:00:00 PM,MIDATL,828.133
11/6/2025 4:00:00 PM,11/6/2025 11:00:00 AM,MIDATL,886.735
11/6/2025 3:00:00 PM,11/6/2025 10:00:00 AM,MIDATL,939.968
11/6/2025 2:00:00 PM,11/6/2025 9:00:00 AM,MIDATL,935.529
11/6/2025 1:00:00 PM,11/6/2025 8:00:00 AM,MIDATL,928.061
11/6/2025 12:00:00 PM,11/6/2025 7:00:00 AM,MIDATL,941.604
11/6/2025 11:00:00 AM,11/6/2025 6:00:00 AM,MIDATL,923.285
11/6/2025 10:00:00 AM,11/6/2025 5:00:00 AM,MIDATL,929.101
11/6/2025 9:00:00 AM,11/6/2025 4:00:00 AM,MIDATL,876.866
11/6/2025 8:00:00 AM,11/6/2025 3:00:00 AM,MIDATL,910.537
11/6/2025 7:00:00 AM,11/6/2025 2:00:00 AM,MIDATL,937.550
11/6/2025 6:00:00 AM,11/6/2025 1:00:00 AM,MIDATL,981.182
11/6/2025 5:00:00 AM,11/6/2025 12:00:00 AM,MIDATL,973.515
11/6/2025 4:00:00 AM,11/5/2025 11:00:00 PM,MIDATL,952.232
11/6/2025 3:00:00 AM,11/5/2025 10:00:00 PM,MIDATL,944.416
11/6/2025 2:00:00 AM,11/5/2025 9:00:00 PM,MIDATL,930.847
11/6/2025 1:00:00 AM,11/5/2025 8:00:00 PM,MIDATL,958.764
11/6/2025 12:00:00 AM,11/5/2025 7:00:00 PM,MIDATL,953.584
11/5/2025 11:00:00 PM,11/5/2025 6:00:00 PM,MIDATL,959.950
11/5/2025 10:00:00 PM,11/5/2025 5:00:00 PM,MIDATL,916.702
11/5/2025 9:00:00 PM,11/5/2025 4:00:00 PM,MIDATL,860.646
11/5/2025 8:00:00 PM,11/5/2025 3:00:00 PM,MIDATL,875.731
11/5/2025 7:00:00 PM,11/5/2025 2:00:00 PM,MIDATL,874.698
11/5/2025 6:00:00 PM,11/5/2025 1:00:00 PM,MIDATL,860.840
11/5/2025 5:00:00 PM,11/5/2025 12:00:00 PM,MIDATL,842.628
11/5/2025 4:00:00 PM,11/5/2025 11:00:00 AM,MIDATL,876.364
11/5/2025 3:00:00 PM,11/5/2025 10:00:00 AM,MIDATL,796.916
11/5/2025 2:00:00 PM,11/5/2025 9:00:00 AM,MIDATL,732.662
11/5/2025 1:00:00 PM,11/5/2025 8:00:00 AM,MIDATL,660.864
11/5/2025 12:00:00 PM,11/5/2025 7:00:00 AM,MIDATL,644.352
11/5/2025 11:00:00 AM,11/5/2025 6:00:00 AM,MIDATL,567.147
11/5/2025 10:00:00 AM,11/5/2025 5:00:00 AM,MIDATL,491.776
11/5/2025 9:00:00 AM,11/5/2025 4:00:00 AM,MIDATL,423.428
11/5/2025 8:00:00 AM,11/5/2025 3:00:00 AM,MIDATL,426.464
11/5/2025 7:00:00 AM,11/5/2025 2:00:00 AM,MIDATL,453.517
11/5/2025 6:00:00 AM,11/5/2025 1:00:00 AM,MIDATL,440.846
11/5/2025 5:00:00 AM,11/5/2025 12:00:00 AM,MIDATL,412.958
11/5/2025 4:00:00 AM,11/4/2025 11:00:00 PM,MIDATL,416.730
11/5/2025 3:00:00 AM,11/4/2025 10:00:00 PM,MIDATL,501.712
11/5/2025 2:00:00 AM,11/4/2025 9:00:00 PM,MIDATL,593.357
11/5/2025 1:00:00 AM,11/4/2025 8:00:00 PM,MIDATL,625.823
11/5/2025 12:00:00 AM,11/4/2025 7:00:00 PM,MIDATL,606.990
11/4/2025 11:00:00 PM,11/4/2025 6:00:00 PM,MIDATL,515.599
11/4/2025 10:00:00 PM,11/4/2025 5:00:00 PM,MIDATL,530.716
11/4/2025 9:00:00 PM,11/4/2025 4:00:00 PM,MIDATL,710.259
11/4/2025 8:00:00 PM,11/4/2025 3:00:00 PM,MIDATL,848.410
11/4/2025 7:00:00 PM,11/4/2025 2:00:00 PM,MIDATL,888.960
11/4/2025 6:00:00 PM,11/4/2025 1:00:00 PM,MIDATL,876.616
11/4/2025 5:00:00 PM,11/4/2025 12:00:00 PM,MIDATL,811.080
11/4/2025 4:00:00 PM,11/4/2025 11:00:00 AM,MIDATL,820.126
11/4/2025 3:00:00 PM,11/4/2025 10:00:00 AM,MIDATL,729.207
11/4/2025 2:00:00 PM,11/4/2025 9:00:00 AM,MIDATL,636.796
11/4/2025 1:00:00 PM,11/4/2025 8:00:00 AM,MIDATL,697.574
11/4/2025 12:00:00 PM,11/4/2025 7:00:00 AM,MIDATL,860.989
11/4/2025 11:00:00 AM,11/4/2025 6:00:00 AM,MIDATL,927.006
11/4/2025 10:00:00 AM,11/4/2025 5:00:00 AM,MIDATL,937.489
11/4/2025 9:00:00 AM,11/4/2025 4:00:00 AM,MIDATL,952.090
11/4/2025 8:00:00 AM,11/4/2025 3:00:00 AM,MIDATL,962.529
11/4/2025 7:00:00 AM,11/4/2025 2:00:00 AM,MIDATL,972.509
11/4/2025 6:00:00 AM,11/4/2025 1:00:00 AM,MIDATL,1013.781
11/4/2025 5:00:00 AM,11/4/2025 12:00:00 AM,MIDATL,1043.526
11/4/2025 4:00:00 AM,11/3/2025 11:00:00 PM,MIDATL,1016.696
11/4/2025 3:00:00 AM,11/3/2025 10:00:00 PM,MIDATL,1026.510
11/4/2025 2:00:00 AM,11/3/2025 9:00:00 PM,MIDATL,995.824
11/4/2025 1:00:00 AM,11/3/2025 8:00:00 PM,MIDATL,965.901
11/4/2025 12:00:00 AM,11/3/2025 7:00:00 PM,MIDATL,937.318
11/3/2025 11:00:00 PM,11/3/2025 6:00:00 PM,MIDATL,926.888
11/3/2025 10:00:00 PM,11/3/2025 5:00:00 PM,MIDATL,894.765
11/3/2025 9:00:00 PM,11/3/2025 4:00:00 PM,MIDATL,832.724
11/3/2025 8:00:00 PM,11/3/2025 3:00:00 PM,MIDATL,782.124
11/3/2025 7:00:00 PM,11/3/2025 2:00:00 PM,MIDATL,806.115
11/3/2025 6:00:00 PM,11/3/2025 1:00:00 PM,MIDATL,731.602
11/3/2025 5:00:00 PM,11/3/2025 12:00:00 PM,MIDATL,547.680
11/3/2025 4:00:00 PM,11/3/2025 11:00:00 AM,MIDATL,556.048
11/3/2025 3:00:00 PM,11/3/2025 10:00:00 AM,MIDATL,551.842
11/3/2025 2:00:00 PM,11/3/2025 9:00:00 AM,MIDATL,388.413
11/3/2025 1:00:00 PM,11/3/2025 8:00:00 AM,MIDATL,429.145
11/3/2025 12:00:00 PM,11/3/2025 7:00:00 AM,MIDATL,476.276
11/3/2025 11:00:00 AM,11/3/2025 6:00:00 AM,MIDATL,430.049
11/3/2025 10:00:00 AM,11/3/2025 5:00:00 AM,MIDATL,400.087
11/3/2025 9:00:00 AM,11/3/2025 4:00:00 AM,MIDATL,354.705
11/3/2025 8:00:00 AM,11/3/2025 3:00:00 AM,MIDATL,342.749
11/3/2025 7:00:00 AM,11/3/2025 2:00:00 AM,MIDATL,372.171
11/3/2025 6:00:00 AM,11/3/2025 1:00:00 AM,MIDATL,348.643
11/3/2025 5:00:00 AM,11/3/2025 12:00:00 AM,MIDATL,336.326
11/3/2025 4:00:00 AM,11/2/2025 11:00:00 PM,MIDATL,313.907
11/3/2025 3:00:00 AM,11/2/2025 10:00:00 PM,MIDATL,262.505
11/3/2025 2:00:00 AM,11/2/2025 9:00:00 PM,MIDATL,205.039
11/3/2025 1:00:00 AM,11/2/2025 8:00:00 PM,MIDATL,188.519
11/3/2025 12:00:00 AM,11/2/2025 7:00:00 PM,MIDATL,169.225
11/2/2025 11:00:00 PM,11/2/2025 6:00:00 PM,MIDATL,128.491
11/2/2025 10:00:00 PM,11/2/2025 5:00:00 PM,MIDATL,83.541
11/2/2025 9:00:00 PM,11/2/2025 4:00:00 PM,MIDATL,43.747
11/2/2025 8:00:00 PM,11/2/2025 3:00:00 PM,MIDATL,32.040
11/2/2025 7:00:00 PM,11/2/2025 2:00:00 PM,MIDATL,32.917
11/2/2025 6:00:00 PM,11/2/2025 1:00:00 PM,MIDATL,26.718
11/2/2025 5:00:00 PM,11/2/2025 12:00:00 PM,MIDATL,27.795
11/2/2025 4:00:00 PM,11/2/2025 11:00:00 AM,MIDATL,14.569
11/2/2025 3:00:00 PM,11/2/2025 10:00:00 AM,MIDATL,1.980
11/2/2025 2:00:00 PM,11/2/2025 9:00:00 AM,MIDATL,6.441
11/2/2025 1:00:00 PM,11/2/2025 8:00:00 AM,MIDATL,35.479
11/2/2025 12:00:00 PM,11/2/2025 7:00:00 AM,MIDATL,95.654
11/2/2025 11:00:00 AM,11/2/2025 6:00:00 AM,MIDATL,99.991
11/2/2025 10:00:00 AM,11/2/2025 5:00:00 AM,MIDATL,77.996
11/2/2025 9:00:00 AM,11/2/2025 4:00:00 AM,MIDATL,75.309
11/2/2025 8:00:00 AM,11/2/2025 3:00:00 AM,MIDATL,33.505
11/2/2025 7:00:00 AM,11/2/2025 2:00:00 AM,MIDATL,22.050
11/2/2025 6:00:00 AM,11/2/2025 1:00:00 AM,MIDATL,18.548
11/2/2025 5:00:00 AM,11/2/2025 1:00:00 AM,MIDATL,9.814
11/2/2025 4:00:00 AM,11/2/2025 12:00:00 AM,MIDATL,29.813
11/2/2025 3:00:00 AM,11/1/2025 11:00:00 PM,MIDATL,42.751
11/2/2025 2:00:00 AM,11/1/2025 10:00:00 PM,MIDATL,95.960
11/2/2025 1:00:00 AM,11/1/2025 9:00:00 PM,MIDATL,121.749
11/2/2025 12:00:00 AM,11/1/2025 8:00:00 PM,MIDATL,161.509
11/1/2025 11:00:00 PM,11/1/2025 7:00:00 PM,MIDATL,177.684
11/1/2025 10:00:00 PM,11/1/2025 6:00:00 PM,MIDATL,185.234
11/1/2025 9:00:00 PM,11/1/2025 5:00:00 PM,MIDATL,280.220
11/1/2025 8:00:00 PM,11/1/2025 4:00:00 PM,MIDATL,448.216
11/1/2025 7:00:00 PM,11/1/2025 3:00:00 PM,MIDATL,543.639
11/1/2025 6:00:00 PM,11/1/2025 2:00:00 PM,MIDATL,568.924
11/1/2025 5:00:00 PM,11/1/2025 1:00:00 PM,MIDATL,585.256
11/1/2025 4:00:00 PM,11/1/2025 12:00:00 PM,MIDATL,561.879
11/1/2025 3:00:00 PM,11/1/2025 11:00:00 AM,MIDATL,573.280
11/1/2025 2:00:00 PM,11/1/2025 10:00:00 AM,MIDATL,526.942
11/1/2025 1:00:00 PM,11/1/2025 9:00:00 AM,MIDATL,522.742
11/1/2025 12:00:00 PM,11/1/2025 8:00:00 AM,MIDATL,582.356
11/1/2025 11:00:00 AM,11/1/2025 7:00:00 AM,MIDATL,639.881
11/1/2025 10:00:00 AM,11/1/2025 6:00:00 AM,MIDATL,649.683
11/1/2025 9:00:00 AM,11/1/2025 5:00:00 AM,MIDATL,672.077
11/1/2025 8:00:00 AM,11/1/2025 4:00:00 AM,MIDATL,686.860
11/1/2025 7:00:00 AM,11/1/2025 3:00:00 AM,MIDATL,749.179
11/1/2025 6:00:00 AM,11/1/2025 2:00:00 AM,MIDATL,820.032
11/1/2025 5:00:00 AM,11/1/2025 1:00:00 AM,MIDATL,869.289
11/1/2025 4:00:00 AM,11/1/2025 12:00:00 AM,MIDATL,938.209
11/1/2025 3:00:00 AM,10/31/2025 11:00:00 PM,MIDATL,1031.436
11/1/2025 2:00:00 AM,10/31/2025 10:00:00 PM,MIDATL,1017.226
11/1/2025 1:00:00 AM,10/31/2025 9:00:00 PM,MIDATL,1018.253
11/1/2025 12:00:00 AM,10/31/2025 8:00:00 PM,MIDATL,1065.939
10/31/2025 11:00:00 PM,10/31/2025 7:00:00 PM,MIDATL,1041.008
10/31/2025 10:00:00 PM,10/31/2025 6:00:00 PM,MIDATL,1047.707
10/31/2025 9:00:00 PM,10/31/2025 5:00:00 PM,MIDATL,1041.631
10/31/2025 8:00:00 PM,10/31/2025 4:00:00 PM,MIDATL,1056.020
10/31/2025 7:00:00 PM,10/31/2025 3:00:00 PM,MIDATL,1059.646
10/31/2025 6:00:00 PM,10/31/2025 2:00:00 PM,MIDATL,1025.730
10/31/2025 5:00:00 PM,10/31/2025 1:00:00 PM,MIDATL,1003.355
10/31/2025 4:00:00 PM,10/31/2025 12:00:00 PM,MIDATL,983.604
10/31/2025 3:00:00 PM,10/31/2025 11:00:00 AM,MIDATL,1039.893
10/31/2025 2:00:00 PM,10/31/2025 10:00:00 AM,MIDATL,1032.344
10/31/2025 1:00:00 PM,10/31/2025 9:00:00 AM,MIDATL,1019.536
10/31/2025 12:00:00 PM,10/31/2025 8:00:00 AM,MIDATL,1028.062
10/31/2025 11:00:00 AM,10/31/2025 7:00:00 AM,MIDATL,1063.043
10/31/2025 10:00:00 AM,10/31/2025 6:00:00 AM,MIDATL,1074.522
10/31/2025 9:00:00 AM,10/31/2025 5:00:00 AM,MIDATL,1036.637
10/31/2025 8:00:00 AM,10/31/2025 4:00:00 AM,MIDATL,935.264
10/31/2025 7:00:00 AM,10/31/2025 3:00:00 AM,MIDATL,837.607
10/31/2025 6:00:00 AM,10/31/2025 2:00:00 AM,MIDATL,771.609
10/31/2025 5:00:00 AM,10/31/2025 1:00:00 AM,MIDATL,716.287
10/31/2025 4:00:00 AM,10/31/2025 12:00:00 AM,MIDATL,696.710
10/31/2025 3:00:00 AM,10/30/2025 11:00:00 PM,MIDATL,596.259
10/31/2025 2:00:00 AM,10/30/2025 10:00:00 PM,MIDATL,494.557
10/31/2025 1:00:00 AM,10/30/2025 9:00:00 PM,MIDATL,431.879
10/31/2025 12:00:00 AM,10/30/2025 8:00:00 PM,MIDATL,367.683
10/30/2025 11:00:00 PM,10/30/2025 7:00:00 PM,MIDATL,320.089
10/30/2025 10:00:00 PM,10/30/2025 6:00:00 PM,MIDATL,319.181
10/30/2025 9:00:00 PM,10/30/2025 5:00:00 PM,MIDATL,344.354
10/30/2025 8:00:00 PM,10/30/2025 4:00:00 PM,MIDATL,406.725
10/30/2025 7:00:00 PM,10/30/2025 3:00:00 PM,MIDATL,475.115
10/30/2025 6:00:00 PM,10/30/2025 2:00:00 PM,MIDATL,495.575
10/30/2025 5:00:00 PM,10/30/2025 1:00:00 PM,MIDATL,439.629
10/30/2025 4:00:00 PM,10/30/2025 12:00:00 PM,MIDATL,489.834
10/30/2025 3:00:00 PM,10/30/2025 11:00:00 AM,MIDATL,509.149
10/30/2025 2:00:00 PM,10/30/2025 10:00:00 AM,MIDATL,557.228
10/30/2025 1:00:00 PM,10/30/2025 9:00:00 AM,MIDATL,703.238
10/30/2025 12:00:00 PM,10/30/2025 8:00:00 AM,MIDATL,732.608
10/30/2025 11:00:00 AM,10/30/2025 7:00:00 AM,MIDATL,794.656
10/30/2025 10:00:00 AM,10/30/2025 6:00:00 AM,MIDATL,860.043
10/30/2025 9:00:00 AM,10/30/2025 5:00:00 AM,MIDATL,872.543
10/30/2025 8:00:00 AM,10/30/2025 4:00:00 AM,MIDATL,833.967
10/30/2025 7:00:00 AM,10/30/2025 3:00:00 AM,MIDATL,729.618
10/30/2025 6:00:00 AM,10/30/2025 2:00:00 AM,MIDATL,668.877
10/30/2025 5:00:00 AM,10/30/2025 1:00:00 AM,MIDATL,697.914
10/30/2025 4:00:00 AM,10/30/2025 12:00:00 AM,MIDATL,677.238
10/30/2025 3:00:00 AM,10/29/2025 11:00:00 PM,MIDATL,672.758
10/30/2025 2:00:00 AM,10/29/2025 10:00:00 PM,MIDATL,613.153
10/30/2025 1:00:00 AM,10/29/2025 9:00:00 PM,MIDATL,571.556
10/30/2025 12:00:00 AM,10/29/2025 8:00:00 PM,MIDATL,556.092
10/29/2025 11:00:00 PM,10/29/2025 7:00:00 PM,MIDATL,463.345
10/29/2025 10:00:00 PM,10/29/2025 6:00:00 PM,MIDATL,360.757
10/29/2025 9:00:00 PM,10/29/2025 5:00:00 PM,MIDATL,256.974
10/29/2025 8:00:00 PM,10/29/2025 4:00:00 PM,MIDATL,184.156
10/29/2025 7:00:00 PM,10/29/2025 3:00:00 PM,MIDATL,155.637
10/29/2025 6:00:00 PM,10/29/2025 2:00:00 PM,MIDATL,142.130
10/29/2025 5:00:00 PM,10/29/2025 1:00:00 PM,MIDATL,113.384
10/29/2025 4:00:00 PM,10/29/2025 12:00:00 PM,MIDATL,124.022
10/29/2025 3:00:00 PM,10/29/2025 11:00:00 AM,MIDATL,132.694
10/29/2025 2:00:00 PM,10/29/2025 10:00:00 AM,MIDATL,200.180
10/29/2025 1:00:00 PM,10/29/2025 9:00:00 AM,MIDATL,225.326
10/29/2025 12:00:00 PM,10/29/2025 8:00:00 AM,MIDATL,250.476
10/29/2025 11:00:00 AM,10/29/2025 7:00:00 AM,MIDATL,268.467
10/29/2025 10:00:00 AM,10/29/2025 6:00:00 AM,MIDATL,331.951
10/29/2025 9:00:00 AM,10/29/2025 5:00:00 AM,MIDATL,314.025
10/29/2025 8:00:00 AM,10/29/2025 4:00:00 AM,MIDATL,251.321
10/29/2025 7:00:00 AM,10/29/2025 3:00:00 AM,MIDATL,243.045
10/29/2025 6:00:00 AM,10/29/2025 2:00:00 AM,MIDATL,272.646
10/29/2025 5:00:00 AM,10/29/2025 1:00:00 AM,MIDATL,327.662
10/29/2025 4:00:00 AM,10/29/2025 12:00:00 AM,MIDATL,402.976
10/29/2025 3:00:00 AM,10/28/2025 11:00:00 PM,MIDATL,420.027
10/29/2025 2:00:00 AM,10/28/2025 10:00:00 PM,MIDATL,389.514
10/29/2025 1:00:00 AM,10/28/2025 9:00:00 PM,MIDATL,329.322
10/29/2025 12:00:00 AM,10/28/2025 8:00:00 PM,MIDATL,284.315
10/28/2025 11:00:00 PM,10/28/2025 7:00:00 PM,MIDATL,233.618
10/28/2025 10:00:00 PM,10/28/2025 6:00:00 PM,MIDATL,193.186
10/28/2025 9:00:00 PM,10/28/2025 5:00:00 PM,MIDATL,174.036
10/28/2025 8:00:00 PM,10/28/2025 4:00:00 PM,MIDATL,175.235
10/28/2025 7:00:00 PM,10/28/2025 3:00:00 PM,MIDATL,205.095
10/28/2025 6:00:00 PM,10/28/2025 2:00:00 PM,MIDATL,270.796
10/28/2025 5:00:00 PM,10/28/2025 1:00:00 PM,MIDATL,315.537
10/28/2025 4:00:00 PM,10/28/2025 12:00:00 PM,MIDATL,339.329
10/28/2025 3:00:00 PM,10/28/2025 11:00:00 AM,MIDATL,346.492
10/28/2025 2:00:00 PM,10/28/2025 10:00:00 AM,MIDATL,345.862
10/28/2025 1:00:00 PM,10/28/2025 9:00:00 AM,MIDATL,384.393
10/28/2025 12:00:00 PM,10/28/2025 8:00:00 AM,MIDATL,430.103
10/28/2025 11:00:00 AM,10/28/2025 7:00:00 AM,MIDATL,454.437
10/28/2025 10:00:00 AM,10/28/2025 6:00:00 AM,MIDATL,446.687
10/28/2025 9:00:00 AM,10/28/2025 5:00:00 AM,MIDATL,464.665
10/28/2025 8:00:00 AM,10/28/2025 4:00:00 AM,MIDATL,491.934
10/28/2025 7:00:00 AM,10/28/2025 3:00:00 AM,MIDATL,506.607
10/28/2025 6:00:00 AM,10/28/2025 2:00:00 AM,MIDATL,504.960
10/28/2025 5:00:00 AM,10/28/2025 1:00:00 AM,MIDATL,505.586
10/28/2025 4:00:00 AM,10/28/2025 12:00:00 AM,MIDATL,499.648
10/28/2025 3:00:00 AM,10/27/2025 11:00:00 PM,MIDATL,492.824
10/28/2025 2:00:00 AM,10/27/2025 10:00:00 PM,MIDATL,441.661
10/28/2025 1:00:00 AM,10/27/2025 9:00:00 PM,MIDATL,413.015
10/28/2025 12:00:00 AM,10/27/2025 8:00:00 PM,MIDATL,387.840
10/27/2025 11:00:00 PM,10/27/2025 7:00:00 PM,MIDATL,314.772
10/27/2025 10:00:00 PM,10/27/2025 6:00:00 PM,MIDATL,205.915
10/27/2025 9:00:00 PM,10/27/2025 5:00:00 PM,MIDATL,168.438
10/27/2025 8:00:00 PM,10/27/2025 4:00:00 PM,MIDATL,140.174
10/27/2025 7:00:00 PM,10/27/2025 3:00:00 PM,MIDATL,94.431
10/27/2025 6:00:00 PM,10/27/2025 2:00:00 PM,MIDATL,94.883
10/27/2025 5:00:00 PM,10/27/2025 1:00:00 PM,MIDATL,116.343
10/27/2025 4:00:00 PM,10/27/2025 12:00:00 PM,MIDATL,136.431
10/27/2025 3:00:00 PM,10/27/2025 11:00:00 AM,MIDATL,118.720
10/27/2025 2:00:00 PM,10/27/2025 10:00:00 AM,MIDATL,105.544
10/27/2025 1:00:00 PM,10/27/2025 9:00:00 AM,MIDATL,142.146
10/27/2025 12:00:00 PM,10/27/2025 8:00:00 AM,MIDATL,231.548
10/27/2025 11:00:00 AM,10/27/2025 7:00:00 AM,MIDATL,247.600
10/27/2025 10:00:00 AM,10/27/2025 6:00:00 AM,MIDATL,237.473
10/27/2025 9:00:00 AM,10/27/2025 5:00:00 AM,MIDATL,213.764
10/27/2025 8:00:00 AM,10/27/2025 4:00:00 AM,MIDATL,191.801
10/27/2025 7:00:00 AM,10/27/2025 3:00:00 AM,MIDATL,165.598
10/27/2025 6:00:00 AM,10/27/2025 2:00:00 AM,MIDATL,154.893
10/27/2025 5:00:00 AM,10/27/2025 1:00:00 AM,MIDATL,151.400
10/27/2025 4:00:00 AM,10/27/2025 12:00:00 AM,MIDATL,160.447
10/27/2025 3:00:00 AM,10/26/2025 11:00:00 PM,MIDATL,153.721
10/27/2025 2:00:00 AM,10/26/2025 10:00:00 PM,MIDATL,150.795
10/27/2025 1:00:00 AM,10/26/2025 9:00:00 PM,MIDATL,137.866
10/27/2025 12:00:00 AM,10/26/2025 8:00:00 PM,MIDATL,128.388
10/26/2025 11:00:00 PM,10/26/2025 7:00:00 PM,MIDATL,76.669
10/26/2025 10:00:00 PM,10/26/2025 6:00:00 PM,MIDATL,25.989
10/26/2025 9:00:00 PM,10/26/2025 5:00:00 PM,MIDATL,30.795
10/26/2025 8:00:00 PM,10/26/2025 4:00:00 PM,MIDATL,42.084
10/26/2025 7:00:00 PM,10/26/2025 3:00:00 PM,MIDATL,51.036
10/26/2025 6:00:00 PM,10/26/2025 2:00:00 PM,MIDATL,39.435
10/26/2025 5:00:00 PM,10/26/2025 1:00:00 PM,MIDATL,18.817
10/26/2025 4:00:00 PM,10/26/2025 12:00:00 PM,MIDATL,10.609
10/26/2025 3:00:00 PM,10/26/2025 11:00:00 AM,MIDATL,22.481
10/26/2025 2:00:00 PM,10/26/2025 10:00:00 AM,MIDATL,31.545
10/26/2025 1:00:00 PM,10/26/2025 9:00:00 AM,MIDATL,52.971
10/26/2025 12:00:00 PM,10/26/2025 8:00:00 AM,MIDATL,73.912
10/26/2025 11:00:00 AM,10/26/2025 7:00:00 AM,MIDATL,63.664
10/26/2025 10:00:00 AM,10/26/2025 6:00:00 AM,MIDATL,44.738
10/26/2025 9:00:00 AM,10/26/2025 5:00:00 AM,MIDATL,45.249
10/26/2025 8:00:00 AM,10/26/2025 4:00:00 AM,MIDATL,48.577
10/26/2025 7:00:00 AM,10/26/2025 3:00:00 AM,MIDATL,41.712
10/26/2025 6:00:00 AM,10/26/2025 2:00:00 AM,MIDATL,34.157
10/26/2025 5:00:00 AM,10/26/2025 1:00:00 AM,MIDATL,30.326
10/26/2025 4:00:00 AM,10/26/2025 12:00:00 AM,MIDATL,19.954
10/26/2025 3:00:00 AM,10/25/2025 11:00:00 PM,MIDATL,22.888
10/26/2025 2:00:00 AM,10/25/2025 10:00:00 PM,MIDATL,23.634
10/26/2025 1:00:00 AM,10/25/2025 9:00:00 PM,MIDATL,12.551
10/26/2025 12:00:00 AM,10/25/2025 8:00:00 PM,MIDATL,14.916
10/25/2025 11:00:00 PM,10/25/2025 7:00:00 PM,MIDATL,25.146
10/25/2025 10:00:00 PM,10/25/2025 6:00:00 PM,MIDATL,19.338
10/25/2025 9:00:00 PM,10/25/2025 5:00:00 PM,MIDATL,1.742
10/25/2025 8:00:00 PM,10/25/2025 4:00:00 PM,MIDATL,-0.039
10/25/2025 7:00:00 PM,10/25/2025 3:00:00 PM,MIDATL,4.165
10/25/2025 6:00:00 PM,10/25/2025 2:00:00 PM,MIDATL,8.970
10/25/2025 5:00:00 PM,10/25/2025 1:00:00 PM,MIDATL,7.504
10/25/2025 4:00:00 PM,10/25/2025 12:00:00 PM,MIDATL,10.931
10/25/2025 3:00:00 PM,10/25/2025 11:00:00 AM,MIDATL,20.761
10/25/2025 2:00:00 PM,10/25/2025 10:00:00 AM,MIDATL,26.303
10/25/2025 1:00:00 PM,10/25/2025 9:00:00 AM,MIDATL,63.404
10/25/2025 12:00:00 PM,10/25/2025 8:00:00 AM,MIDATL,110.092
10/25/2025 11:00:00 AM,10/25/2025 7:00:00 AM,MIDATL,128.103
10/25/2025 10:00:00 AM,10/25/2025 6:00:00 AM,MIDATL,139.152
10/25/2025 9:00:00 AM,10/25/2025 5:00:00 AM,MIDATL,166.390
10/25/2025 8:00:00 AM,10/25/2025 4:00:00 AM,MIDATL,184.688
10/25/2025 7:00:00 AM,10/25/2025 3:00:00 AM,MIDATL,213.956
10/25/2025 6:00:00 AM,10/25/2025 2:00:00 AM,MIDATL,262.341
10/25/2025 5:00:00 AM,10/25/2025 1:00:00 AM,MIDATL,257.012
10/25/2025 4:00:00 AM,10/25/2025 12:00:00 AM,MIDATL,208.870
10/25/2025 3:00:00 AM,10/24/2025 11:00:00 PM,MIDATL,195.036
10/25/2025 2:00:00 AM,10/24/2025 10:00:00 PM,MIDATL,198.295
10/25/2025 1:00:00 AM,10/24/2025 9:00:00 PM,MIDATL,200.593
10/25/2025 12:00:00 AM,10/24/2025 8:00:00 PM,MIDATL,217.134
10/24/2025 11:00:00 PM,10/24/2025 7:00:00 PM,MIDATL,228.940
10/24/2025 10:00:00 PM,10/24/2025 6:00:00 PM,MIDATL,317.709
10/24/2025 9:00:00 PM,10/24/2025 5:00:00 PM,MIDATL,328.751
10/24/2025 8:00:00 PM,10/24/2025 4:00:00 PM,MIDATL,273.809
10/24/2025 7:00:00 PM,10/24/2025 3:00:00 PM,MIDATL,282.005
10/24/2025 6:00:00 PM,10/24/2025 2:00:00 PM,MIDATL,307.559
10/24/2025 5:00:00 PM,10/24/2025 1:00:00 PM,MIDATL,277.267
10/24/2025 4:00:00 PM,10/24/2025 12:00:00 PM,MIDATL,280.437
10/24/2025 3:00:00 PM,10/24/2025 11:00:00 AM,MIDATL,262.315
10/24/2025 2:00:00 PM,10/24/2025 10:00:00 AM,MIDATL,255.741
10/24/2025 1:00:00 PM,10/24/2025 9:00:00 AM,MIDATL,298.181
10/24/2025 12:00:00 PM,10/24/2025 8:00:00 AM,MIDATL,350.413
10/24/2025 11:00:00 AM,10/24/2025 7:00:00 AM,MIDATL,406.530
10/24/2025 10:00:00 AM,10/24/2025 6:00:00 AM,MIDATL,443.713
10/24/2025 9:00:00 AM,10/24/2025 5:00:00 AM,MIDATL,445.788
10/24/2025 8:00:00 AM,10/24/2025 4:00:00 AM,MIDATL,411.319
10/24/2025 7:00:00 AM,10/24/2025 3:00:00 AM,MIDATL,429.917
10/24/2025 6:00:00 AM,10/24/2025 2:00:00 AM,MIDATL,399.381
10/24/2025 5:00:00 AM,10/24/2025 1:00:00 AM,MIDATL,415.604
10/24/2025 4:00:00 AM,10/24/2025 12:00:00 AM,MIDATL,493.456
10/24/2025 3:00:00 AM,10/23/2025 11:00:00 PM,MIDATL,529.368
10/24/2025 2:00:00 AM,10/23/2025 10:00:00 PM,MIDATL,519.836
10/24/2025 1:00:00 AM,10/23/2025 9:00:00 PM,MIDATL,487.804
10/24/2025 12:00:00 AM,10/23/2025 8:00:00 PM,MIDATL,440.338
10/23/2025 11:00:00 PM,10/23/2025 7:00:00 PM,MIDATL,398.071
10/23/2025 10:00:00 PM,10/23/2025 6:00:00 PM,MIDATL,376.406
10/23/2025 9:00:00 PM,10/23/2025 5:00:00 PM,MIDATL,421.128
10/23/2025 8:00:00 PM,10/23/2025 4:00:00 PM,MIDATL,439.074
10/23/2025 7:00:00 PM,10/23/2025 3:00:00 PM,MIDATL,464.782
10/23/2025 6:00:00 PM,10/23/2025 2:00:00 PM,MIDATL,490.496
10/23/2025 5:00:00 PM,10/23/2025 1:00:00 PM,MIDATL,526.734
10/23/2025 4:00:00 PM,10/23/2025 12:00:00 PM,MIDATL,567.805
10/23/2025 3:00:00 PM,10/23/2025 11:00:00 AM,MIDATL,600.729
10/23/2025 2:00:00 PM,10/23/2025 10:00:00 AM,MIDATL,619.670
10/23/2025 1:00:00 PM,10/23/2025 9:00:00 AM,MIDATL,623.863
10/23/2025 12:00:00 PM,10/23/2025 8:00:00 AM,MIDATL,625.737
10/23/2025 11:00:00 AM,10/23/2025 7:00:00 AM,MIDATL,613.378
10/23/2025 10:00:00 AM,10/23/2025 6:00:00 AM,MIDATL,612.990
10/23/2025 9:00:00 AM,10/23/2025 5:00:00 AM,MIDATL,605.573
10/23/2025 8:00:00 AM,10/23/2025 4:00:00 AM,MIDATL,602.690
10/23/2025 7:00:00 AM,10/23/2025 3:00:00 AM,MIDATL,619.539
10/23/2025 6:00:00 AM,10/23/2025 2:00:00 AM,MIDATL,651.929
10/23/2025 5:00:00 AM,10/23/2025 1:00:00 AM,MIDATL,727.906
10/23/2025 4:00:00 AM,10/23/2025 12:00:00 AM,MIDATL,758.769
10/23/2025 3:00:00 AM,10/22/2025 11:00:00 PM,MIDATL,754.898
10/23/2025 2:00:00 AM,10/22/2025 10:00:00 PM,MIDATL,769.243
10/23/2025 1:00:00 AM,10/22/2025 9:00:00 PM,MIDATL,733.864
10/23/2025 12:00:00 AM,10/22/2025 8:00:00 PM,MIDATL,687.418
10/22/2025 11:00:00 PM,10/22/2025 7:00:00 PM,MIDATL,620.557
10/22/2025 10:00:00 PM,10/22/2025 6:00:00 PM,MIDATL,636.474
10/22/2025 9:00:00 PM,10/22/2025 5:00:00 PM,MIDATL,574.926
10/22/2025 8:00:00 PM,10/22/2025 4:00:00 PM,MIDATL,566.999
10/22/2025 7:00:00 PM,10/22/2025 3:00:00 PM,MIDATL,516.861
10/22/2025 6:00:00 PM,10/22/2025 2:00:00 PM,MIDATL,574.481
10/22/2025 5:00:00 PM,10/22/2025 1:00:00 PM,MIDATL,629.114
10/22/2025 4:00:00 PM,10/22/2025 12:00:00 PM,MIDATL,628.276
10/22/2025 3:00:00 PM,10/22/2025 11:00:00 AM,MIDATL,678.793
10/22/2025 2:00:00 PM,10/22/2025 10:00:00 AM,MIDATL,690.372
10/22/2025 1:00:00 PM,10/22/2025 9:00:00 AM,MIDATL,591.165
10/22/2025 12:00:00 PM,10/22/2025 8:00:00 AM,MIDATL,634.688
10/22/2025 11:00:00 AM,10/22/2025 7:00:00 AM,MIDATL,620.439
10/22/2025 10:00:00 AM,10/22/2025 6:00:00 AM,MIDATL,521.645
10/22/2025 9:00:00 AM,10/22/2025 5:00:00 AM,MIDATL,472.572
10/22/2025 8:00:00 AM,10/22/2025 4:00:00 AM,MIDATL,367.263
10/22/2025 7:00:00 AM,10/22/2025 3:00:00 AM,MIDATL,313.620
10/22/2025 6:00:00 AM,10/22/2025 2:00:00 AM,MIDATL,315.497
10/22/2025 5:00:00 AM,10/22/2025 1:00:00 AM,MIDATL,367.447
10/22/2025 4:00:00 AM,10/22/2025 12:00:00 AM,MIDATL,428.040
10/22/2025 3:00:00 AM,10/21/2025 11:00:00 PM,MIDATL,352.157
10/22/2025 2:00:00 AM,10/21/2025 10:00:00 PM,MIDATL,307.309
10/22/2025 1:00:00 AM,10/21/2025 9:00:00 PM,MIDATL,394.164
10/22/2025 12:00:00 AM,10/21/2025 8:00:00 PM,MIDATL,370.299
10/21/2025 11:00:00 PM,10/21/2025 7:00:00 PM,MIDATL,351.119
10/21/2025 10:00:00 PM,10/21/2025 6:00:00 PM,MIDATL,267.930
10/21/2025 9:00:00 PM,10/21/2025 5:00:00 PM,MIDATL,231.756
10/21/2025 8:00:00 PM,10/21/2025 4:00:00 PM,MIDATL,240.674
10/21/2025 7:00:00 PM,10/21/2025 3:00:00 PM,MIDATL,272.326
10/21/2025 6:00:00 PM,10/21/2025 2:00:00 PM,MIDATL,271.866
10/21/2025 5:00:00 PM,10/21/2025 1:00:00 PM,MIDATL,350.005
10/21/2025 4:00:00 PM,10/21/2025 12:00:00 PM,MIDATL,525.800
10/21/2025 3:00:00 PM,10/21/2025 11:00:00 AM,MIDATL,544.027
10/21/2025 2:00:00 PM,10/21/2025 10:00:00 AM,MIDATL,462.781
10/21/2025 1:00:00 PM,10/21/2025 9:00:00 AM,MIDATL,437.325
10/21/2025 12:00:00 PM,10/21/2025 8:00:00 AM,MIDATL,503.304
10/21/2025 11:00:00 AM,10/21/2025 7:00:00 AM,MIDATL,484.684
10/21/2025 10:00:00 AM,10/21/2025 6:00:00 AM,MIDATL,434.197
10/21/2025 9:00:00 AM,10/21/2025 5:00:00 AM,MIDATL,424.324
10/21/2025 8:00:00 AM,10/21/2025 4:00:00 AM,MIDATL,434.658
10/21/2025 7:00:00 AM,10/21/2025 3:00:00 AM,MIDATL,393.366
10/21/2025 6:00:00 AM,10/21/2025 2:00:00 AM,MIDATL,423.213
10/21/2025 5:00:00 AM,10/21/2025 1:00:00 AM,MIDATL,536.625
10/21/2025 4:00:00 AM,10/21/2025 12:00:00 AM,MIDATL,568.211
10/21/2025 3:00:00 AM,10/20/2025 11:00:00 PM,MIDATL,562.878
10/21/2025 2:00:00 AM,10/20/2025 10:00:00 PM,MIDATL,545.344
10/21/2025 1:00:00 AM,10/20/2025 9:00:00 PM,MIDATL,551.579
10/21/2025 12:00:00 AM,10/20/2025 8:00:00 PM,MIDATL,571.655
10/20/2025 11:00:00 PM,10/20/2025 7:00:00 PM,MIDATL,554.528
10/20/2025 10:00:00 PM,10/20/2025 6:00:00 PM,MIDATL,545.536
10/20/2025 9:00:00 PM,10/20/2025 5:00:00 PM,MIDATL,649.981
10/20/2025 8:00:00 PM,10/20/2025 4:00:00 PM,MIDATL,771.297
10/20/2025 7:00:00 PM,10/20/2025 3:00:00 PM,MIDATL,899.137
10/20/2025 6:00:00 PM,10/20/2025 2:00:00 PM,MIDATL,894.720
10/20/2025 5:00:00 PM,10/20/2025 1:00:00 PM,MIDATL,929.237
10/20/2025 4:00:00 PM,10/20/2025 12:00:00 PM,MIDATL,973.405
10/20/2025 3:00:00 PM,10/20/2025 11:00:00 AM,MIDATL,948.562
10/20/2025 2:00:00 PM,10/20/2025 10:00:00 AM,MIDATL,971.580
10/20/2025 1:00:00 PM,10/20/2025 9:00:00 AM,MIDATL,976.815
10/20/2025 12:00:00 PM,10/20/2025 8:00:00 AM,MIDATL,873.887
10/20/2025 11:00:00 AM,10/20/2025 7:00:00 AM,MIDATL,835.521
10/20/2025 10:00:00 AM,10/20/2025 6:00:00 AM,MIDATL,788.778
10/20/2025 9:00:00 AM,10/20/2025 5:00:00 AM,MIDATL,758.530
10/20/2025 8:00:00 AM,10/20/2025 4:00:00 AM,MIDATL,699.839
10/20/2025 7:00:00 AM,10/20/2025 3:00:00 AM,MIDATL,567.040
10/20/2025 6:00:00 AM,10/20/2025 2:00:00 AM,MIDATL,551.096
10/20/2025 5:00:00 AM,10/20/2025 1:00:00 AM,MIDATL,543.460
10/20/2025 4:00:00 AM,10/20/2025 12:00:00 AM,MIDATL,468.288
10/20/2025 3:00:00 AM,10/19/2025 11:00:00 PM,MIDATL,530.495
10/20/2025 2:00:00 AM,10/19/2025 10:00:00 PM,MIDATL,614.648
10/20/2025 1:00:00 AM,10/19/2025 9:00:00 PM,MIDATL,688.670
10/20/2025 12:00:00 AM,10/19/2025 8:00:00 PM,MIDATL,730.583
10/19/2025 11:00:00 PM,10/19/2025 7:00:00 PM,MIDATL,789.984
10/19/2025 10:00:00 PM,10/19/2025 6:00:00 PM,MIDATL,904.527
10/19/2025 9:00:00 PM,10/19/2025 5:00:00 PM,MIDATL,949.787
10/19/2025 8:00:00 PM,10/19/2025 4:00:00 PM,MIDATL,931.902
10/19/2025 7:00:00 PM,10/19/2025 3:00:00 PM,MIDATL,972.618
10/19/2025 6:00:00 PM,10/19/2025 2:00:00 PM,MIDATL,939.185
10/19/2025 5:00:00 PM,10/19/2025 1:00:00 PM,MIDATL,881.447
10/19/2025 4:00:00 PM,10/19/2025 12:00:00 PM,MIDATL,823.479
10/19/2025 3:00:00 PM,10/19/2025 11:00:00 AM,MIDATL,719.035
10/19/2025 2:00:00 PM,10/19/2025 10:00:00 AM,MIDATL,697.517
10/19/2025 1:00:00 PM,10/19/2025 9:00:00 AM,MIDATL,734.234
10/19/2025 12:00:00 PM,10/19/2025 8:00:00 AM,MIDATL,744.197
10/19/2025 11:00:00 AM,10/19/2025 7:00:00 AM,MIDATL,701.849
10/19/2025 10:00:00 AM,10/19/2025 6:00:00 AM,MIDATL,661.122
10/19/2025 9:00:00 AM,10/19/2025 5:00:00 AM,MIDATL,607.250
10/19/2025 8:00:00 AM,10/19/2025 4:00:00 AM,MIDATL,565.557
10/19/2025 7:00:00 AM,10/19/2025 3:00:00 AM,MIDATL,576.131
10/19/2025 6:00:00 AM,10/19/2025 2:00:00 AM,MIDATL,504.952
10/19/2025 5:00:00 AM,10/19/2025 1:00:00 AM,MIDATL,487.131
10/19/2025 4:00:00 AM,10/19/2025 12:00:00 AM,MIDATL,472.703
10/19/2025 3:00:00 AM,10/18/2025 11:00:00 PM,MIDATL,481.582
10/19/2025 2:00:00 AM,10/18/2025 10:00:00 PM,MIDATL,491.469
10/19/2025 1:00:00 AM,10/18/2025 9:00:00 PM,MIDATL,549.884
10/19/2025 12:00:00 AM,10/18/2025 8:00:00 PM,MIDATL,511.473
10/18/2025 11:00:00 PM,10/18/2025 7:00:00 PM,MIDATL,377.884
10/18/2025 10:00:00 PM,10/18/2025 6:00:00 PM,MIDATL,216.356
10/18/2025 9:00:00 PM,10/18/2025 5:00:00 PM,MIDATL,116.593
10/18/2025 8:00:00 PM,10/18/2025 4:00:00 PM,MIDATL,75.579
10/18/2025 7:00:00 PM,10/18/2025 3:00:00 PM,MIDATL,71.414
10/18/2025 6:00:00 PM,10/18/2025 2:00:00 PM,MIDATL,71.888
10/18/2025 5:00:00 PM,10/18/2025 1:00:00 PM,MIDATL,70.758
10/18/2025 4:00:00 PM,10/18/2025 12:00:00 PM,MIDATL,94.594
10/18/2025 3:00:00 PM,10/18/2025 11:00:00 AM,MIDATL,93.075
10/18/2025 2:00:00 PM,10/18/2025 10:00:00 AM,MIDATL,84.366
10/18/2025 1:00:00 PM,10/18/2025 9:00:00 AM,MIDATL,93.611
10/18/2025 12:00:00 PM,10/18/2025 8:00:00 AM,MIDATL,111.153
10/18/2025 11:00:00 AM,10/18/2025 7:00:00 AM,MIDATL,119.435
10/18/2025 10:00:00 AM,10/18/2025 6:00:00 AM,MIDATL,102.829
10/18/2025 9:00:00 AM,10/18/2025 5:00:00 AM,MIDATL,62.733
10/18/2025 8:00:00 AM,10/18/2025 4:00:00 AM,MIDATL,63.967
10/18/2025 7:00:00 AM,10/18/2025 3:00:00 AM,MIDATL,36.359
10/18/2025 6:00:00 AM,10/18/2025 2:00:00 AM,MIDATL,25.249
10/18/2025 5:00:00 AM,10/18/2025 1:00:00 AM,MIDATL,12.839
10/18/2025 4:00:00 AM,10/18/2025 12:00:00 AM,MIDATL,8.671
10/18/2025 3:00:00 AM,10/17/2025 11:00:00 PM,MIDATL,11.749
10/18/2025 2:00:00 AM,10/17/2025 10:00:00 PM,MIDATL,22.907
10/18/2025 1:00:00 AM,10/17/2025 9:00:00 PM,MIDATL,50.602
10/18/2025 12:00:00 AM,10/17/2025 8:00:00 PM,MIDATL,50.705
10/17/2025 11:00:00 PM,10/17/2025 7:00:00 PM,MIDATL,62.693
10/17/2025 10:00:00 PM,10/17/2025 6:00:00 PM,MIDATL,55.594
10/17/2025 9:00:00 PM,10/17/2025 5:00:00 PM,MIDATL,27.809
10/17/2025 8:00:00 PM,10/17/2025 4:00:00 PM,MIDATL,46.619
10/17/2025 7:00:00 PM,10/17/2025 3:00:00 PM,MIDATL,52.379
10/17/2025 6:00:00 PM,10/17/2025 2:00:00 PM,MIDATL,41.956
10/17/2025 5:00:00 PM,10/17/2025 1:00:00 PM,MIDATL,51.740
10/17/2025 4:00:00 PM,10/17/2025 12:00:00 PM,MIDATL,65.385
10/17/2025 3:00:00 PM,10/17/2025 11:00:00 AM,MIDATL,71.005
10/17/2025 2:00:00 PM,10/17/2025 10:00:00 AM,MIDATL,64.713
10/17/2025 1:00:00 PM,10/17/2025 9:00:00 AM,MIDATL,108.181
10/17/2025 12:00:00 PM,10/17/2025 8:00:00 AM,MIDATL,178.798
10/17/2025 11:00:00 AM,10/17/2025 7:00:00 AM,MIDATL,204.918
10/17/2025 10:00:00 AM,10/17/2025 6:00:00 AM,MIDATL,224.660
10/17/2025 9:00:00 AM,10/17/2025 5:00:00 AM,MIDATL,183.477
10/17/2025 8:00:00 AM,10/17/2025 4:00:00 AM,MIDATL,193.258
10/17/2025 7:00:00 AM,10/17/2025 3:00:00 AM,MIDATL,211.749
10/17/2025 6:00:00 AM,10/17/2025 2:00:00 AM,MIDATL,258.980
10/17/2025 5:00:00 AM,10/17/2025 1:00:00 AM,MIDATL,326.627
10/17/2025 4:00:00 AM,10/17/2025 12:00:00 AM,MIDATL,375.885
10/17/2025 3:00:00 AM,10/16/2025 11:00:00 PM,MIDATL,389.753
10/17/2025 2:00:00 AM,10/16/2025 10:00:00 PM,MIDATL,459.283
10/17/2025 1:00:00 AM,10/16/2025 9:00:00 PM,MIDATL,596.345
10/17/2025 12:00:00 AM,10/16/2025 8:00:00 PM,MIDATL,592.806
10/16/2025 11:00:00 PM,10/16/2025 7:00:00 PM,MIDATL,503.213
10/16/2025 10:00:00 PM,10/16/2025 6:00:00 PM,MIDATL,494.925
10/16/2025 9:00:00 PM,10/16/2025 5:00:00 PM,MIDATL,560.657
10/16/2025 8:00:00 PM,10/16/2025 4:00:00 PM,MIDATL,592.704
10/16/2025 7:00:00 PM,10/16/2025 3:00:00 PM,MIDATL,578.987
10/16/2025 6:00:00 PM,10/16/2025 2:00:00 PM,MIDATL,511.346
10/16/2025 5:00:00 PM,10/16/2025 1:00:00 PM,MIDATL,460.863
10/16/2025 4:00:00 PM,10/16/2025 12:00:00 PM,MIDATL,474.842
10/16/2025 3:00:00 PM,10/16/2025 11:00:00 AM,MIDATL,459.877
10/16/2025 2:00:00 PM,10/16/2025 10:00:00 AM,MIDATL,420.407
10/16/2025 1:00:00 PM,10/16/2025 9:00:00 AM,MIDATL,443.686
10/16/2025 12:00:00 PM,10/16/2025 8:00:00 AM,MIDATL,490.237
10/16/2025 11:00:00 AM,10/16/2025 7:00:00 AM,MIDATL,522.039
10/16/2025 10:00:00 AM,10/16/2025 6:00:00 AM,MIDATL,496.761
10/16/2025 9:00:00 AM,10/16/2025 5:00:00 AM,MIDATL,477.391
10/16/2025 8:00:00 AM,10/16/2025 4:00:00 AM,MIDATL,478.306
10/16/2025 7:00:00 AM,10/16/2025 3:00:00 AM,MIDATL,516.638
10/16/2025 6:00:00 AM,10/16/2025 2:00:00 AM,MIDATL,558.839
10/16/2025 5:00:00 AM,10/16/2025 1:00:00 AM,MIDATL,544.961
10/16/2025 4:00:00 AM,10/16/2025 12:00:00 AM,MIDATL,486.052
10/16/2025 3:00:00 AM,10/15/2025 11:00:00 PM,MIDATL,476.705
10/16/2025 2:00:00 AM,10/15/2025 10:00:00 PM,MIDATL,466.770
10/16/2025 1:00:00 AM,10/15/2025 9:00:00 PM,MIDATL,504.415
10/16/2025 12:00:00 AM,10/15/2025 8:00:00 PM,MIDATL,550.335
10/15/2025 11:00:00 PM,10/15/2025 7:00:00 PM,MIDATL,453.778
10/15/2025 10:00:00 PM,10/15/2025 6:00:00 PM,MIDATL,382.856
10/15/2025 9:00:00 PM,10/15/2025 5:00:00 PM,MIDATL,464.114
10/15/2025 8:00:00 PM,10/15/2025 4:00:00 PM,MIDATL,506.932
10/15/2025 7:00:00 PM,10/15/2025 3:00:00 PM,MIDATL,479.898
10/15/2025 6:00:00 PM,10/15/2025 2:00:00 PM,MIDATL,410.092
10/15/2025 5:00:00 PM,10/15/2025 1:00:00 PM,MIDATL,352.181
10/15/2025 4:00:00 PM,10/15/2025 12:00:00 PM,MIDATL,321.161
10/15/2025 3:00:00 PM,10/15/2025 11:00:00 AM,MIDATL,332.127
10/15/2025 2:00:00 PM,10/15/2025 10:00:00 AM,MIDATL,415.202
10/15/2025 1:00:00 PM,10/15/2025 9:00:00 AM,MIDATL,378.262
10/15/2025 12:00:00 PM,10/15/2025 8:00:00 AM,MIDATL,359.858
10/15/2025 11:00:00 AM,10/15/2025 7:00:00 AM,MIDATL,365.067
10/15/2025 10:00:00 AM,10/15/2025 6:00:00 AM,MIDATL,371.781
10/15/2025 9:00:00 AM,10/15/2025 5:00:00 AM,MIDATL,343.797
10/15/2025 8:00:00 AM,10/15/2025 4:00:00 AM,MIDATL,299.715
10/15/2025 7:00:00 AM,10/15/2025 3:00:00 AM,MIDATL,322.415
10/15/2025 6:00:00 AM,10/15/2025 2:00:00 AM,MIDATL,387.066
10/15/2025 5:00:00 AM,10/15/2025 1:00:00 AM,MIDATL,362.338
10/15/2025 4:00:00 AM,10/15/2025 12:00:00 AM,MIDATL,421.735
10/15/2025 3:00:00 AM,10/14/2025 11:00:00 PM,MIDATL,491.682
10/15/2025 2:00:00 AM,10/14/2025 10:00:00 PM,MIDATL,494.848
10/15/2025 1:00:00 AM,10/14/2025 9:00:00 PM,MIDATL,446.432
10/15/2025 12:00:00 AM,10/14/2025 8:00:00 PM,MIDATL,450.892
10/14/2025 11:00:00 PM,10/14/2025 7:00:00 PM,MIDATL,422.986
10/14/2025 10:00:00 PM,10/14/2025 6:00:00 PM,MIDATL,368.930
10/14/2025 9:00:00 PM,10/14/2025 5:00:00 PM,MIDATL,280.448
10/14/2025 8:00:00 PM,10/14/2025 4:00:00 PM,MIDATL,325.066
10/14/2025 7:00:00 PM,10/14/2025 3:00:00 PM,MIDATL,370.953
10/14/2025 6:00:00 PM,10/14/2025 2:00:00 PM,MIDATL,354.712
10/14/2025 5:00:00 PM,10/14/2025 1:00:00 PM,MIDATL,298.808
10/14/2025 4:00:00 PM,10/14/2025 12:00:00 PM,MIDATL,289.044
10/14/2025 3:00:00 PM,10/14/2025 11:00:00 AM,MIDATL,314.713
10/14/2025 2:00:00 PM,10/14/2025 10:00:00 AM,MIDATL,345.532
10/14/2025 1:00:00 PM,10/14/2025 9:00:00 AM,MIDATL,317.765
10/14/2025 12:00:00 PM,10/14/2025 8:00:00 AM,MIDATL,343.653
10/14/2025 11:00:00 AM,10/14/2025 7:00:00 AM,MIDATL,303.173
10/14/2025 10:00:00 AM,10/14/2025 6:00:00 AM,MIDATL,256.028
10/14/2025 9:00:00 AM,10/14/2025 5:00:00 AM,MIDATL,209.146
10/14/2025 8:00:00 AM,10/14/2025 4:00:00 AM,MIDATL,214.410
10/14/2025 7:00:00 AM,10/14/2025 3:00:00 AM,MIDATL,212.657
10/14/2025 6:00:00 AM,10/14/2025 2:00:00 AM,MIDATL,162.263
10/14/2025 5:00:00 AM,10/14/2025 1:00:00 AM,MIDATL,94.491
10/14/2025 4:00:00 AM,10/14/2025 12:00:00 AM,MIDATL,124.197
10/14/2025 3:00:00 AM,10/13/2025 11:00:00 PM,MIDATL,188.445
10/14/2025 2:00:00 AM,10/13/2025 10:00:00 PM,MIDATL,210.586
10/14/2025 1:00:00 AM,10/13/2025 9:00:00 PM,MIDATL,203.897
10/14/2025 12:00:00 AM,10/13/2025 8:00:00 PM,MIDATL,207.917
10/13/2025 11:00:00 PM,10/13/2025 7:00:00 PM,MIDATL,218.527
10/13/2025 10:00:00 PM,10/13/2025 6:00:00 PM,MIDATL,220.503
10/13/2025 9:00:00 PM,10/13/2025 5:00:00 PM,MIDATL,233.154
10/13/2025 8:00:00 PM,10/13/2025 4:00:00 PM,MIDATL,228.508
10/13/2025 7:00:00 PM,10/13/2025 3:00:00 PM,MIDATL,221.215
10/13/2025 6:00:00 PM,10/13/2025 2:00:00 PM,MIDATL,237.686
10/13/2025 5:00:00 PM,10/13/2025 1:00:00 PM,MIDATL,235.013
10/13/2025 4:00:00 PM,10/13/2025 12:00:00 PM,MIDATL,264.443
10/13/2025 3:00:00 PM,10/13/2025 11:00:00 AM,MIDATL,275.703
10/13/2025 2:00:00 PM,10/13/2025 10:00:00 AM,MIDATL,269.701
10/13/2025 1:00:00 PM,10/13/2025 9:00:00 AM,MIDATL,302.992
10/13/2025 12:00:00 PM,10/13/2025 8:00:00 AM,MIDATL,314.369
10/13/2025 11:00:00 AM,10/13/2025 7:00:00 AM,MIDATL,322.185
10/13/2025 10:00:00 AM,10/13/2025 6:00:00 AM,MIDATL,291.463
10/13/2025 9:00:00 AM,10/13/2025 5:00:00 AM,MIDATL,253.659
10/13/2025 8:00:00 AM,10/13/2025 4:00:00 AM,MIDATL,216.207
10/13/2025 7:00:00 AM,10/13/2025 3:00:00 AM,MIDATL,220.772
10/13/2025 6:00:00 AM,10/13/2025 2:00:00 AM,MIDATL,261.450
10/13/2025 5:00:00 AM,10/13/2025 1:00:00 AM,MIDATL,274.366
10/13/2025 4:00:00 AM,10/13/2025 12:00:00 AM,MIDATL,245.881
10/13/2025 3:00:00 AM,10/12/2025 11:00:00 PM,MIDATL,336.082
10/13/2025 2:00:00 AM,10/12/2025 10:00:00 PM,MIDATL,338.643
10/13/2025 1:00:00 AM,10/12/2025 9:00:00 PM,MIDATL,300.408
10/13/2025 12:00:00 AM,10/12/2025 8:00:00 PM,MIDATL,255.274
10/12/2025 11:00:00 PM,10/12/2025 7:00:00 PM,MIDATL,276.705
10/12/2025 10:00:00 PM,10/12/2025 6:00:00 PM,MIDATL,234.208
10/12/2025 9:00:00 PM,10/12/2025 5:00:00 PM,MIDATL,231.670
10/12/2025 8:00:00 PM,10/12/2025 4:00:00 PM,MIDATL,229.131
10/12/2025 7:00:00 PM,10/12/2025 3:00:00 PM,MIDATL,217.649
10/12/2025 6:00:00 PM,10/12/2025 2:00:00 PM,MIDATL,229.129
10/12/2025 5:00:00 PM,10/12/2025 1:00:00 PM,MIDATL,277.048
10/12/2025 4:00:00 PM,10/12/2025 12:00:00 PM,MIDATL,338.121
10/12/2025 3:00:00 PM,10/12/2025 11:00:00 AM,MIDATL,403.549
10/12/2025 2:00:00 PM,10/12/2025 10:00:00 AM,MIDATL,438.493
10/12/2025 1:00:00 PM,10/12/2025 9:00:00 AM,MIDATL,435.814
10/12/2025 12:00:00 PM,10/12/2025 8:00:00 AM,MIDATL,393.616
10/12/2025 11:00:00 AM,10/12/2025 7:00:00 AM,MIDATL,324.984
10/12/2025 10:00:00 AM,10/12/2025 6:00:00 AM,MIDATL,248.273
10/12/2025 9:00:00 AM,10/12/2025 5:00:00 AM,MIDATL,231.949
10/12/2025 8:00:00 AM,10/12/2025 4:00:00 AM,MIDATL,191.696
10/12/2025 7:00:00 AM,10/12/2025 3:00:00 AM,MIDATL,183.208
10/12/2025 6:00:00 AM,10/12/2025 2:00:00 AM,MIDATL,183.545
10/12/2025 5:00:00 AM,10/12/2025 1:00:00 AM,MIDATL,179.093
10/12/2025 4:00:00 AM,10/12/2025 12:00:00 AM,MIDATL,232.182
10/12/2025 3:00:00 AM,10/11/2025 11:00:00 PM,MIDATL,284.198
10/12/2025 2:00:00 AM,10/11/2025 10:00:00 PM,MIDATL,269.439
10/12/2025 1:00:00 AM,10/11/2025 9:00:00 PM,MIDATL,192.933
10/12/2025 12:00:00 AM,10/11/2025 8:00:00 PM,MIDATL,141.548
10/11/2025 11:00:00 PM,10/11/2025 7:00:00 PM,MIDATL,82.146
10/11/2025 10:00:00 PM,10/11/2025 6:00:00 PM,MIDATL,50.085
10/11/2025 9:00:00 PM,10/11/2025 5:00:00 PM,MIDATL,52.295
10/11/2025 8:00:00 PM,10/11/2025 4:00:00 PM,MIDATL,71.765
10/11/2025 7:00:00 PM,10/11/2025 3:00:00 PM,MIDATL,94.883
10/11/2025 6:00:00 PM,10/11/2025 2:00:00 PM,MIDATL,99.655
10/11/2025 5:00:00 PM,10/11/2025 1:00:00 PM,MIDATL,112.435
10/11/2025 4:00:00 PM,10/11/2025 12:00:00 PM,MIDATL,98.189
10/11/2025 3:00:00 PM,10/11/2025 11:00:00 AM,MIDATL,119.196
10/11/2025 2:00:00 PM,10/11/2025 10:00:00 AM,MIDATL,149.718
10/11/2025 1:00:00 PM,10/11/2025 9:00:00 AM,MIDATL,222.874
10/11/2025 12:00:00 PM,10/11/2025 8:00:00 AM,MIDATL,302.504
10/11/2025 11:00:00 AM,10/11/2025 7:00:00 AM,MIDATL,362.680
10/11/2025 10:00:00 AM,10/11/2025 6:00:00 AM,MIDATL,355.428
10/11/2025 9:00:00 AM,10/11/2025 5:00:00 AM,MIDATL,356.368
10/11/2025 8:00:00 AM,10/11/2025 4:00:00 AM,MIDATL,374.244
10/11/2025 7:00:00 AM,10/11/2025 3:00:00 AM,MIDATL,476.837
10/11/2025 6:00:00 AM,10/11/2025 2:00:00 AM,MIDATL,511.430
10/11/2025 5:00:00 AM,10/11/2025 1:00:00 AM,MIDATL,507.956
10/11/2025 4:00:00 AM,10/11/2025 12:00:00 AM,MIDATL,540.354
10/11/2025 3:00:00 AM,10/10/2025 11:00:00 PM,MIDATL,566.808
10/11/2025 2:00:00 AM,10/10/2025 10:00:00 PM,MIDATL,594.640
10/11/2025 1:00:00 AM,10/10/2025 9:00:00 PM,MIDATL,598.380
10/11/2025 12:00:00 AM,10/10/2025 8:00:00 PM,MIDATL,585.240
10/10/2025 11:00:00 PM,10/10/2025 7:00:00 PM,MIDATL,536.003
10/10/2025 10:00:00 PM,10/10/2025 6:00:00 PM,MIDATL,424.761
10/10/2025 9:00:00 PM,10/10/2025 5:00:00 PM,MIDATL,489.775
10/10/2025 8:00:00 PM,10/10/2025 4:00:00 PM,MIDATL,408.130
10/10/2025 7:00:00 PM,10/10/2025 3:00:00 PM,MIDATL,388.374
10/10/2025 6:00:00 PM,10/10/2025 2:00:00 PM,MIDATL,411.504
10/10/2025 5:00:00 PM,10/10/2025 1:00:00 PM,MIDATL,393.434
10/10/2025 4:00:00 PM,10/10/2025 12:00:00 PM,MIDATL,388.411
10/10/2025 3:00:00 PM,10/10/2025 11:00:00 AM,MIDATL,431.234
10/10/2025 2:00:00 PM,10/10/2025 10:00:00 AM,MIDATL,468.811
10/10/2025 1:00:00 PM,10/10/2025 9:00:00 AM,MIDATL,478.360
10/10/2025 12:00:00 PM,10/10/2025 8:00:00 AM,MIDATL,533.100
10/10/2025 11:00:00 AM,10/10/2025 7:00:00 AM,MIDATL,560.176
10/10/2025 10:00:00 AM,10/10/2025 6:00:00 AM,MIDATL,492.251
10/10/2025 9:00:00 AM,10/10/2025 5:00:00 AM,MIDATL,459.181
10/10/2025 8:00:00 AM,10/10/2025 4:00:00 AM,MIDATL,451.802
10/10/2025 7:00:00 AM,10/10/2025 3:00:00 AM,MIDATL,442.060
10/10/2025 6:00:00 AM,10/10/2025 2:00:00 AM,MIDATL,419.549
10/10/2025 5:00:00 AM,10/10/2025 1:00:00 AM,MIDATL,457.787
10/10/2025 4:00:00 AM,10/10/2025 12:00:00 AM,MIDATL,458.585
10/10/2025 3:00:00 AM,10/9/2025 11:00:00 PM,MIDATL,414.700
10/10/2025 2:00:00 AM,10/9/2025 10:00:00 PM,MIDATL,301.523
10/10/2025 1:00:00 AM,10/9/2025 9:00:00 PM,MIDATL,214.727
10/10/2025 12:00:00 AM,10/9/2025 8:00:00 PM,MIDATL,140.536
10/9/2025 11:00:00 PM,10/9/2025 7:00:00 PM,MIDATL,89.909
10/9/2025 10:00:00 PM,10/9/2025 6:00:00 PM,MIDATL,29.891
10/9/2025 9:00:00 PM,10/9/2025 5:00:00 PM,MIDATL,15.166
10/9/2025 8:00:00 PM,10/9/2025 4:00:00 PM,MIDATL,18.112
10/9/2025 7:00:00 PM,10/9/2025 3:00:00 PM,MIDATL,29.765
10/9/2025 6:00:00 PM,10/9/2025 2:00:00 PM,MIDATL,45.409
10/9/2025 5:00:00 PM,10/9/2025 1:00:00 PM,MIDATL,61.035
10/9/2025 4:00:00 PM,10/9/2025 12:00:00 PM,MIDATL,82.957
10/9/2025 3:00:00 PM,10/9/2025 11:00:00 AM,MIDATL,128.362
10/9/2025 2:00:00 PM,10/9/2025 10:00:00 AM,MIDATL,214.860
10/9/2025 1:00:00 PM,10/9/2025 9:00:00 AM,MIDATL,219.330
10/9/2025 12:00:00 PM,10/9/2025 8:00:00 AM,MIDATL,233.543
10/9/2025 11:00:00 AM,10/9/2025 7:00:00 AM,MIDATL,253.533
10/9/2025 10:00:00 AM,10/9/2025 6:00:00 AM,MIDATL,213.453
10/9/2025 9:00:00 AM,10/9/2025 5:00:00 AM,MIDATL,230.259
10/9/2025 8:00:00 AM,10/9/2025 4:00:00 AM,MIDATL,252.630
10/9/2025 7:00:00 AM,10/9/2025 3:00:00 AM,MIDATL,256.229
10/9/2025 6:00:00 AM,10/9/2025 2:00:00 AM,MIDATL,294.255
10/9/2025 5:00:00 AM,10/9/2025 1:00:00 AM,MIDATL,290.187
10/9/2025 4:00:00 AM,10/9/2025 12:00:00 AM,MIDATL,293.331
10/9/2025 3:00:00 AM,10/8/2025 11:00:00 PM,MIDATL,349.002
10/9/2025 2:00:00 AM,10/8/2025 10:00:00 PM,MIDATL,483.243
10/9/2025 1:00:00 AM,10/8/2025 9:00:00 PM,MIDATL,556.693
10/9/2025 12:00:00 AM,10/8/2025 8:00:00 PM,MIDATL,606.096
10/8/2025 11:00:00 PM,10/8/2025 7:00:00 PM,MIDATL,598.474
10/8/2025 10:00:00 PM,10/8/2025 6:00:00 PM,MIDATL,570.523
10/8/2025 9:00:00 PM,10/8/2025 5:00:00 PM,MIDATL,582.491
10/8/2025 8:00:00 PM,10/8/2025 4:00:00 PM,MIDATL,593.451
10/8/2025 7:00:00 PM,10/8/2025 3:00:00 PM,MIDATL,570.408
10/8/2025 6:00:00 PM,10/8/2025 2:00:00 PM,MIDATL,612.630
10/8/2025 5:00:00 PM,10/8/2025 1:00:00 PM,MIDATL,643.994
10/8/2025 4:00:00 PM,10/8/2025 12:00:00 PM,MIDATL,555.547
10/8/2025 3:00:00 PM,10/8/2025 11:00:00 AM,MIDATL,498.566
10/8/2025 2:00:00 PM,10/8/2025 10:00:00 AM,MIDATL,476.814
10/8/2025 1:00:00 PM,10/8/2025 9:00:00 AM,MIDATL,514.663
10/8/2025 12:00:00 PM,10/8/2025 8:00:00 AM,MIDATL,455.953
10/8/2025 11:00:00 AM,10/8/2025 7:00:00 AM,MIDATL,530.320
10/8/2025 10:00:00 AM,10/8/2025 6:00:00 AM,MIDATL,610.500
10/8/2025 9:00:00 AM,10/8/2025 5:00:00 AM,MIDATL,569.008
10/8/2025 8:00:00 AM,10/8/2025 4:00:00 AM,MIDATL,356.074
10/8/2025 7:00:00 AM,10/8/2025 3:00:00 AM,MIDATL,362.691
10/8/2025 6:00:00 AM,10/8/2025 2:00:00 AM,MIDATL,315.845
10/8/2025 5:00:00 AM,10/8/2025 1:00:00 AM,MIDATL,312.535
10/8/2025 4:00:00 AM,10/8/2025 12:00:00 AM,MIDATL,310.349
10/8/2025 3:00:00 AM,10/7/2025 11:00:00 PM,MIDATL,296.119
10/8/2025 2:00:00 AM,10/7/2025 10:00:00 PM,MIDATL,294.891
10/8/2025 1:00:00 AM,10/7/2025 9:00:00 PM,MIDATL,292.779
10/8/2025 12:00:00 AM,10/7/2025 8:00:00 PM,MIDATL,391.620
10/7/2025 11:00:00 PM,10/7/2025 7:00:00 PM,MIDATL,428.694
10/7/2025 10:00:00 PM,10/7/2025 6:00:00 PM,MIDATL,406.845
10/7/2025 9:00:00 PM,10/7/2025 5:00:00 PM,MIDATL,370.455
10/7/2025 8:00:00 PM,10/7/2025 4:00:00 PM,MIDATL,287.161
10/7/2025 7:00:00 PM,10/7/2025 3:00:00 PM,MIDATL,218.151
10/7/2025 6:00:00 PM,10/7/2025 2:00:00 PM,MIDATL,179.509
10/7/2025 5:00:00 PM,10/7/2025 1:00:00 PM,MIDATL,171.383
10/7/2025 4:00:00 PM,10/7/2025 12:00:00 PM,MIDATL,160.585
10/7/2025 3:00:00 PM,10/7/2025 11:00:00 AM,MIDATL,119.931
10/7/2025 2:00:00 PM,10/7/2025 10:00:00 AM,MIDATL,131.279
10/7/2025 1:00:00 PM,10/7/2025 9:00:00 AM,MIDATL,191.726
10/7/2025 12:00:00 PM,10/7/2025 8:00:00 AM,MIDATL,194.722
10/7/2025 11:00:00 AM,10/7/2025 7:00:00 AM,MIDATL,245.729
10/7/2025 10:00:00 AM,10/7/2025 6:00:00 AM,MIDATL,251.369
10/7/2025 9:00:00 AM,10/7/2025 5:00:00 AM,MIDATL,271.609
10/7/2025 8:00:00 AM,10/7/2025 4:00:00 AM,MIDATL,276.045
10/7/2025 7:00:00 AM,10/7/2025 3:00:00 AM,MIDATL,279.001
10/7/2025 6:00:00 AM,10/7/2025 2:00:00 AM,MIDATL,271.201
10/7/2025 5:00:00 AM,10/7/2025 1:00:00 AM,MIDATL,238.726
10/7/2025 4:00:00 AM,10/7/2025 12:00:00 AM,MIDATL,246.109
10/7/2025 3:00:00 AM,10/6/2025 11:00:00 PM,MIDATL,243.536
10/7/2025 2:00:00 AM,10/6/2025 10:00:00 PM,MIDATL,228.420
10/7/2025 1:00:00 AM,10/6/2025 9:00:00 PM,MIDATL,205.485
10/7/2025 12:00:00 AM,10/6/2025 8:00:00 PM,MIDATL,196.347
10/6/2025 11:00:00 PM,10/6/2025 7:00:00 PM,MIDATL,143.443
10/6/2025 10:00:00 PM,10/6/2025 6:00:00 PM,MIDATL,99.793
10/6/2025 9:00:00 PM,10/6/2025 5:00:00 PM,MIDATL,76.956
10/6/2025 8:00:00 PM,10/6/2025 4:00:00 PM,MIDATL,58.976
10/6/2025 7:00:00 PM,10/6/2025 3:00:00 PM,MIDATL,51.912
10/6/2025 6:00:00 PM,10/6/2025 2:00:00 PM,MIDATL,29.342
10/6/2025 5:00:00 PM,10/6/2025 1:00:00 PM,MIDATL,20.908
10/6/2025 4:00:00 PM,10/6/2025 12:00:00 PM,MIDATL,24.014
10/6/2025 3:00:00 PM,10/6/2025 11:00:00 AM,MIDATL,13.308
10/6/2025 2:00:00 PM,10/6/2025 10:00:00 AM,MIDATL,29.117
10/6/2025 1:00:00 PM,10/6/2025 9:00:00 AM,MIDATL,82.739
10/6/2025 12:00:00 PM,10/6/2025 8:00:00 AM,MIDATL,175.560
10/6/2025 11:00:00 AM,10/6/2025 7:00:00 AM,MIDATL,256.602
10/6/2025 10:00:00 AM,10/6/2025 6:00:00 AM,MIDATL,248.135
10/6/2025 9:00:00 AM,10/6/2025 5:00:00 AM,MIDATL,273.604
10/6/2025 8:00:00 AM,10/6/2025 4:00:00 AM,MIDATL,306.550
10/6/2025 7:00:00 AM,10/6/2025 3:00:00 AM,MIDATL,302.516
10/6/2025 6:00:00 AM,10/6/2025 2:00:00 AM,MIDATL,292.140
10/6/2025 5:00:00 AM,10/6/2025 1:00:00 AM,MIDATL,300.195
10/6/2025 4:00:00 AM,10/6/2025 12:00:00 AM,MIDATL,331.310
10/6/2025 3:00:00 AM,10/5/2025 11:00:00 PM,MIDATL,336.117
10/6/2025 2:00:00 AM,10/5/2025 10:00:00 PM,MIDATL,343.903
10/6/2025 1:00:00 AM,10/5/2025 9:00:00 PM,MIDATL,310.914
10/6/2025 12:00:00 AM,10/5/2025 8:00:00 PM,MIDATL,265.942
10/5/2025 11:00:00 PM,10/5/2025 7:00:00 PM,MIDATL,214.629
10/5/2025 10:00:00 PM,10/5/2025 6:00:00 PM,MIDATL,113.007
10/5/2025 9:00:00 PM,10/5/2025 5:00:00 PM,MIDATL,72.212
10/5/2025 8:00:00 PM,10/5/2025 4:00:00 PM,MIDATL,61.997
10/5/2025 7:00:00 PM,10/5/2025 3:00:00 PM,MIDATL,45.947
10/5/2025 6:00:00 PM,10/5/2025 2:00:00 PM,MIDATL,32.351
10/5/2025 5:00:00 PM,10/5/2025 1:00:00 PM,MIDATL,20.575
10/5/2025 4:00:00 PM,10/5/2025 12:00:00 PM,MIDATL,10.789
10/5/2025 3:00:00 PM,10/5/2025 11:00:00 AM,MIDATL,8.062
10/5/2025 2:00:00 PM,10/5/2025 10:00:00 AM,MIDATL,9.575
10/5/2025 1:00:00 PM,10/5/2025 9:00:00 AM,MIDATL,14.851
10/5/2025 12:00:00 PM,10/5/2025 8:00:00 AM,MIDATL,46.036
10/5/2025 11:00:00 AM,10/5/2025 7:00:00 AM,MIDATL,64.231
10/5/2025 10:00:00 AM,10/5/2025 6:00:00 AM,MIDATL,82.604
10/5/2025 9:00:00 AM,10/5/2025 5:00:00 AM,MIDATL,103.582
10/5/2025 8:00:00 AM,10/5/2025 4:00:00 AM,MIDATL,106.834
10/5/2025 7:00:00 AM,10/5/2025 3:00:00 AM,MIDATL,117.801
10/5/2025 6:00:00 AM,10/5/2025 2:00:00 AM,MIDATL,116.893
10/5/2025 5:00:00 AM,10/5/2025 1:00:00 AM,MIDATL,119.349
10/5/2025 4:00:00 AM,10/5/2025 12:00:00 AM,MIDATL,111.818
10/5/2025 3:00:00 AM,10/4/2025 11:00:00 PM,MIDATL,103.768
10/5/2025 2:00:00 AM,10/4/2025 10:00:00 PM,MIDATL,106.010
10/5/2025 1:00:00 AM,10/4/2025 9:00:00 PM,MIDATL,82.788
10/5/2025 12:00:00 AM,10/4/2025 8:00:00 PM,MIDATL,43.739
10/4/2025 11:00:00 PM,10/4/2025 7:00:00 PM,MIDATL,16.277
10/4/2025 10:00:00 PM,10/4/2025 6:00:00 PM,MIDATL,9.728
10/4/2025 9:00:00 PM,10/4/2025 5:00:00 PM,MIDATL,5.151
10/4/2025 8:00:00 PM,10/4/2025 4:00:00 PM,MIDATL,-1.872
10/4/2025 7:00:00 PM,10/4/2025 3:00:00 PM,MIDATL,-3.038
10/4/2025 6:00:00 PM,10/4/2025 2:00:00 PM,MIDATL,-4.610
10/4/2025 5:00:00 PM,10/4/2025 1:00:00 PM,MIDATL,-5.017
10/4/2025 4:00:00 PM,10/4/2025 12:00:00 PM,MIDATL,-4.604
10/4/2025 3:00:00 PM,10/4/2025 11:00:00 AM,MIDATL,-5.071
10/4/2025 2:00:00 PM,10/4/2025 10:00:00 AM,MIDATL,-2.338
10/4/2025 1:00:00 PM,10/4/2025 9:00:00 AM,MIDATL,19.902
10/4/2025 12:00:00 PM,10/4/2025 8:00:00 AM,MIDATL,39.039
10/4/2025 11:00:00 AM,10/4/2025 7:00:00 AM,MIDATL,34.879
10/4/2025 10:00:00 AM,10/4/2025 6:00:00 AM,MIDATL,39.909
10/4/2025 9:00:00 AM,10/4/2025 5:00:00 AM,MIDATL,38.812
10/4/2025 8:00:00 AM,10/4/2025 4:00:00 AM,MIDATL,30.609
10/4/2025 7:00:00 AM,10/4/2025 3:00:00 AM,MIDATL,32.424
10/4/2025 6:00:00 AM,10/4/2025 2:00:00 AM,MIDATL,50.847
10/4/2025 5:00:00 AM,10/4/2025 1:00:00 AM,MIDATL,57.012
10/4/2025 4:00:00 AM,10/4/2025 12:00:00 AM,MIDATL,59.890
10/4/2025 3:00:00 AM,10/3/2025 11:00:00 PM,MIDATL,76.994
10/4/2025 2:00:00 AM,10/3/2025 10:00:00 PM,MIDATL,68.303
10/4/2025 1:00:00 AM,10/3/2025 9:00:00 PM,MIDATL,60.072
10/4/2025 12:00:00 AM,10/3/2025 8:00:00 PM,MIDATL,79.022
10/3/2025 11:00:00 PM,10/3/2025 7:00:00 PM,MIDATL,55.528
10/3/2025 10:00:00 PM,10/3/2025 6:00:00 PM,MIDATL,22.383
10/3/2025 9:00:00 PM,10/3/2025 5:00:00 PM,MIDATL,7.225
10/3/2025 8:00:00 PM,10/3/2025 4:00:00 PM,MIDATL,5.594
10/3/2025 7:00:00 PM,10/3/2025 3:00:00 PM,MIDATL,6.890
10/3/2025 6:00:00 PM,10/3/2025 2:00:00 PM,MIDATL,5.063
10/3/2025 5:00:00 PM,10/3/2025 1:00:00 PM,MIDATL,2.901
10/3/2025 4:00:00 PM,10/3/2025 12:00:00 PM,MIDATL,-0.986
10/3/2025 3:00:00 PM,10/3/2025 11:00:00 AM,MIDATL,0.818
10/3/2025 2:00:00 PM,10/3/2025 10:00:00 AM,MIDATL,19.244
10/3/2025 1:00:00 PM,10/3/2025 9:00:00 AM,MIDATL,73.239
10/3/2025 12:00:00 PM,10/3/2025 8:00:00 AM,MIDATL,152.735
10/3/2025 11:00:00 AM,10/3/2025 7:00:00 AM,MIDATL,219.933
10/3/2025 10:00:00 AM,10/3/2025 6:00:00 AM,MIDATL,270.222
10/3/2025 9:00:00 AM,10/3/2025 5:00:00 AM,MIDATL,334.601
10/3/2025 8:00:00 AM,10/3/2025 4:00:00 AM,MIDATL,379.506
10/3/2025 7:00:00 AM,10/3/2025 3:00:00 AM,MIDATL,424.820
10/3/2025 6:00:00 AM,10/3/2025 2:00:00 AM,MIDATL,460.049
10/3/2025 5:00:00 AM,10/3/2025 1:00:00 AM,MIDATL,496.554
10/3/2025 4:00:00 AM,10/3/2025 12:00:00 AM,MIDATL,532.482
10/3/2025 3:00:00 AM,10/2/2025 11:00:00 PM,MIDATL,537.045
10/3/2025 2:00:00 AM,10/2/2025 10:00:00 PM,MIDATL,499.987
10/3/2025 1:00:00 AM,10/2/2025 9:00:00 PM,MIDATL,409.656
10/3/2025 12:00:00 AM,10/2/2025 8:00:00 PM,MIDATL,331.458
10/2/2025 11:00:00 PM,10/2/2025 7:00:00 PM,MIDATL,216.997
10/2/2025 10:00:00 PM,10/2/2025 6:00:00 PM,MIDATL,144.911
10/2/2025 9:00:00 PM,10/2/2025 5:00:00 PM,MIDATL,109.350
10/2/2025 8:00:00 PM,10/2/2025 4:00:00 PM,MIDATL,101.510
10/2/2025 7:00:00 PM,10/2/2025 3:00:00 PM,MIDATL,81.161
10/2/2025 6:00:00 PM,10/2/2025 2:00:00 PM,MIDATL,74.705
10/2/2025 5:00:00 PM,10/2/2025 1:00:00 PM,MIDATL,82.798
10/2/2025 4:00:00 PM,10/2/2025 12:00:00 PM,MIDATL,98.376
10/2/2025 3:00:00 PM,10/2/2025 11:00:00 AM,MIDATL,109.259
10/2/2025 2:00:00 PM,10/2/2025 10:00:00 AM,MIDATL,138.562
10/2/2025 1:00:00 PM,10/2/2025 9:00:00 AM,MIDATL,205.959
10/2/2025 12:00:00 PM,10/2/2025 8:00:00 AM,MIDATL,300.404
10/2/2025 11:00:00 AM,10/2/2025 7:00:00 AM,MIDATL,349.290
10/2/2025 10:00:00 AM,10/2/2025 6:00:00 AM,MIDATL,364.844
10/2/2025 9:00:00 AM,10/2/2025 5:00:00 AM,MIDATL,352.002
10/2/2025 8:00:00 AM,10/2/2025 4:00:00 AM,MIDATL,330.426
10/2/2025 7:00:00 AM,10/2/2025 3:00:00 AM,MIDATL,263.529
10/2/2025 6:00:00 AM,10/2/2025 2:00:00 AM,MIDATL,215.659
10/2/2025 5:00:00 AM,10/2/2025 1:00:00 AM,MIDATL,226.017
10/2/2025 4:00:00 AM,10/2/2025 12:00:00 AM,MIDATL,254.350
10/2/2025 3:00:00 AM,10/1/2025 11:00:00 PM,MIDATL,257.277
10/2/2025 2:00:00 AM,10/1/2025 10:00:00 PM,MIDATL,251.294
10/2/2025 1:00:00 AM,10/1/2025 9:00:00 PM,MIDATL,199.055
10/2/2025 12:00:00 AM,10/1/2025 8:00:00 PM,MIDATL,130.300
10/1/2025 11:00:00 PM,10/1/2025 7:00:00 PM,MIDATL,141.899
10/1/2025 10:00:00 PM,10/1/2025 6:00:00 PM,MIDATL,90.430
10/1/2025 9:00:00 PM,10/1/2025 5:00:00 PM,MIDATL,65.856
10/1/2025 8:00:00 PM,10/1/2025 4:00:00 PM,MIDATL,85.772
10/1/2025 7:00:00 PM,10/1/2025 3:00:00 PM,MIDATL,100.527
10/1/2025 6:00:00 PM,10/1/2025 2:00:00 PM,MIDATL,94.520
10/1/2025 5:00:00 PM,10/1/2025 1:00:00 PM,MIDATL,89.118
10/1/2025 4:00:00 PM,10/1/2025 12:00:00 PM,MIDATL,74.384
10/1/2025 3:00:00 PM,10/1/2025 11:00:00 AM,MIDATL,56.777
10/1/2025 2:00:00 PM,10/1/2025 10:00:00 AM,MIDATL,63.492
10/1/2025 1:00:00 PM,10/1/2025 9:00:00 AM,MIDATL,107.612
10/1/2025 12:00:00 PM,10/1/2025 8:00:00 AM,MIDATL,221.907
10/1/2025 11:00:00 AM,10/1/2025 7:00:00 AM,MIDATL,339.977
10/1/2025 10:00:00 AM,10/1/2025 6:00:00 AM,MIDATL,343.761
10/1/2025 9:00:00 AM,10/1/2025 5:00:00 AM,MIDATL,294.748
10/1/2025 8:00:00 AM,10/1/2025 4:00:00 AM,MIDATL,292.160
10/1/2025 7:00:00 AM,10/1/2025 3:00:00 AM,MIDATL,300.955
10/1/2025 6:00:00 AM,10/1/2025 2:00:00 AM,MIDATL,334.705
10/1/2025 5:00:00 AM,10/1/2025 1:00:00 AM,MIDATL,376.193
10/1/2025 4:00:00 AM,10/1/2025 12:00:00 AM,MIDATL,369.070
10/1/2025 3:00:00 AM,9/30/2025 11:00:00 PM,MIDATL,396.839
10/1/2025 2:00:00 AM,9/30/2025 10:00:00 PM,MIDATL,386.823
10/1/2025 1:00:00 AM,9/30/2025 9:00:00 PM,MIDATL,315.695
10/1/2025 12:00:00 AM,9/30/2025 8:00:00 PM,MIDATL,236.419
9/30/2025 11:00:00 PM,9/30/2025 7:00:00 PM,MIDATL,175.421
9/30/2025 10:00:00 PM,9/30/2025 6:00:00 PM,MIDATL,133.538
9/30/2025 9:00:00 PM,9/30/2025 5:00:00 PM,MIDATL,112.403
9/30/2025 8:00:00 PM,9/30/2025 4:00:00 PM,MIDATL,120.562
9/30/2025 7:00:00 PM,9/30/2025 3:00:00 PM,MIDATL,103.215
9/30/2025 6:00:00 PM,9/30/2025 2:00:00 PM,MIDATL,77.482
9/30/2025 5:00:00 PM,9/30/2025 1:00:00 PM,MIDATL,60.719
9/30/2025 4:00:00 PM,9/30/2025 12:00:00 PM,MIDATL,48.235
9/30/2025 3:00:00 PM,9/30/2025 11:00:00 AM,MIDATL,39.750
9/30/2025 2:00:00 PM,9/30/2025 10:00:00 AM,MIDATL,80.983
9/30/2025 1:00:00 PM,9/30/2025 9:00:00 AM,MIDATL,120.839
9/30/2025 12:00:00 PM,9/30/2025 8:00:00 AM,MIDATL,100.373
9/30/2025 11:00:00 AM,9/30/2025 7:00:00 AM,MIDATL,60.049
9/30/2025 10:00:00 AM,9/30/2025 6:00:00 AM,MIDATL,56.434
9/30/2025 9:00:00 AM,9/30/2025 5:00:00 AM,MIDATL,41.065
9/30/2025 8:00:00 AM,9/30/2025 4:00:00 AM,MIDATL,22.123
9/30/2025 7:00:00 AM,9/30/2025 3:00:00 AM,MIDATL,11.135
9/30/2025 6:00:00 AM,9/30/2025 2:00:00 AM,MIDATL,10.063
9/30/2025 5:00:00 AM,9/30/2025 1:00:00 AM,MIDATL,3.559
9/30/2025 4:00:00 AM,9/30/2025 12:00:00 AM,MIDATL,-3.807
9/30/2025 3:00:00 AM,9/29/2025 11:00:00 PM,MIDATL,-4.175
9/30/2025 2:00:00 AM,9/29/2025 10:00:00 PM,MIDATL,-2.428
9/30/2025 1:00:00 AM,9/29/2025 9:00:00 PM,MIDATL,5.122
9/30/2025 12:00:00 AM,9/29/2025 8:00:00 PM,MIDATL,8.828
9/29/2025 11:00:00 PM,9/29/2025 7:00:00 PM,MIDATL,6.741
9/29/2025 10:00:00 PM,9/29/2025 6:00:00 PM,MIDATL,5.134
9/29/2025 9:00:00 PM,9/29/2025 5:00:00 PM,MIDATL,-1.154
9/29/2025 8:00:00 PM,9/29/2025 4:00:00 PM,MIDATL,-2.408
9/29/2025 7:00:00 PM,9/29/2025 3:00:00 PM,MIDATL,-3.800
9/29/2025 6:00:00 PM,9/29/2025 2:00:00 PM,MIDATL,-1.266
9/29/2025 5:00:00 PM,9/29/2025 1:00:00 PM,MIDATL,1.134
9/29/2025 4:00:00 PM,9/29/2025 12:00:00 PM,MIDATL,1.613
9/29/2025 3:00:00 PM,9/29/2025 11:00:00 AM,MIDATL,15.876
9/29/2025 2:00:00 PM,9/29/2025 10:00:00 AM,MIDATL,29.816
9/29/2025 1:00:00 PM,9/29/2025 9:00:00 AM,MIDATL,52.130
9/29/2025 12:00:00 PM,9/29/2025 8:00:00 AM,MIDATL,85.485
9/29/2025 11:00:00 AM,9/29/2025 7:00:00 AM,MIDATL,109.797
9/29/2025 10:00:00 AM,9/29/2025 6:00:00 AM,MIDATL,115.370
9/29/2025 9:00:00 AM,9/29/2025 5:00:00 AM,MIDATL,107.533
9/29/2025 8:00:00 AM,9/29/2025 4:00:00 AM,MIDATL,99.274
9/29/2025 7:00:00 AM,9/29/2025 3:00:00 AM,MIDATL,86.068
9/29/2025 6:00:00 AM,9/29/2025 2:00:00 AM,MIDATL,71.852
9/29/2025 5:00:00 AM,9/29/2025 1:00:00 AM,MIDATL,79.560
9/29/2025 4:00:00 AM,9/29/2025 12:00:00 AM,MIDATL,89.989
9/29/2025 3:00:00 AM,9/28/2025 11:00:00 PM,MIDATL,112.472
9/29/2025 2:00:00 AM,9/28/2025 10:00:00 PM,MIDATL,94.267
9/29/2025 1:00:00 AM,9/28/2025 9:00:00 PM,MIDATL,84.505
9/29/2025 12:00:00 AM,9/28/2025 8:00:00 PM,MIDATL,77.698
9/28/2025 11:00:00 PM,9/28/2025 7:00:00 PM,MIDATL,82.505
9/28/2025 10:00:00 PM,9/28/2025 6:00:00 PM,MIDATL,64.677
9/28/2025 9:00:00 PM,9/28/2025 5:00:00 PM,MIDATL,100.929
9/28/2025 8:00:00 PM,9/28/2025 4:00:00 PM,MIDATL,113.057
9/28/2025 7:00:00 PM,9/28/2025 3:00:00 PM,MIDATL,88.463
9/28/2025 6:00:00 PM,9/28/2025 2:00:00 PM,MIDATL,76.556
9/28/2025 5:00:00 PM,9/28/2025 1:00:00 PM,MIDATL,41.998
9/28/2025 4:00:00 PM,9/28/2025 12:00:00 PM,MIDATL,46.156
9/28/2025 3:00:00 PM,9/28/2025 11:00:00 AM,MIDATL,46.680
9/28/2025 2:00:00 PM,9/28/2025 10:00:00 AM,MIDATL,48.666
9/28/2025 1:00:00 PM,9/28/2025 9:00:00 AM,MIDATL,79.320
9/28/2025 12:00:00 PM,9/28/2025 8:00:00 AM,MIDATL,169.874
9/28/2025 11:00:00 AM,9/28/2025 7:00:00 AM,MIDATL,143.246
9/28/2025 10:00:00 AM,9/28/2025 6:00:00 AM,MIDATL,116.953
9/28/2025 9:00:00 AM,9/28/2025 5:00:00 AM,MIDATL,121.485
9/28/2025 8:00:00 AM,9/28/2025 4:00:00 AM,MIDATL,151.983
9/28/2025 7:00:00 AM,9/28/2025 3:00:00 AM,MIDATL,164.487
9/28/2025 6:00:00 AM,9/28/2025 2:00:00 AM,MIDATL,173.975
9/28/2025 5:00:00 AM,9/28/2025 1:00:00 AM,MIDATL,132.435
9/28/2025 4:00:00 AM,9/28/2025 12:00:00 AM,MIDATL,124.746
9/28/2025 3:00:00 AM,9/27/2025 11:00:00 PM,MIDATL,94.360
9/28/2025 2:00:00 AM,9/27/2025 10:00:00 PM,MIDATL,98.251
9/28/2025 1:00:00 AM,9/27/2025 9:00:00 PM,MIDATL,94.262
9/28/2025 12:00:00 AM,9/27/2025 8:00:00 PM,MIDATL,93.137
9/27/2025 11:00:00 PM,9/27/2025 7:00:00 PM,MIDATL,89.978
9/27/2025 10:00:00 PM,9/27/2025 6:00:00 PM,MIDATL,117.306
9/27/2025 9:00:00 PM,9/27/2025 5:00:00 PM,MIDATL,76.839
9/27/2025 8:00:00 PM,9/27/2025 4:00:00 PM,MIDATL,79.007
9/27/2025 7:00:00 PM,9/27/2025 3:00:00 PM,MIDATL,59.454
9/27/2025 6:00:00 PM,9/27/2025 2:00:00 PM,MIDATL,68.051
9/27/2025 5:00:00 PM,9/27/2025 1:00:00 PM,MIDATL,53.757
9/27/2025 4:00:00 PM,9/27/2025 12:00:00 PM,MIDATL,49.223
9/27/2025 3:00:00 PM,9/27/2025 11:00:00 AM,MIDATL,31.497
9/27/2025 2:00:00 PM,9/27/2025 10:00:00 AM,MIDATL,41.405
9/27/2025 1:00:00 PM,9/27/2025 9:00:00 AM,MIDATL,30.165
9/27/2025 12:00:00 PM,9/27/2025 8:00:00 AM,MIDATL,22.044
9/27/2025 11:00:00 AM,9/27/2025 7:00:00 AM,MIDATL,33.088
9/27/2025 10:00:00 AM,9/27/2025 6:00:00 AM,MIDATL,30.378
9/27/2025 9:00:00 AM,9/27/2025 5:00:00 AM,MIDATL,25.375
9/27/2025 8:00:00 AM,9/27/2025 4:00:00 AM,MIDATL,6.464
9/27/2025 7:00:00 AM,9/27/2025 3:00:00 AM,MIDATL,-3.065
9/27/2025 6:00:00 AM,9/27/2025 2:00:00 AM,MIDATL,-4.805
9/27/2025 5:00:00 AM,9/27/2025 1:00:00 AM,MIDATL,-3.832
9/27/2025 4:00:00 AM,9/27/2025 12:00:00 AM,MIDATL,-2.157
9/27/2025 3:00:00 AM,9/26/2025 11:00:00 PM,MIDATL,0.040
9/27/2025 2:00:00 AM,9/26/2025 10:00:00 PM,MIDATL,9.839
9/27/2025 1:00:00 AM,9/26/2025 9:00:00 PM,MIDATL,42.812
9/27/2025 12:00:00 AM,9/26/2025 8:00:00 PM,MIDATL,61.990
9/26/2025 11:00:00 PM,9/26/2025 7:00:00 PM,MIDATL,43.801
9/26/2025 10:00:00 PM,9/26/2025 6:00:00 PM,MIDATL,41.287
9/26/2025 9:00:00 PM,9/26/2025 5:00:00 PM,MIDATL,56.598
9/26/2025 8:00:00 PM,9/26/2025 4:00:00 PM,MIDATL,61.406
9/26/2025 7:00:00 PM,9/26/2025 3:00:00 PM,MIDATL,65.591
9/26/2025 6:00:00 PM,9/26/2025 2:00:00 PM,MIDATL,58.498
9/26/2025 5:00:00 PM,9/26/2025 1:00:00 PM,MIDATL,43.670
9/26/2025 4:00:00 PM,9/26/2025 12:00:00 PM,MIDATL,38.623
9/26/2025 3:00:00 PM,9/26/2025 11:00:00 AM,MIDATL,48.214
9/26/2025 2:00:00 PM,9/26/2025 10:00:00 AM,MIDATL,59.778
9/26/2025 1:00:00 PM,9/26/2025 9:00:00 AM,MIDATL,55.518
9/26/2025 12:00:00 PM,9/26/2025 8:00:00 AM,MIDATL,75.896
9/26/2025 11:00:00 AM,9/26/2025 7:00:00 AM,MIDATL,119.659
9/26/2025 10:00:00 AM,9/26/2025 6:00:00 AM,MIDATL,126.980
9/26/2025 9:00:00 AM,9/26/2025 5:00:00 AM,MIDATL,165.293
9/26/2025 8:00:00 AM,9/26/2025 4:00:00 AM,MIDATL,194.280
9/26/2025 7:00:00 AM,9/26/2025 3:00:00 AM,MIDATL,191.486
9/26/2025 6:00:00 AM,9/26/2025 2:00:00 AM,MIDATL,197.897
9/26/2025 5:00:00 AM,9/26/2025 1:00:00 AM,MIDATL,174.534
9/26/2025 4:00:00 AM,9/26/2025 12:00:00 AM,MIDATL,174.002
9/26/2025 3:00:00 AM,9/25/2025 11:00:00 PM,MIDATL,174.068
9/26/2025 2:00:00 AM,9/25/2025 10:00:00 PM,MIDATL,145.116
9/26/2025 1:00:00 AM,9/25/2025 9:00:00 PM,MIDATL,119.799
9/26/2025 12:00:00 AM,9/25/2025 8:00:00 PM,MIDATL,124.490
9/25/2025 11:00:00 PM,9/25/2025 7:00:00 PM,MIDATL,154.645
9/25/2025 10:00:00 PM,9/25/2025 6:00:00 PM,MIDATL,156.159
9/25/2025 9:00:00 PM,9/25/2025 5:00:00 PM,MIDATL,169.017
9/25/2025 8:00:00 PM,9/25/2025 4:00:00 PM,MIDATL,226.947
9/25/2025 7:00:00 PM,9/25/2025 3:00:00 PM,MIDATL,225.323
9/25/2025 6:00:00 PM,9/25/2025 2:00:00 PM,MIDATL,231.114
9/25/2025 5:00:00 PM,9/25/2025 1:00:00 PM,MIDATL,161.346
9/25/2025 4:00:00 PM,9/25/2025 12:00:00 PM,MIDATL,118.678
9/25/2025 3:00:00 PM,9/25/2025 11:00:00 AM,MIDATL,100.444
9/25/2025 2:00:00 PM,9/25/2025 10:00:00 AM,MIDATL,81.962
9/25/2025 1:00:00 PM,9/25/2025 9:00:00 AM,MIDATL,71.113
9/25/2025 12:00:00 PM,9/25/2025 8:00:00 AM,MIDATL,61.187
9/25/2025 11:00:00 AM,9/25/2025 7:00:00 AM,MIDATL,50.311
9/25/2025 10:00:00 AM,9/25/2025 6:00:00 AM,MIDATL,81.522
9/25/2025 9:00:00 AM,9/25/2025 5:00:00 AM,MIDATL,116.982
9/25/2025 8:00:00 AM,9/25/2025 4:00:00 AM,MIDATL,113.284
9/25/2025 7:00:00 AM,9/25/2025 3:00:00 AM,MIDATL,139.776
9/25/2025 6:00:00 AM,9/25/2025 2:00:00 AM,MIDATL,136.287
9/25/2025 5:00:00 AM,9/25/2025 1:00:00 AM,MIDATL,148.781
9/25/2025 4:00:00 AM,9/25/2025 12:00:00 AM,MIDATL,161.315
9/25/2025 3:00:00 AM,9/24/2025 11:00:00 PM,MIDATL,154.985
9/25/2025 2:00:00 AM,9/24/2025 10:00:00 PM,MIDATL,178.570
9/25/2025 1:00:00 AM,9/24/2025 9:00:00 PM,MIDATL,156.775
9/25/2025 12:00:00 AM,9/24/2025 8:00:00 PM,MIDATL,152.809
9/24/2025 11:00:00 PM,9/24/2025 7:00:00 PM,MIDATL,129.365
9/24/2025 10:00:00 PM,9/24/2025 6:00:00 PM,MIDATL,102.214
9/24/2025 9:00:00 PM,9/24/2025 5:00:00 PM,MIDATL,123.774
9/24/2025 8:00:00 PM,9/24/2025 4:00:00 PM,MIDATL,169.152
9/24/2025 7:00:00 PM,9/24/2025 3:00:00 PM,MIDATL,123.831
9/24/2025 6:00:00 PM,9/24/2025 2:00:00 PM,MIDATL,106.480
9/24/2025 5:00:00 PM,9/24/2025 1:00:00 PM,MIDATL,72.745
9/24/2025 4:00:00 PM,9/24/2025 12:00:00 PM,MIDATL,38.472
9/24/2025 3:00:00 PM,9/24/2025 11:00:00 AM,MIDATL,18.388
9/24/2025 2:00:00 PM,9/24/2025 10:00:00 AM,MIDATL,7.026
9/24/2025 1:00:00 PM,9/24/2025 9:00:00 AM,MIDATL,6.219
9/24/2025 12:00:00 PM,9/24/2025 8:00:00 AM,MIDATL,4.220
9/24/2025 11:00:00 AM,9/24/2025 7:00:00 AM,MIDATL,1.249
9/24/2025 10:00:00 AM,9/24/2025 6:00:00 AM,MIDATL,-2.335
9/24/2025 9:00:00 AM,9/24/2025 5:00:00 AM,MIDATL,5.485
9/24/2025 8:00:00 AM,9/24/2025 4:00:00 AM,MIDATL,22.886
9/24/2025 7:00:00 AM,9/24/2025 3:00:00 AM,MIDATL,47.186
9/24/2025 6:00:00 AM,9/24/2025 2:00:00 AM,MIDATL,73.017
9/24/2025 5:00:00 AM,9/24/2025 1:00:00 AM,MIDATL,103.932
9/24/2025 4:00:00 AM,9/24/2025 12:00:00 AM,MIDATL,95.841
9/24/2025 3:00:00 AM,9/23/2025 11:00:00 PM,MIDATL,97.552
9/24/2025 2:00:00 AM,9/23/2025 10:00:00 PM,MIDATL,111.894
9/24/2025 1:00:00 AM,9/23/2025 9:00:00 PM,MIDATL,99.460
9/24/2025 12:00:00 AM,9/23/2025 8:00:00 PM,MIDATL,121.805
9/23/2025 11:00:00 PM,9/23/2025 7:00:00 PM,MIDATL,67.216
9/23/2025 10:00:00 PM,9/23/2025 6:00:00 PM,MIDATL,53.203
9/23/2025 9:00:00 PM,9/23/2025 5:00:00 PM,MIDATL,68.437
9/23/2025 8:00:00 PM,9/23/2025 4:00:00 PM,MIDATL,73.186
9/23/2025 7:00:00 PM,9/23/2025 3:00:00 PM,MIDATL,64.384
9/23/2025 6:00:00 PM,9/23/2025 2:00:00 PM,MIDATL,75.139
9/23/2025 5:00:00 PM,9/23/2025 1:00:00 PM,MIDATL,93.744
9/23/2025 4:00:00 PM,9/23/2025 12:00:00 PM,MIDATL,98.875
9/23/2025 3:00:00 PM,9/23/2025 11:00:00 AM,MIDATL,99.731
9/23/2025 2:00:00 PM,9/23/2025 10:00:00 AM,MIDATL,147.763
9/23/2025 1:00:00 PM,9/23/2025 9:00:00 AM,MIDATL,197.807
9/23/2025 12:00:00 PM,9/23/2025 8:00:00 AM,MIDATL,255.604
9/23/2025 11:00:00 AM,9/23/2025 7:00:00 AM,MIDATL,320.506
9/23/2025 10:00:00 AM,9/23/2025 6:00:00 AM,MIDATL,318.371
9/23/2025 9:00:00 AM,9/23/2025 5:00:00 AM,MIDATL,296.289
9/23/2025 8:00:00 AM,9/23/2025 4:00:00 AM,MIDATL,272.291
9/23/2025 7:00:00 AM,9/23/2025 3:00:00 AM,MIDATL,290.168
9/23/2025 6:00:00 AM,9/23/2025 2:00:00 AM,MIDATL,254.766
9/23/2025 5:00:00 AM,9/23/2025 1:00:00 AM,MIDATL,269.295
9/23/2025 4:00:00 AM,9/23/2025 12:00:00 AM,MIDATL,272.602
9/23/2025 3:00:00 AM,9/22/2025 11:00:00 PM,MIDATL,217.847
9/23/2025 2:00:00 AM,9/22/2025 10:00:00 PM,MIDATL,172.970
9/23/2025 1:00:00 AM,9/22/2025 9:00:00 PM,MIDATL,157.030
9/23/2025 12:00:00 AM,9/22/2025 8:00:00 PM,MIDATL,208.474
9/22/2025 11:00:00 PM,9/22/2025 7:00:00 PM,MIDATL,180.849
9/22/2025 10:00:00 PM,9/22/2025 6:00:00 PM,MIDATL,169.816
9/22/2025 9:00:00 PM,9/22/2025 5:00:00 PM,MIDATL,155.190
9/22/2025 8:00:00 PM,9/22/2025 4:00:00 PM,MIDATL,160.953
9/22/2025 7:00:00 PM,9/22/2025 3:00:00 PM,MIDATL,158.756
9/22/2025 6:00:00 PM,9/22/2025 2:00:00 PM,MIDATL,134.999
9/22/2025 5:00:00 PM,9/22/2025 1:00:00 PM,MIDATL,144.930
9/22/2025 4:00:00 PM,9/22/2025 12:00:00 PM,MIDATL,115.063
9/22/2025 3:00:00 PM,9/22/2025 11:00:00 AM,MIDATL,133.538
9/22/2025 2:00:00 PM,9/22/2025 10:00:00 AM,MIDATL,153.166
9/22/2025 1:00:00 PM,9/22/2025 9:00:00 AM,MIDATL,142.381
9/22/2025 12:00:00 PM,9/22/2025 8:00:00 AM,MIDATL,198.490
9/22/2025 11:00:00 AM,9/22/2025 7:00:00 AM,MIDATL,200.725
9/22/2025 10:00:00 AM,9/22/2025 6:00:00 AM,MIDATL,179.809
9/22/2025 9:00:00 AM,9/22/2025 5:00:00 AM,MIDATL,233.220
9/22/2025 8:00:00 AM,9/22/2025 4:00:00 AM,MIDATL,298.714
9/22/2025 7:00:00 AM,9/22/2025 3:00:00 AM,MIDATL,345.629
9/22/2025 6:00:00 AM,9/22/2025 2:00:00 AM,MIDATL,396.616
9/22/2025 5:00:00 AM,9/22/2025 1:00:00 AM,MIDATL,437.506
9/22/2025 4:00:00 AM,9/22/2025 12:00:00 AM,MIDATL,442.249
9/22/2025 3:00:00 AM,9/21/2025 11:00:00 PM,MIDATL,441.362
9/22/2025 2:00:00 AM,9/21/2025 10:00:00 PM,MIDATL,471.676
9/22/2025 1:00:00 AM,9/21/2025 9:00:00 PM,MIDATL,539.158
9/22/2025 12:00:00 AM,9/21/2025 8:00:00 PM,MIDATL,493.152
9/21/2025 11:00:00 PM,9/21/2025 7:00:00 PM,MIDATL,418.707
9/21/2025 10:00:00 PM,9/21/2025 6:00:00 PM,MIDATL,352.242
9/21/2025 9:00:00 PM,9/21/2025 5:00:00 PM,MIDATL,291.633
9/21/2025 8:00:00 PM,9/21/2025 4:00:00 PM,MIDATL,244.560
9/21/2025 7:00:00 PM,9/21/2025 3:00:00 PM,MIDATL,193.460
9/21/2025 6:00:00 PM,9/21/2025 2:00:00 PM,MIDATL,186.576
9/21/2025 5:00:00 PM,9/21/2025 1:00:00 PM,MIDATL,219.966
9/21/2025 4:00:00 PM,9/21/2025 12:00:00 PM,MIDATL,239.098
9/21/2025 3:00:00 PM,9/21/2025 11:00:00 AM,MIDATL,278.421
9/21/2025 2:00:00 PM,9/21/2025 10:00:00 AM,MIDATL,311.093
9/21/2025 1:00:00 PM,9/21/2025 9:00:00 AM,MIDATL,372.253
9/21/2025 12:00:00 PM,9/21/2025 8:00:00 AM,MIDATL,390.362
9/21/2025 11:00:00 AM,9/21/2025 7:00:00 AM,MIDATL,351.746
9/21/2025 10:00:00 AM,9/21/2025 6:00:00 AM,MIDATL,342.925
9/21/2025 9:00:00 AM,9/21/2025 5:00:00 AM,MIDATL,377.405
9/21/2025 8:00:00 AM,9/21/2025 4:00:00 AM,MIDATL,421.803
9/21/2025 7:00:00 AM,9/21/2025 3:00:00 AM,MIDATL,466.190
9/21/2025 6:00:00 AM,9/21/2025 2:00:00 AM,MIDATL,507.485
9/21/2025 5:00:00 AM,9/21/2025 1:00:00 AM,MIDATL,506.735
9/21/2025 4:00:00 AM,9/21/2025 12:00:00 AM,MIDATL,466.349
9/21/2025 3:00:00 AM,9/20/2025 11:00:00 PM,MIDATL,419.172
9/21/2025 2:00:00 AM,9/20/2025 10:00:00 PM,MIDATL,388.163
9/21/2025 1:00:00 AM,9/20/2025 9:00:00 PM,MIDATL,320.370
9/21/2025 12:00:00 AM,9/20/2025 8:00:00 PM,MIDATL,282.170
9/20/2025 11:00:00 PM,9/20/2025 7:00:00 PM,MIDATL,226.764
9/20/2025 10:00:00 PM,9/20/2025 6:00:00 PM,MIDATL,143.717
9/20/2025 9:00:00 PM,9/20/2025 5:00:00 PM,MIDATL,90.188
9/20/2025 8:00:00 PM,9/20/2025 4:00:00 PM,MIDATL,49.699
9/20/2025 7:00:00 PM,9/20/2025 3:00:00 PM,MIDATL,28.500
9/20/2025 6:00:00 PM,9/20/2025 2:00:00 PM,MIDATL,21.937
9/20/2025 5:00:00 PM,9/20/2025 1:00:00 PM,MIDATL,18.556
9/20/2025 4:00:00 PM,9/20/2025 12:00:00 PM,MIDATL,24.174
9/20/2025 3:00:00 PM,9/20/2025 11:00:00 AM,MIDATL,58.089
9/20/2025 2:00:00 PM,9/20/2025 10:00:00 AM,MIDATL,95.217
9/20/2025 1:00:00 PM,9/20/2025 9:00:00 AM,MIDATL,147.142
9/20/2025 12:00:00 PM,9/20/2025 8:00:00 AM,MIDATL,238.265
9/20/2025 11:00:00 AM,9/20/2025 7:00:00 AM,MIDATL,280.570
9/20/2025 10:00:00 AM,9/20/2025 6:00:00 AM,MIDATL,294.184
9/20/2025 9:00:00 AM,9/20/2025 5:00:00 AM,MIDATL,287.054
9/20/2025 8:00:00 AM,9/20/2025 4:00:00 AM,MIDATL,272.792
9/20/2025 7:00:00 AM,9/20/2025 3:00:00 AM,MIDATL,292.332
9/20/2025 6:00:00 AM,9/20/2025 2:00:00 AM,MIDATL,325.822
9/20/2025 5:00:00 AM,9/20/2025 1:00:00 AM,MIDATL,311.216
9/20/2025 4:00:00 AM,9/20/2025 12:00:00 AM,MIDATL,261.840
9/20/2025 3:00:00 AM,9/19/2025 11:00:00 PM,MIDATL,190.340
9/20/2025 2:00:00 AM,9/19/2025 10:00:00 PM,MIDATL,155.169
9/20/2025 1:00:00 AM,9/19/2025 9:00:00 PM,MIDATL,155.499
9/20/2025 12:00:00 AM,9/19/2025 8:00:00 PM,MIDATL,161.548
9/19/2025 11:00:00 PM,9/19/2025 7:00:00 PM,MIDATL,129.380
9/19/2025 10:00:00 PM,9/19/2025 6:00:00 PM,MIDATL,101.799
9/19/2025 9:00:00 PM,9/19/2025 5:00:00 PM,MIDATL,101.132
9/19/2025 8:00:00 PM,9/19/2025 4:00:00 PM,MIDATL,129.452
9/19/2025 7:00:00 PM,9/19/2025 3:00:00 PM,MIDATL,136.359
9/19/2025 6:00:00 PM,9/19/2025 2:00:00 PM,MIDATL,138.813
9/19/2025 5:00:00 PM,9/19/2025 1:00:00 PM,MIDATL,146.490
9/19/2025 4:00:00 PM,9/19/2025 12:00:00 PM,MIDATL,141.161
9/19/2025 3:00:00 PM,9/19/2025 11:00:00 AM,MIDATL,98.348
9/19/2025 2:00:00 PM,9/19/2025 10:00:00 AM,MIDATL,105.660
9/19/2025 1:00:00 PM,9/19/2025 9:00:00 AM,MIDATL,99.218
9/19/2025 12:00:00 PM,9/19/2025 8:00:00 AM,MIDATL,103.397
9/19/2025 11:00:00 AM,9/19/2025 7:00:00 AM,MIDATL,89.558
9/19/2025 10:00:00 AM,9/19/2025 6:00:00 AM,MIDATL,99.144
9/19/2025 9:00:00 AM,9/19/2025 5:00:00 AM,MIDATL,77.801
9/19/2025 8:00:00 AM,9/19/2025 4:00:00 AM,MIDATL,82.621
9/19/2025 7:00:00 AM,9/19/2025 3:00:00 AM,MIDATL,101.641
9/19/2025 6:00:00 AM,9/19/2025 2:00:00 AM,MIDATL,101.529
9/19/2025 5:00:00 AM,9/19/2025 1:00:00 AM,MIDATL,113.954
9/19/2025 4:00:00 AM,9/19/2025 12:00:00 AM,MIDATL,133.211
9/19/2025 3:00:00 AM,9/18/2025 11:00:00 PM,MIDATL,126.298
9/19/2025 2:00:00 AM,9/18/2025 10:00:00 PM,MIDATL,130.101
9/19/2025 1:00:00 AM,9/18/2025 9:00:00 PM,MIDATL,137.935
9/19/2025 12:00:00 AM,9/18/2025 8:00:00 PM,MIDATL,145.672
9/18/2025 11:00:00 PM,9/18/2025 7:00:00 PM,MIDATL,119.076
9/18/2025 10:00:00 PM,9/18/2025 6:00:00 PM,MIDATL,123.642
9/18/2025 9:00:00 PM,9/18/2025 5:00:00 PM,MIDATL,174.204
9/18/2025 8:00:00 PM,9/18/2025 4:00:00 PM,MIDATL,154.814
9/18/2025 7:00:00 PM,9/18/2025 3:00:00 PM,MIDATL,129.795
9/18/2025 6:00:00 PM,9/18/2025 2:00:00 PM,MIDATL,107.112
9/18/2025 5:00:00 PM,9/18/2025 1:00:00 PM,MIDATL,84.127
9/18/2025 4:00:00 PM,9/18/2025 12:00:00 PM,MIDATL,90.171
9/18/2025 3:00:00 PM,9/18/2025 11:00:00 AM,MIDATL,53.754
9/18/2025 2:00:00 PM,9/18/2025 10:00:00 AM,MIDATL,11.725
9/18/2025 1:00:00 PM,9/18/2025 9:00:00 AM,MIDATL,11.270
9/18/2025 12:00:00 PM,9/18/2025 8:00:00 AM,MIDATL,45.026
9/18/2025 11:00:00 AM,9/18/2025 7:00:00 AM,MIDATL,56.927
9/18/2025 10:00:00 AM,9/18/2025 6:00:00 AM,MIDATL,41.121
9/18/2025 9:00:00 AM,9/18/2025 5:00:00 AM,MIDATL,59.199
9/18/2025 8:00:00 AM,9/18/2025 4:00:00 AM,MIDATL,64.724
9/18/2025 7:00:00 AM,9/18/2025 3:00:00 AM,MIDATL,51.900
9/18/2025 6:00:00 AM,9/18/2025 2:00:00 AM,MIDATL,31.855
9/18/2025 5:00:00 AM,9/18/2025 1:00:00 AM,MIDATL,31.539
9/18/2025 4:00:00 AM,9/18/2025 12:00:00 AM,MIDATL,48.550
9/18/2025 3:00:00 AM,9/17/2025 11:00:00 PM,MIDATL,64.288
9/18/2025 2:00:00 AM,9/17/2025 10:00:00 PM,MIDATL,59.920
9/18/2025 1:00:00 AM,9/17/2025 9:00:00 PM,MIDATL,38.092
9/18/2025 12:00:00 AM,9/17/2025 8:00:00 PM,MIDATL,30.822
9/17/2025 11:00:00 PM,9/17/2025 7:00:00 PM,MIDATL,27.481
9/17/2025 10:00:00 PM,9/17/2025 6:00:00 PM,MIDATL,9.066
9/17/2025 9:00:00 PM,9/17/2025 5:00:00 PM,MIDATL,-1.749
9/17/2025 8:00:00 PM,9/17/2025 4:00:00 PM,MIDATL,0.889
9/17/2025 7:00:00 PM,9/17/2025 3:00:00 PM,MIDATL,3.209
9/17/2025 6:00:00 PM,9/17/2025 2:00:00 PM,MIDATL,5.656
9/17/2025 5:00:00 PM,9/17/2025 1:00:00 PM,MIDATL,5.295
9/17/2025 4:00:00 PM,9/17/2025 12:00:00 PM,MIDATL,6.112
9/17/2025 3:00:00 PM,9/17/2025 11:00:00 AM,MIDATL,5.934
9/17/2025 2:00:00 PM,9/17/2025 10:00:00 AM,MIDATL,4.041
9/17/2025 1:00:00 PM,9/17/2025 9:00:00 AM,MIDATL,16.647
9/17/2025 12:00:00 PM,9/17/2025 8:00:00 AM,MIDATL,60.322
9/17/2025 11:00:00 AM,9/17/2025 7:00:00 AM,MIDATL,94.890
9/17/2025 10:00:00 AM,9/17/2025 6:00:00 AM,MIDATL,97.221
9/17/2025 9:00:00 AM,9/17/2025 5:00:00 AM,MIDATL,83.727
9/17/2025 8:00:00 AM,9/17/2025 4:00:00 AM,MIDATL,80.135
9/17/2025 7:00:00 AM,9/17/2025 3:00:00 AM,MIDATL,95.009
9/17/2025 6:00:00 AM,9/17/2025 2:00:00 AM,MIDATL,97.216
9/17/2025 5:00:00 AM,9/17/2025 1:00:00 AM,MIDATL,127.666
9/17/2025 4:00:00 AM,9/17/2025 12:00:00 AM,MIDATL,191.116
9/17/2025 3:00:00 AM,9/16/2025 11:00:00 PM,MIDATL,193.669
9/17/2025 2:00:00 AM,9/16/2025 10:00:00 PM,MIDATL,191.395
9/17/2025 1:00:00 AM,9/16/2025 9:00:00 PM,MIDATL,155.746
9/17/2025 12:00:00 AM,9/16/2025 8:00:00 PM,MIDATL,111.315
9/16/2025 11:00:00 PM,9/16/2025 7:00:00 PM,MIDATL,83.381
9/16/2025 10:00:00 PM,9/16/2025 6:00:00 PM,MIDATL,72.924
9/16/2025 9:00:00 PM,9/16/2025 5:00:00 PM,MIDATL,75.126
9/16/2025 8:00:00 PM,9/16/2025 4:00:00 PM,MIDATL,78.674
9/16/2025 7:00:00 PM,9/16/2025 3:00:00 PM,MIDATL,61.385
9/16/2025 6:00:00 PM,9/16/2025 2:00:00 PM,MIDATL,61.706
9/16/2025 5:00:00 PM,9/16/2025 1:00:00 PM,MIDATL,66.952
9/16/2025 4:00:00 PM,9/16/2025 12:00:00 PM,MIDATL,47.113
9/16/2025 3:00:00 PM,9/16/2025 11:00:00 AM,MIDATL,15.574
9/16/2025 2:00:00 PM,9/16/2025 10:00:00 AM,MIDATL,6.380
9/16/2025 1:00:00 PM,9/16/2025 9:00:00 AM,MIDATL,6.355
9/16/2025 12:00:00 PM,9/16/2025 8:00:00 AM,MIDATL,12.210
9/16/2025 11:00:00 AM,9/16/2025 7:00:00 AM,MIDATL,15.018
9/16/2025 10:00:00 AM,9/16/2025 6:00:00 AM,MIDATL,14.562
9/16/2025 9:00:00 AM,9/16/2025 5:00:00 AM,MIDATL,25.447
9/16/2025 8:00:00 AM,9/16/2025 4:00:00 AM,MIDATL,33.000
9/16/2025 7:00:00 AM,9/16/2025 3:00:00 AM,MIDATL,64.318
9/16/2025 6:00:00 AM,9/16/2025 2:00:00 AM,MIDATL,102.887
9/16/2025 5:00:00 AM,9/16/2025 1:00:00 AM,MIDATL,124.706
9/16/2025 4:00:00 AM,9/16/2025 12:00:00 AM,MIDATL,175.918
9/16/2025 3:00:00 AM,9/15/2025 11:00:00 PM,MIDATL,213.303
9/16/2025 2:00:00 AM,9/15/2025 10:00:00 PM,MIDATL,209.632
9/16/2025 1:00:00 AM,9/15/2025 9:00:00 PM,MIDATL,189.138
9/16/2025 12:00:00 AM,9/15/2025 8:00:00 PM,MIDATL,120.788
9/15/2025 11:00:00 PM,9/15/2025 7:00:00 PM,MIDATL,44.487
9/15/2025 10:00:00 PM,9/15/2025 6:00:00 PM,MIDATL,35.023
9/15/2025 9:00:00 PM,9/15/2025 5:00:00 PM,MIDATL,23.628
9/15/2025 8:00:00 PM,9/15/2025 4:00:00 PM,MIDATL,25.240
9/15/2025 7:00:00 PM,9/15/2025 3:00:00 PM,MIDATL,18.023
9/15/2025 6:00:00 PM,9/15/2025 2:00:00 PM,MIDATL,14.751
9/15/2025 5:00:00 PM,9/15/2025 1:00:00 PM,MIDATL,18.109
9/15/2025 4:00:00 PM,9/15/2025 12:00:00 PM,MIDATL,14.310
9/15/2025 3:00:00 PM,9/15/2025 11:00:00 AM,MIDATL,11.781
9/15/2025 2:00:00 PM,9/15/2025 10:00:00 AM,MIDATL,7.556
9/15/2025 1:00:00 PM,9/15/2025 9:00:00 AM,MIDATL,8.854
9/15/2025 12:00:00 PM,9/15/2025 8:00:00 AM,MIDATL,32.098
9/15/2025 11:00:00 AM,9/15/2025 7:00:00 AM,MIDATL,72.727
9/15/2025 10:00:00 AM,9/15/2025 6:00:00 AM,MIDATL,115.936
9/15/2025 9:00:00 AM,9/15/2025 5:00:00 AM,MIDATL,145.935
9/15/2025 8:00:00 AM,9/15/2025 4:00:00 AM,MIDATL,170.828
9/15/2025 7:00:00 AM,9/15/2025 3:00:00 AM,MIDATL,182.272
9/15/2025 6:00:00 AM,9/15/2025 2:00:00 AM,MIDATL,189.473
9/15/2025 5:00:00 AM,9/15/2025 1:00:00 AM,MIDATL,191.715
9/15/2025 4:00:00 AM,9/15/2025 12:00:00 AM,MIDATL,167.267
9/15/2025 3:00:00 AM,9/14/2025 11:00:00 PM,MIDATL,128.183
9/15/2025 2:00:00 AM,9/14/2025 10:00:00 PM,MIDATL,107.390
9/15/2025 1:00:00 AM,9/14/2025 9:00:00 PM,MIDATL,88.293
9/15/2025 12:00:00 AM,9/14/2025 8:00:00 PM,MIDATL,77.787
9/14/2025 11:00:00 PM,9/14/2025 7:00:00 PM,MIDATL,50.326
9/14/2025 10:00:00 PM,9/14/2025 6:00:00 PM,MIDATL,32.360
9/14/2025 9:00:00 PM,9/14/2025 5:00:00 PM,MIDATL,29.165
9/14/2025 8:00:00 PM,9/14/2025 4:00:00 PM,MIDATL,28.001
9/14/2025 7:00:00 PM,9/14/2025 3:00:00 PM,MIDATL,19.480
9/14/2025 6:00:00 PM,9/14/2025 2:00:00 PM,MIDATL,11.404
9/14/2025 5:00:00 PM,9/14/2025 1:00:00 PM,MIDATL,17.785
9/14/2025 4:00:00 PM,9/14/2025 12:00:00 PM,MIDATL,16.663
9/14/2025 3:00:00 PM,9/14/2025 11:00:00 AM,MIDATL,18.430
9/14/2025 2:00:00 PM,9/14/2025 10:00:00 AM,MIDATL,6.619
9/14/2025 1:00:00 PM,9/14/2025 9:00:00 AM,MIDATL,6.912
9/14/2025 12:00:00 PM,9/14/2025 8:00:00 AM,MIDATL,14.150
9/14/2025 11:00:00 AM,9/14/2025 7:00:00 AM,MIDATL,15.446
9/14/2025 10:00:00 AM,9/14/2025 6:00:00 AM,MIDATL,21.840
9/14/2025 9:00:00 AM,9/14/2025 5:00:00 AM,MIDATL,38.273
9/14/2025 8:00:00 AM,9/14/2025 4:00:00 AM,MIDATL,46.506
9/14/2025 7:00:00 AM,9/14/2025 3:00:00 AM,MIDATL,39.411
9/14/2025 6:00:00 AM,9/14/2025 2:00:00 AM,MIDATL,47.729
9/14/2025 5:00:00 AM,9/14/2025 1:00:00 AM,MIDATL,62.505
9/14/2025 4:00:00 AM,9/14/2025 12:00:00 AM,MIDATL,51.274
9/14/2025 3:00:00 AM,9/13/2025 11:00:00 PM,MIDATL,26.958
9/14/2025 2:00:00 AM,9/13/2025 10:00:00 PM,MIDATL,37.069
9/14/2025 1:00:00 AM,9/13/2025 9:00:00 PM,MIDATL,41.200
9/14/2025 12:00:00 AM,9/13/2025 8:00:00 PM,MIDATL,66.028
9/13/2025 11:00:00 PM,9/13/2025 7:00:00 PM,MIDATL,66.177
9/13/2025 10:00:00 PM,9/13/2025 6:00:00 PM,MIDATL,53.343
9/13/2025 9:00:00 PM,9/13/2025 5:00:00 PM,MIDATL,19.311
9/13/2025 8:00:00 PM,9/13/2025 4:00:00 PM,MIDATL,18.406
9/13/2025 7:00:00 PM,9/13/2025 3:00:00 PM,MIDATL,31.062
9/13/2025 6:00:00 PM,9/13/2025 2:00:00 PM,MIDATL,44.687
9/13/2025 5:00:00 PM,9/13/2025 1:00:00 PM,MIDATL,50.741
9/13/2025 4:00:00 PM,9/13/2025 12:00:00 PM,MIDATL,25.049
9/13/2025 3:00:00 PM,9/13/2025 11:00:00 AM,MIDATL,11.980
9/13/2025 2:00:00 PM,9/13/2025 10:00:00 AM,MIDATL,2.451
9/13/2025 1:00:00 PM,9/13/2025 9:00:00 AM,MIDATL,3.249
9/13/2025 12:00:00 PM,9/13/2025 8:00:00 AM,MIDATL,30.579
9/13/2025 11:00:00 AM,9/13/2025 7:00:00 AM,MIDATL,56.769
9/13/2025 10:00:00 AM,9/13/2025 6:00:00 AM,MIDATL,64.624
9/13/2025 9:00:00 AM,9/13/2025 5:00:00 AM,MIDATL,81.488
9/13/2025 8:00:00 AM,9/13/2025 4:00:00 AM,MIDATL,98.171
9/13/2025 7:00:00 AM,9/13/2025 3:00:00 AM,MIDATL,108.557
9/13/2025 6:00:00 AM,9/13/2025 2:00:00 AM,MIDATL,106.349
9/13/2025 5:00:00 AM,9/13/2025 1:00:00 AM,MIDATL,121.242
9/13/2025 4:00:00 AM,9/13/2025 12:00:00 AM,MIDATL,106.412
9/13/2025 3:00:00 AM,9/12/2025 11:00:00 PM,MIDATL,83.510
9/13/2025 2:00:00 AM,9/12/2025 10:00:00 PM,MIDATL,66.282
9/13/2025 1:00:00 AM,9/12/2025 9:00:00 PM,MIDATL,40.349
9/13/2025 12:00:00 AM,9/12/2025 8:00:00 PM,MIDATL,24.623
9/12/2025 11:00:00 PM,9/12/2025 7:00:00 PM,MIDATL,10.937
9/12/2025 10:00:00 PM,9/12/2025 6:00:00 PM,MIDATL,6.343
9/12/2025 9:00:00 PM,9/12/2025 5:00:00 PM,MIDATL,-0.794
9/12/2025 8:00:00 PM,9/12/2025 4:00:00 PM,MIDATL,-3.078
9/12/2025 7:00:00 PM,9/12/2025 3:00:00 PM,MIDATL,-4.027
9/12/2025 6:00:00 PM,9/12/2025 2:00:00 PM,MIDATL,-4.759
9/12/2025 5:00:00 PM,9/12/2025 1:00:00 PM,MIDATL,-4.752
9/12/2025 4:00:00 PM,9/12/2025 12:00:00 PM,MIDATL,-4.913
9/12/2025 3:00:00 PM,9/12/2025 11:00:00 AM,MIDATL,-4.956
9/12/2025 2:00:00 PM,9/12/2025 10:00:00 AM,MIDATL,-4.543
9/12/2025 1:00:00 PM,9/12/2025 9:00:00 AM,MIDATL,-1.448
9/12/2025 12:00:00 PM,9/12/2025 8:00:00 AM,MIDATL,9.868
9/12/2025 11:00:00 AM,9/12/2025 7:00:00 AM,MIDATL,27.204
9/12/2025 10:00:00 AM,9/12/2025 6:00:00 AM,MIDATL,32.528
9/12/2025 9:00:00 AM,9/12/2025 5:00:00 AM,MIDATL,43.363
9/12/2025 8:00:00 AM,9/12/2025 4:00:00 AM,MIDATL,53.036
9/12/2025 7:00:00 AM,9/12/2025 3:00:00 AM,MIDATL,68.778
9/12/2025 6:00:00 AM,9/12/2025 2:00:00 AM,MIDATL,84.410
9/12/2025 5:00:00 AM,9/12/2025 1:00:00 AM,MIDATL,65.903
9/12/2025 4:00:00 AM,9/12/2025 12:00:00 AM,MIDATL,63.950
9/12/2025 3:00:00 AM,9/11/2025 11:00:00 PM,MIDATL,84.467
9/12/2025 2:00:00 AM,9/11/2025 10:00:00 PM,MIDATL,96.354
9/12/2025 1:00:00 AM,9/11/2025 9:00:00 PM,MIDATL,89.523
9/12/2025 12:00:00 AM,9/11/2025 8:00:00 PM,MIDATL,89.694
9/11/2025 11:00:00 PM,9/11/2025 7:00:00 PM,MIDATL,59.115
9/11/2025 10:00:00 PM,9/11/2025 6:00:00 PM,MIDATL,45.702
9/11/2025 9:00:00 PM,9/11/2025 5:00:00 PM,MIDATL,34.988
9/11/2025 8:00:00 PM,9/11/2025 4:00:00 PM,MIDATL,32.224
9/11/2025 7:00:00 PM,9/11/2025 3:00:00 PM,MIDATL,35.204
9/11/2025 6:00:00 PM,9/11/2025 2:00:00 PM,MIDATL,32.661
9/11/2025 5:00:00 PM,9/11/2025 1:00:00 PM,MIDATL,32.851
9/11/2025 4:00:00 PM,9/11/2025 12:00:00 PM,MIDATL,36.424
9/11/2025 3:00:00 PM,9/11/2025 11:00:00 AM,MIDATL,22.262
9/11/2025 2:00:00 PM,9/11/2025 10:00:00 AM,MIDATL,12.811
9/11/2025 1:00:00 PM,9/11/2025 9:00:00 AM,MIDATL,10.208
9/11/2025 12:00:00 PM,9/11/2025 8:00:00 AM,MIDATL,22.891
9/11/2025 11:00:00 AM,9/11/2025 7:00:00 AM,MIDATL,32.452
9/11/2025 10:00:00 AM,9/11/2025 6:00:00 AM,MIDATL,17.663
9/11/2025 9:00:00 AM,9/11/2025 5:00:00 AM,MIDATL,14.778
9/11/2025 8:00:00 AM,9/11/2025 4:00:00 AM,MIDATL,20.410
9/11/2025 7:00:00 AM,9/11/2025 3:00:00 AM,MIDATL,24.365
9/11/2025 6:00:00 AM,9/11/2025 2:00:00 AM,MIDATL,37.145
9/11/2025 5:00:00 AM,9/11/2025 1:00:00 AM,MIDATL,37.199
9/11/2025 4:00:00 AM,9/11/2025 12:00:00 AM,MIDATL,33.899
9/11/2025 3:00:00 AM,9/10/2025 11:00:00 PM,MIDATL,34.482
9/11/2025 2:00:00 AM,9/10/2025 10:00:00 PM,MIDATL,48.390
9/11/2025 1:00:00 AM,9/10/2025 9:00:00 PM,MIDATL,40.327
9/11/2025 12:00:00 AM,9/10/2025 8:00:00 PM,MIDATL,14.470
9/10/2025 11:00:00 PM,9/10/2025 7:00:00 PM,MIDATL,10.897
9/10/2025 10:00:00 PM,9/10/2025 6:00:00 PM,MIDATL,6.435
9/10/2025 9:00:00 PM,9/10/2025 5:00:00 PM,MIDATL,2.080
9/10/2025 8:00:00 PM,9/10/2025 4:00:00 PM,MIDATL,-1.710
9/10/2025 7:00:00 PM,9/10/2025 3:00:00 PM,MIDATL,-0.317
9/10/2025 6:00:00 PM,9/10/2025 2:00:00 PM,MIDATL,1.395
9/10/2025 5:00:00 PM,9/10/2025 1:00:00 PM,MIDATL,2.296
9/10/2025 4:00:00 PM,9/10/2025 12:00:00 PM,MIDATL,4.196
9/10/2025 3:00:00 PM,9/10/2025 11:00:00 AM,MIDATL,7.554
9/10/2025 2:00:00 PM,9/10/2025 10:00:00 AM,MIDATL,5.886
9/10/2025 1:00:00 PM,9/10/2025 9:00:00 AM,MIDATL,11.547
9/10/2025 12:00:00 PM,9/10/2025 8:00:00 AM,MIDATL,22.485
9/10/2025 11:00:00 AM,9/10/2025 7:00:00 AM,MIDATL,39.632
9/10/2025 10:00:00 AM,9/10/2025 6:00:00 AM,MIDATL,50.901
9/10/2025 9:00:00 AM,9/10/2025 5:00:00 AM,MIDATL,70.934
9/10/2025 8:00:00 AM,9/10/2025 4:00:00 AM,MIDATL,118.344
9/10/2025 7:00:00 AM,9/10/2025 3:00:00 AM,MIDATL,156.030
9/10/2025 6:00:00 AM,9/10/2025 2:00:00 AM,MIDATL,202.509
9/10/2025 5:00:00 AM,9/10/2025 1:00:00 AM,MIDATL,234.646
9/10/2025 4:00:00 AM,9/10/2025 12:00:00 AM,MIDATL,264.813
9/10/2025 3:00:00 AM,9/9/2025 11:00:00 PM,MIDATL,258.866
9/10/2025 2:00:00 AM,9/9/2025 10:00:00 PM,MIDATL,259.788
9/10/2025 1:00:00 AM,9/9/2025 9:00:00 PM,MIDATL,265.210
9/10/2025 12:00:00 AM,9/9/2025 8:00:00 PM,MIDATL,154.063
9/9/2025 11:00:00 PM,9/9/2025 7:00:00 PM,MIDATL,88.569
9/9/2025 10:00:00 PM,9/9/2025 6:00:00 PM,MIDATL,61.067
9/9/2025 9:00:00 PM,9/9/2025 5:00:00 PM,MIDATL,54.399
9/9/2025 8:00:00 PM,9/9/2025 4:00:00 PM,MIDATL,59.434
9/9/2025 7:00:00 PM,9/9/2025 3:00:00 PM,MIDATL,60.411
9/9/2025 6:00:00 PM,9/9/2025 2:00:00 PM,MIDATL,71.066
9/9/2025 5:00:00 PM,9/9/2025 1:00:00 PM,MIDATL,66.018
9/9/2025 4:00:00 PM,9/9/2025 12:00:00 PM,MIDATL,75.355
9/9/2025 3:00:00 PM,9/9/2025 11:00:00 AM,MIDATL,79.875
9/9/2025 2:00:00 PM,9/9/2025 10:00:00 AM,MIDATL,48.888
9/9/2025 1:00:00 PM,9/9/2025 9:00:00 AM,MIDATL,30.638
9/9/2025 12:00:00 PM,9/9/2025 8:00:00 AM,MIDATL,49.045
9/9/2025 11:00:00 AM,9/9/2025 7:00:00 AM,MIDATL,77.969
9/9/2025 10:00:00 AM,9/9/2025 6:00:00 AM,MIDATL,63.390
9/9/2025 9:00:00 AM,9/9/2025 5:00:00 AM,MIDATL,47.418
9/9/2025 8:00:00 AM,9/9/2025 4:00:00 AM,MIDATL,57.464
9/9/2025 7:00:00 AM,9/9/2025 3:00:00 AM,MIDATL,96.892
9/9/2025 6:00:00 AM,9/9/2025 2:00:00 AM,MIDATL,124.754
9/9/2025 5:00:00 AM,9/9/2025 1:00:00 AM,MIDATL,136.137
9/9/2025 4:00:00 AM,9/9/2025 12:00:00 AM,MIDATL,143.743
9/9/2025 3:00:00 AM,9/8/2025 11:00:00 PM,MIDATL,136.836
9/9/2025 2:00:00 AM,9/8/2025 10:00:00 PM,MIDATL,108.517
9/9/2025 1:00:00 AM,9/8/2025 9:00:00 PM,MIDATL,98.013
9/9/2025 12:00:00 AM,9/8/2025 8:00:00 PM,MIDATL,57.318
9/8/2025 11:00:00 PM,9/8/2025 7:00:00 PM,MIDATL,14.009
9/8/2025 10:00:00 PM,9/8/2025 6:00:00 PM,MIDATL,13.817
9/8/2025 9:00:00 PM,9/8/2025 5:00:00 PM,MIDATL,30.109
9/8/2025 8:00:00 PM,9/8/2025 4:00:00 PM,MIDATL,44.946
9/8/2025 7:00:00 PM,9/8/2025 3:00:00 PM,MIDATL,26.111
9/8/2025 6:00:00 PM,9/8/2025 2:00:00 PM,MIDATL,26.500
9/8/2025 5:00:00 PM,9/8/2025 1:00:00 PM,MIDATL,21.635
9/8/2025 4:00:00 PM,9/8/2025 12:00:00 PM,MIDATL,17.844
9/8/2025 3:00:00 PM,9/8/2025 11:00:00 AM,MIDATL,12.781
9/8/2025 2:00:00 PM,9/8/2025 10:00:00 AM,MIDATL,2.936
9/8/2025 1:00:00 PM,9/8/2025 9:00:00 AM,MIDATL,16.680
9/8/2025 12:00:00 PM,9/8/2025 8:00:00 AM,MIDATL,17.509
9/8/2025 11:00:00 AM,9/8/2025 7:00:00 AM,MIDATL,46.185
9/8/2025 10:00:00 AM,9/8/2025 6:00:00 AM,MIDATL,71.689
9/8/2025 9:00:00 AM,9/8/2025 5:00:00 AM,MIDATL,73.600
9/8/2025 8:00:00 AM,9/8/2025 4:00:00 AM,MIDATL,54.040
9/8/2025 7:00:00 AM,9/8/2025 3:00:00 AM,MIDATL,69.423
9/8/2025 6:00:00 AM,9/8/2025 2:00:00 AM,MIDATL,71.467
9/8/2025 5:00:00 AM,9/8/2025 1:00:00 AM,MIDATL,92.696
9/8/2025 4:00:00 AM,9/8/2025 12:00:00 AM,MIDATL,111.561
9/8/2025 3:00:00 AM,9/7/2025 11:00:00 PM,MIDATL,158.103
9/8/2025 2:00:00 AM,9/7/2025 10:00:00 PM,MIDATL,207.837
9/8/2025 1:00:00 AM,9/7/2025 9:00:00 PM,MIDATL,203.217
9/8/2025 12:00:00 AM,9/7/2025 8:00:00 PM,MIDATL,188.190
9/7/2025 11:00:00 PM,9/7/2025 7:00:00 PM,MIDATL,157.149
9/7/2025 10:00:00 PM,9/7/2025 6:00:00 PM,MIDATL,198.023
9/7/2025 9:00:00 PM,9/7/2025 5:00:00 PM,MIDATL,255.679
9/7/2025 8:00:00 PM,9/7/2025 4:00:00 PM,MIDATL,314.570
9/7/2025 7:00:00 PM,9/7/2025 3:00:00 PM,MIDATL,313.518
9/7/2025 6:00:00 PM,9/7/2025 2:00:00 PM,MIDATL,281.230
9/7/2025 5:00:00 PM,9/7/2025 1:00:00 PM,MIDATL,186.062
9/7/2025 4:00:00 PM,9/7/2025 12:00:00 PM,MIDATL,214.653
9/7/2025 3:00:00 PM,9/7/2025 11:00:00 AM,MIDATL,207.810
9/7/2025 2:00:00 PM,9/7/2025 10:00:00 AM,MIDATL,200.469
9/7/2025 1:00:00 PM,9/7/2025 9:00:00 AM,MIDATL,173.604
9/7/2025 12:00:00 PM,9/7/2025 8:00:00 AM,MIDATL,161.788
9/7/2025 11:00:00 AM,9/7/2025 7:00:00 AM,MIDATL,200.751
9/7/2025 10:00:00 AM,9/7/2025 6:00:00 AM,MIDATL,200.440
9/7/2025 9:00:00 AM,9/7/2025 5:00:00 AM,MIDATL,168.500
9/7/2025 8:00:00 AM,9/7/2025 4:00:00 AM,MIDATL,152.183
9/7/2025 7:00:00 AM,9/7/2025 3:00:00 AM,MIDATL,178.335
9/7/2025 6:00:00 AM,9/7/2025 2:00:00 AM,MIDATL,191.721
9/7/2025 5:00:00 AM,9/7/2025 1:00:00 AM,MIDATL,173.063
9/7/2025 4:00:00 AM,9/7/2025 12:00:00 AM,MIDATL,118.687
9/7/2025 3:00:00 AM,9/6/2025 11:00:00 PM,MIDATL,92.605
9/7/2025 2:00:00 AM,9/6/2025 10:00:00 PM,MIDATL,62.139
9/7/2025 1:00:00 AM,9/6/2025 9:00:00 PM,MIDATL,83.212
9/7/2025 12:00:00 AM,9/6/2025 8:00:00 PM,MIDATL,131.998
9/6/2025 11:00:00 PM,9/6/2025 7:00:00 PM,MIDATL,139.182
9/6/2025 10:00:00 PM,9/6/2025 6:00:00 PM,MIDATL,163.711
9/6/2025 9:00:00 PM,9/6/2025 5:00:00 PM,MIDATL,230.648
9/6/2025 8:00:00 PM,9/6/2025 4:00:00 PM,MIDATL,310.154
9/6/2025 7:00:00 PM,9/6/2025 3:00:00 PM,MIDATL,240.141
9/6/2025 6:00:00 PM,9/6/2025 2:00:00 PM,MIDATL,189.865
9/6/2025 5:00:00 PM,9/6/2025 1:00:00 PM,MIDATL,136.583
9/6/2025 4:00:00 PM,9/6/2025 12:00:00 PM,MIDATL,107.837
9/6/2025 3:00:00 PM,9/6/2025 11:00:00 AM,MIDATL,69.200
9/6/2025 2:00:00 PM,9/6/2025 10:00:00 AM,MIDATL,67.847
9/6/2025 1:00:00 PM,9/6/2025 9:00:00 AM,MIDATL,151.195
9/6/2025 12:00:00 PM,9/6/2025 8:00:00 AM,MIDATL,108.415
9/6/2025 11:00:00 AM,9/6/2025 7:00:00 AM,MIDATL,46.452
9/6/2025 10:00:00 AM,9/6/2025 6:00:00 AM,MIDATL,43.507
9/6/2025 9:00:00 AM,9/6/2025 5:00:00 AM,MIDATL,91.263
9/6/2025 8:00:00 AM,9/6/2025 4:00:00 AM,MIDATL,99.093
9/6/2025 7:00:00 AM,9/6/2025 3:00:00 AM,MIDATL,149.376
9/6/2025 6:00:00 AM,9/6/2025 2:00:00 AM,MIDATL,225.183
9/6/2025 5:00:00 AM,9/6/2025 1:00:00 AM,MIDATL,318.666
9/6/2025 4:00:00 AM,9/6/2025 12:00:00 AM,MIDATL,372.526
9/6/2025 3:00:00 AM,9/5/2025 11:00:00 PM,MIDATL,466.679
9/6/2025 2:00:00 AM,9/5/2025 10:00:00 PM,MIDATL,514.787
9/6/2025 1:00:00 AM,9/5/2025 9:00:00 PM,MIDATL,546.654
9/6/2025 12:00:00 AM,9/5/2025 8:00:00 PM,MIDATL,494.792
9/5/2025 11:00:00 PM,9/5/2025 7:00:00 PM,MIDATL,396.858
9/5/2025 10:00:00 PM,9/5/2025 6:00:00 PM,MIDATL,422.381
9/5/2025 9:00:00 PM,9/5/2025 5:00:00 PM,MIDATL,543.128
9/5/2025 8:00:00 PM,9/5/2025 4:00:00 PM,MIDATL,579.682
9/5/2025 7:00:00 PM,9/5/2025 3:00:00 PM,MIDATL,542.969
9/5/2025 6:00:00 PM,9/5/2025 2:00:00 PM,MIDATL,564.902
9/5/2025 5:00:00 PM,9/5/2025 1:00:00 PM,MIDATL,601.407
9/5/2025 4:00:00 PM,9/5/2025 12:00:00 PM,MIDATL,577.797
9/5/2025 3:00:00 PM,9/5/2025 11:00:00 AM,MIDATL,489.090
9/5/2025 2:00:00 PM,9/5/2025 10:00:00 AM,MIDATL,448.391
9/5/2025 1:00:00 PM,9/5/2025 9:00:00 AM,MIDATL,320.822
9/5/2025 12:00:00 PM,9/5/2025 8:00:00 AM,MIDATL,281.092
9/5/2025 11:00:00 AM,9/5/2025 7:00:00 AM,MIDATL,253.476
9/5/2025 10:00:00 AM,9/5/2025 6:00:00 AM,MIDATL,183.442
9/5/2025 9:00:00 AM,9/5/2025 5:00:00 AM,MIDATL,115.245
9/5/2025 8:00:00 AM,9/5/2025 4:00:00 AM,MIDATL,74.928
9/5/2025 7:00:00 AM,9/5/2025 3:00:00 AM,MIDATL,54.605
9/5/2025 6:00:00 AM,9/5/2025 2:00:00 AM,MIDATL,45.777
9/5/2025 5:00:00 AM,9/5/2025 1:00:00 AM,MIDATL,31.797
9/5/2025 4:00:00 AM,9/5/2025 12:00:00 AM,MIDATL,42.522
9/5/2025 3:00:00 AM,9/4/2025 11:00:00 PM,MIDATL,54.152
9/5/2025 2:00:00 AM,9/4/2025 10:00:00 PM,MIDATL,37.962
9/5/2025 1:00:00 AM,9/4/2025 9:00:00 PM,MIDATL,40.937
9/5/2025 12:00:00 AM,9/4/2025 8:00:00 PM,MIDATL,100.495
9/4/2025 11:00:00 PM,9/4/2025 7:00:00 PM,MIDATL,228.078
9/4/2025 10:00:00 PM,9/4/2025 6:00:00 PM,MIDATL,235.242
9/4/2025 9:00:00 PM,9/4/2025 5:00:00 PM,MIDATL,327.118
9/4/2025 8:00:00 PM,9/4/2025 4:00:00 PM,MIDATL,349.811
9/4/2025 7:00:00 PM,9/4/2025 3:00:00 PM,MIDATL,389.022
9/4/2025 6:00:00 PM,9/4/2025 2:00:00 PM,MIDATL,488.517
9/4/2025 5:00:00 PM,9/4/2025 1:00:00 PM,MIDATL,534.502
9/4/2025 4:00:00 PM,9/4/2025 12:00:00 PM,MIDATL,562.662
9/4/2025 3:00:00 PM,9/4/2025 11:00:00 AM,MIDATL,467.136
9/4/2025 2:00:00 PM,9/4/2025 10:00:00 AM,MIDATL,396.798
9/4/2025 1:00:00 PM,9/4/2025 9:00:00 AM,MIDATL,332.538
9/4/2025 12:00:00 PM,9/4/2025 8:00:00 AM,MIDATL,356.643
9/4/2025 11:00:00 AM,9/4/2025 7:00:00 AM,MIDATL,444.595
9/4/2025 10:00:00 AM,9/4/2025 6:00:00 AM,MIDATL,464.662
9/4/2025 9:00:00 AM,9/4/2025 5:00:00 AM,MIDATL,433.869
9/4/2025 8:00:00 AM,9/4/2025 4:00:00 AM,MIDATL,462.078
9/4/2025 7:00:00 AM,9/4/2025 3:00:00 AM,MIDATL,444.641
9/4/2025 6:00:00 AM,9/4/2025 2:00:00 AM,MIDATL,388.403
9/4/2025 5:00:00 AM,9/4/2025 1:00:00 AM,MIDATL,436.294
9/4/2025 4:00:00 AM,9/4/2025 12:00:00 AM,MIDATL,448.001
9/4/2025 3:00:00 AM,9/3/2025 11:00:00 PM,MIDATL,465.517
9/4/2025 2:00:00 AM,9/3/2025 10:00:00 PM,MIDATL,430.363
9/4/2025 1:00:00 AM,9/3/2025 9:00:00 PM,MIDATL,367.260
9/4/2025 12:00:00 AM,9/3/2025 8:00:00 PM,MIDATL,257.276
9/3/2025 11:00:00 PM,9/3/2025 7:00:00 PM,MIDATL,133.629
9/3/2025 10:00:00 PM,9/3/2025 6:00:00 PM,MIDATL,73.591
9/3/2025 9:00:00 PM,9/3/2025 5:00:00 PM,MIDATL,69.096
9/3/2025 8:00:00 PM,9/3/2025 4:00:00 PM,MIDATL,61.599
9/3/2025 7:00:00 PM,9/3/2025 3:00:00 PM,MIDATL,53.470
9/3/2025 6:00:00 PM,9/3/2025 2:00:00 PM,MIDATL,46.514
9/3/2025 5:00:00 PM,9/3/2025 1:00:00 PM,MIDATL,41.236
9/3/2025 4:00:00 PM,9/3/2025 12:00:00 PM,MIDATL,44.703
9/3/2025 3:00:00 PM,9/3/2025 11:00:00 AM,MIDATL,34.730
9/3/2025 2:00:00 PM,9/3/2025 10:00:00 AM,MIDATL,13.221
9/3/2025 1:00:00 PM,9/3/2025 9:00:00 AM,MIDATL,11.869
9/3/2025 12:00:00 PM,9/3/2025 8:00:00 AM,MIDATL,56.537
9/3/2025 11:00:00 AM,9/3/2025 7:00:00 AM,MIDATL,117.844
9/3/2025 10:00:00 AM,9/3/2025 6:00:00 AM,MIDATL,115.220
9/3/2025 9:00:00 AM,9/3/2025 5:00:00 AM,MIDATL,104.061
9/3/2025 8:00:00 AM,9/3/2025 4:00:00 AM,MIDATL,97.183
9/3/2025 7:00:00 AM,9/3/2025 3:00:00 AM,MIDATL,108.386
9/3/2025 6:00:00 AM,9/3/2025 2:00:00 AM,MIDATL,95.152
9/3/2025 5:00:00 AM,9/3/2025 1:00:00 AM,MIDATL,86.895
9/3/2025 4:00:00 AM,9/3/2025 12:00:00 AM,MIDATL,87.664
9/3/2025 3:00:00 AM,9/2/2025 11:00:00 PM,MIDATL,87.661
9/3/2025 2:00:00 AM,9/2/2025 10:00:00 PM,MIDATL,61.127
9/3/2025 1:00:00 AM,9/2/2025 9:00:00 PM,MIDATL,41.596
9/3/2025 12:00:00 AM,9/2/2025 8:00:00 PM,MIDATL,42.680
9/2/2025 11:00:00 PM,9/2/2025 7:00:00 PM,MIDATL,29.524
9/2/2025 10:00:00 PM,9/2/2025 6:00:00 PM,MIDATL,31.531
9/2/2025 9:00:00 PM,9/2/2025 5:00:00 PM,MIDATL,35.297
9/2/2025 8:00:00 PM,9/2/2025 4:00:00 PM,MIDATL,20.111
9/2/2025 7:00:00 PM,9/2/2025 3:00:00 PM,MIDATL,12.560
9/2/2025 6:00:00 PM,9/2/2025 2:00:00 PM,MIDATL,13.170
9/2/2025 5:00:00 PM,9/2/2025 1:00:00 PM,MIDATL,13.717
9/2/2025 4:00:00 PM,9/2/2025 12:00:00 PM,MIDATL,8.628
9/2/2025 3:00:00 PM,9/2/2025 11:00:00 AM,MIDATL,2.500
9/2/2025 2:00:00 PM,9/2/2025 10:00:00 AM,MIDATL,-2.351
9/2/2025 1:00:00 PM,9/2/2025 9:00:00 AM,MIDATL,-2.825
9/2/2025 12:00:00 PM,9/2/2025 8:00:00 AM,MIDATL,2.007
9/2/2025 11:00:00 AM,9/2/2025 7:00:00 AM,MIDATL,8.971
9/2/2025 10:00:00 AM,9/2/2025 6:00:00 AM,MIDATL,12.598
9/2/2025 9:00:00 AM,9/2/2025 5:00:00 AM,MIDATL,32.407
9/2/2025 8:00:00 AM,9/2/2025 4:00:00 AM,MIDATL,50.615
9/2/2025 7:00:00 AM,9/2/2025 3:00:00 AM,MIDATL,56.673
9/2/2025 6:00:00 AM,9/2/2025 2:00:00 AM,MIDATL,82.829
9/2/2025 5:00:00 AM,9/2/2025 1:00:00 AM,MIDATL,93.982
9/2/2025 4:00:00 AM,9/2/2025 12:00:00 AM,MIDATL,113.744
9/2/2025 3:00:00 AM,9/1/2025 11:00:00 PM,MIDATL,162.492
9/2/2025 2:00:00 AM,9/1/2025 10:00:00 PM,MIDATL,194.151
9/2/2025 1:00:00 AM,9/1/2025 9:00:00 PM,MIDATL,175.543
9/2/2025 12:00:00 AM,9/1/2025 8:00:00 PM,MIDATL,114.886
9/1/2025 11:00:00 PM,9/1/2025 7:00:00 PM,MIDATL,68.493
9/1/2025 10:00:00 PM,9/1/2025 6:00:00 PM,MIDATL,49.031
9/1/2025 9:00:00 PM,9/1/2025 5:00:00 PM,MIDATL,48.485
9/1/2025 8:00:00 PM,9/1/2025 4:00:00 PM,MIDATL,49.461
9/1/2025 7:00:00 PM,9/1/2025 3:00:00 PM,MIDATL,63.042
9/1/2025 6:00:00 PM,9/1/2025 2:00:00 PM,MIDATL,54.405
9/1/2025 5:00:00 PM,9/1/2025 1:00:00 PM,MIDATL,55.029
9/1/2025 4:00:00 PM,9/1/2025 12:00:00 PM,MIDATL,54.283
9/1/2025 3:00:00 PM,9/1/2025 11:00:00 AM,MIDATL,35.133
9/1/2025 2:00:00 PM,9/1/2025 10:00:00 AM,MIDATL,14.228
9/1/2025 1:00:00 PM,9/1/2025 9:00:00 AM,MIDATL,13.273
9/1/2025 12:00:00 PM,9/1/2025 8:00:00 AM,MIDATL,42.093
9/1/2025 11:00:00 AM,9/1/2025 7:00:00 AM,MIDATL,109.934
9/1/2025 10:00:00 AM,9/1/2025 6:00:00 AM,MIDATL,124.782
9/1/2025 9:00:00 AM,9/1/2025 5:00:00 AM,MIDATL,139.236
9/1/2025 8:00:00 AM,9/1/2025 4:00:00 AM,MIDATL,143.493
9/1/2025 7:00:00 AM,9/1/2025 3:00:00 AM,MIDATL,140.577
9/1/2025 6:00:00 AM,9/1/2025 2:00:00 AM,MIDATL,134.853
9/1/2025 5:00:00 AM,9/1/2025 1:00:00 AM,MIDATL,111.036
9/1/2025 4:00:00 AM,9/1/2025 12:00:00 AM,MIDATL,108.130
9/1/2025 3:00:00 AM,8/31/2025 11:00:00 PM,MIDATL,116.680
9/1/2025 2:00:00 AM,8/31/2025 10:00:00 PM,MIDATL,128.490
9/1/2025 1:00:00 AM,8/31/2025 9:00:00 PM,MIDATL,133.488
9/1/2025 12:00:00 AM,8/31/2025 8:00:00 PM,MIDATL,105.311
8/31/2025 11:00:00 PM,8/31/2025 7:00:00 PM,MIDATL,57.090
8/31/2025 10:00:00 PM,8/31/2025 6:00:00 PM,MIDATL,30.540
8/31/2025 9:00:00 PM,8/31/2025 5:00:00 PM,MIDATL,24.459
8/31/2025 8:00:00 PM,8/31/2025 4:00:00 PM,MIDATL,23.511
8/31/2025 7:00:00 PM,8/31/2025 3:00:00 PM,MIDATL,19.338
8/31/2025 6:00:00 PM,8/31/2025 2:00:00 PM,MIDATL,18.136
8/31/2025 5:00:00 PM,8/31/2025 1:00:00 PM,MIDATL,8.074
8/31/2025 4:00:00 PM,8/31/2025 12:00:00 PM,MIDATL,1.977
8/31/2025 3:00:00 PM,8/31/2025 11:00:00 AM,MIDATL,3.670
8/31/2025 2:00:00 PM,8/31/2025 10:00:00 AM,MIDATL,28.538
8/31/2025 1:00:00 PM,8/31/2025 9:00:00 AM,MIDATL,57.273
8/31/2025 12:00:00 PM,8/31/2025 8:00:00 AM,MIDATL,88.902
8/31/2025 11:00:00 AM,8/31/2025 7:00:00 AM,MIDATL,163.462
8/31/2025 10:00:00 AM,8/31/2025 6:00:00 AM,MIDATL,181.828
8/31/2025 9:00:00 AM,8/31/2025 5:00:00 AM,MIDATL,184.740
8/31/2025 8:00:00 AM,8/31/2025 4:00:00 AM,MIDATL,155.586
8/31/2025 7:00:00 AM,8/31/2025 3:00:00 AM,MIDATL,157.753
8/31/2025 6:00:00 AM,8/31/2025 2:00:00 AM,MIDATL,127.870
8/31/2025 5:00:00 AM,8/31/2025 1:00:00 AM,MIDATL,135.300
8/31/2025 4:00:00 AM,8/31/2025 12:00:00 AM,MIDATL,107.265
8/31/2025 3:00:00 AM,8/30/2025 11:00:00 PM,MIDATL,91.761
8/31/2025 2:00:00 AM,8/30/2025 10:00:00 PM,MIDATL,106.268
8/31/2025 1:00:00 AM,8/30/2025 9:00:00 PM,MIDATL,101.059
8/31/2025 12:00:00 AM,8/30/2025 8:00:00 PM,MIDATL,90.666
8/30/2025 11:00:00 PM,8/30/2025 7:00:00 PM,MIDATL,71.026
8/30/2025 10:00:00 PM,8/30/2025 6:00:00 PM,MIDATL,71.799
8/30/2025 9:00:00 PM,8/30/2025 5:00:00 PM,MIDATL,79.941
8/30/2025 8:00:00 PM,8/30/2025 4:00:00 PM,MIDATL,88.092
8/30/2025 7:00:00 PM,8/30/2025 3:00:00 PM,MIDATL,92.749
8/30/2025 6:00:00 PM,8/30/2025 2:00:00 PM,MIDATL,97.779
8/30/2025 5:00:00 PM,8/30/2025 1:00:00 PM,MIDATL,105.634
8/30/2025 4:00:00 PM,8/30/2025 12:00:00 PM,MIDATL,93.942
8/30/2025 3:00:00 PM,8/30/2025 11:00:00 AM,MIDATL,74.079
8/30/2025 2:00:00 PM,8/30/2025 10:00:00 AM,MIDATL,42.322
8/30/2025 1:00:00 PM,8/30/2025 9:00:00 AM,MIDATL,31.204
8/30/2025 12:00:00 PM,8/30/2025 8:00:00 AM,MIDATL,51.339
8/30/2025 11:00:00 AM,8/30/2025 7:00:00 AM,MIDATL,80.468
8/30/2025 10:00:00 AM,8/30/2025 6:00:00 AM,MIDATL,124.248
8/30/2025 9:00:00 AM,8/30/2025 5:00:00 AM,MIDATL,140.657
8/30/2025 8:00:00 AM,8/30/2025 4:00:00 AM,MIDATL,126.274
8/30/2025 7:00:00 AM,8/30/2025 3:00:00 AM,MIDATL,133.334
8/30/2025 6:00:00 AM,8/30/2025 2:00:00 AM,MIDATL,174.568
8/30/2025 5:00:00 AM,8/30/2025 1:00:00 AM,MIDATL,203.895
8/30/2025 4:00:00 AM,8/30/2025 12:00:00 AM,MIDATL,293.220
8/30/2025 3:00:00 AM,8/29/2025 11:00:00 PM,MIDATL,263.057
8/30/2025 2:00:00 AM,8/29/2025 10:00:00 PM,MIDATL,280.825
8/30/2025 1:00:00 AM,8/29/2025 9:00:00 PM,MIDATL,276.995
8/30/2025 12:00:00 AM,8/29/2025 8:00:00 PM,MIDATL,300.408
8/29/2025 11:00:00 PM,8/29/2025 7:00:00 PM,MIDATL,302.196
8/29/2025 10:00:00 PM,8/29/2025 6:00:00 PM,MIDATL,390.396
8/29/2025 9:00:00 PM,8/29/2025 5:00:00 PM,MIDATL,458.095
8/29/2025 8:00:00 PM,8/29/2025 4:00:00 PM,MIDATL,445.036
8/29/2025 7:00:00 PM,8/29/2025 3:00:00 PM,MIDATL,431.560
8/29/2025 6:00:00 PM,8/29/2025 2:00:00 PM,MIDATL,455.584
8/29/2025 5:00:00 PM,8/29/2025 1:00:00 PM,MIDATL,424.194
8/29/2025 4:00:00 PM,8/29/2025 12:00:00 PM,MIDATL,380.649
8/29/2025 3:00:00 PM,8/29/2025 11:00:00 AM,MIDATL,325.912
8/29/2025 2:00:00 PM,8/29/2025 10:00:00 AM,MIDATL,206.668
8/29/2025 1:00:00 PM,8/29/2025 9:00:00 AM,MIDATL,117.616
8/29/2025 12:00:00 PM,8/29/2025 8:00:00 AM,MIDATL,111.325
8/29/2025 11:00:00 AM,8/29/2025 7:00:00 AM,MIDATL,161.021
8/29/2025 10:00:00 AM,8/29/2025 6:00:00 AM,MIDATL,184.037
8/29/2025 9:00:00 AM,8/29/2025 5:00:00 AM,MIDATL,224.575
8/29/2025 8:00:00 AM,8/29/2025 4:00:00 AM,MIDATL,210.617
8/29/2025 7:00:00 AM,8/29/2025 3:00:00 AM,MIDATL,210.538
8/29/2025 6:00:00 AM,8/29/2025 2:00:00 AM,MIDATL,221.964
8/29/2025 5:00:00 AM,8/29/2025 1:00:00 AM,MIDATL,253.286
8/29/2025 4:00:00 AM,8/29/2025 12:00:00 AM,MIDATL,278.350
8/29/2025 3:00:00 AM,8/28/2025 11:00:00 PM,MIDATL,268.462
8/29/2025 2:00:00 AM,8/28/2025 10:00:00 PM,MIDATL,236.717
8/29/2025 1:00:00 AM,8/28/2025 9:00:00 PM,MIDATL,282.302
8/29/2025 12:00:00 AM,8/28/2025 8:00:00 PM,MIDATL,328.521
8/28/2025 11:00:00 PM,8/28/2025 7:00:00 PM,MIDATL,235.070
8/28/2025 10:00:00 PM,8/28/2025 6:00:00 PM,MIDATL,190.802
8/28/2025 9:00:00 PM,8/28/2025 5:00:00 PM,MIDATL,166.788
8/28/2025 8:00:00 PM,8/28/2025 4:00:00 PM,MIDATL,151.575
8/28/2025 7:00:00 PM,8/28/2025 3:00:00 PM,MIDATL,157.506
8/28/2025 6:00:00 PM,8/28/2025 2:00:00 PM,MIDATL,143.484
8/28/2025 5:00:00 PM,8/28/2025 1:00:00 PM,MIDATL,141.013
8/28/2025 4:00:00 PM,8/28/2025 12:00:00 PM,MIDATL,150.801
8/28/2025 3:00:00 PM,8/28/2025 11:00:00 AM,MIDATL,143.697
8/28/2025 2:00:00 PM,8/28/2025 10:00:00 AM,MIDATL,105.618
8/28/2025 1:00:00 PM,8/28/2025 9:00:00 AM,MIDATL,75.134
8/28/2025 12:00:00 PM,8/28/2025 8:00:00 AM,MIDATL,115.018
8/28/2025 11:00:00 AM,8/28/2025 7:00:00 AM,MIDATL,151.882
8/28/2025 10:00:00 AM,8/28/2025 6:00:00 AM,MIDATL,133.022
8/28/2025 9:00:00 AM,8/28/2025 5:00:00 AM,MIDATL,114.772
8/28/2025 8:00:00 AM,8/28/2025 4:00:00 AM,MIDATL,66.590
8/28/2025 7:00:00 AM,8/28/2025 3:00:00 AM,MIDATL,51.185
8/28/2025 6:00:00 AM,8/28/2025 2:00:00 AM,MIDATL,51.008
8/28/2025 5:00:00 AM,8/28/2025 1:00:00 AM,MIDATL,51.684
8/28/2025 4:00:00 AM,8/28/2025 12:00:00 AM,MIDATL,62.751
8/28/2025 3:00:00 AM,8/27/2025 11:00:00 PM,MIDATL,100.968
8/28/2025 2:00:00 AM,8/27/2025 10:00:00 PM,MIDATL,112.791
8/28/2025 1:00:00 AM,8/27/2025 9:00:00 PM,MIDATL,88.703
8/28/2025 12:00:00 AM,8/27/2025 8:00:00 PM,MIDATL,68.897
8/27/2025 11:00:00 PM,8/27/2025 7:00:00 PM,MIDATL,64.190
8/27/2025 10:00:00 PM,8/27/2025 6:00:00 PM,MIDATL,115.539
8/27/2025 9:00:00 PM,8/27/2025 5:00:00 PM,MIDATL,162.539
8/27/2025 8:00:00 PM,8/27/2025 4:00:00 PM,MIDATL,225.988
8/27/2025 7:00:00 PM,8/27/2025 3:00:00 PM,MIDATL,289.092
8/27/2025 6:00:00 PM,8/27/2025 2:00:00 PM,MIDATL,285.030
8/27/2025 5:00:00 PM,8/27/2025 1:00:00 PM,MIDATL,284.765
8/27/2025 4:00:00 PM,8/27/2025 12:00:00 PM,MIDATL,283.461
8/27/2025 3:00:00 PM,8/27/2025 11:00:00 AM,MIDATL,275.457
8/27/2025 2:00:00 PM,8/27/2025 10:00:00 AM,MIDATL,215.415
8/27/2025 1:00:00 PM,8/27/2025 9:00:00 AM,MIDATL,138.381
8/27/2025 12:00:00 PM,8/27/2025 8:00:00 AM,MIDATL,190.695
8/27/2025 11:00:00 AM,8/27/2025 7:00:00 AM,MIDATL,267.463
8/27/2025 10:00:00 AM,8/27/2025 6:00:00 AM,MIDATL,317.296
8/27/2025 9:00:00 AM,8/27/2025 5:00:00 AM,MIDATL,347.488
8/27/2025 8:00:00 AM,8/27/2025 4:00:00 AM,MIDATL,339.322
8/27/2025 7:00:00 AM,8/27/2025 3:00:00 AM,MIDATL,309.274
8/27/2025 6:00:00 AM,8/27/2025 2:00:00 AM,MIDATL,303.945
8/27/2025 5:00:00 AM,8/27/2025 1:00:00 AM,MIDATL,271.361
8/27/2025 4:00:00 AM,8/27/2025 12:00:00 AM,MIDATL,263.699
8/27/2025 3:00:00 AM,8/26/2025 11:00:00 PM,MIDATL,270.564
8/27/2025 2:00:00 AM,8/26/2025 10:00:00 PM,MIDATL,264.785
8/27/2025 1:00:00 AM,8/26/2025 9:00:00 PM,MIDATL,240.674
8/27/2025 12:00:00 AM,8/26/2025 8:00:00 PM,MIDATL,179.424
8/26/2025 11:00:00 PM,8/26/2025 7:00:00 PM,MIDATL,197.442
8/26/2025 10:00:00 PM,8/26/2025 6:00:00 PM,MIDATL,257.506
8/26/2025 9:00:00 PM,8/26/2025 5:00:00 PM,MIDATL,314.122
8/26/2025 8:00:00 PM,8/26/2025 4:00:00 PM,MIDATL,314.618
8/26/2025 7:00:00 PM,8/26/2025 3:00:00 PM,MIDATL,274.752
8/26/2025 6:00:00 PM,8/26/2025 2:00:00 PM,MIDATL,248.465
8/26/2025 5:00:00 PM,8/26/2025 1:00:00 PM,MIDATL,184.797
8/26/2025 4:00:00 PM,8/26/2025 12:00:00 PM,MIDATL,187.163
8/26/2025 3:00:00 PM,8/26/2025 11:00:00 AM,MIDATL,132.980
8/26/2025 2:00:00 PM,8/26/2025 10:00:00 AM,MIDATL,90.527
8/26/2025 1:00:00 PM,8/26/2025 9:00:00 AM,MIDATL,77.404
8/26/2025 12:00:00 PM,8/26/2025 8:00:00 AM,MIDATL,103.386
8/26/2025 11:00:00 AM,8/26/2025 7:00:00 AM,MIDATL,213.642
8/26/2025 10:00:00 AM,8/26/2025 6:00:00 AM,MIDATL,254.709
8/26/2025 9:00:00 AM,8/26/2025 5:00:00 AM,MIDATL,256.944
8/26/2025 8:00:00 AM,8/26/2025 4:00:00 AM,MIDATL,286.260
8/26/2025 7:00:00 AM,8/26/2025 3:00:00 AM,MIDATL,304.418
8/26/2025 6:00:00 AM,8/26/2025 2:00:00 AM,MIDATL,296.479
8/26/2025 5:00:00 AM,8/26/2025 1:00:00 AM,MIDATL,279.079
8/26/2025 4:00:00 AM,8/26/2025 12:00:00 AM,MIDATL,303.099
8/26/2025 3:00:00 AM,8/25/2025 11:00:00 PM,MIDATL,305.260
8/26/2025 2:00:00 AM,8/25/2025 10:00:00 PM,MIDATL,369.726
8/26/2025 1:00:00 AM,8/25/2025 9:00:00 PM,MIDATL,364.223
8/26/2025 12:00:00 AM,8/25/2025 8:00:00 PM,MIDATL,344.954
8/25/2025 11:00:00 PM,8/25/2025 7:00:00 PM,MIDATL,273.037
8/25/2025 10:00:00 PM,8/25/2025 6:00:00 PM,MIDATL,337.768
8/25/2025 9:00:00 PM,8/25/2025 5:00:00 PM,MIDATL,312.762
8/25/2025 8:00:00 PM,8/25/2025 4:00:00 PM,MIDATL,265.373
8/25/2025 7:00:00 PM,8/25/2025 3:00:00 PM,MIDATL,300.197
8/25/2025 6:00:00 PM,8/25/2025 2:00:00 PM,MIDATL,333.166
8/25/2025 5:00:00 PM,8/25/2025 1:00:00 PM,MIDATL,331.333
8/25/2025 4:00:00 PM,8/25/2025 12:00:00 PM,MIDATL,249.748
8/25/2025 3:00:00 PM,8/25/2025 11:00:00 AM,MIDATL,279.416
8/25/2025 2:00:00 PM,8/25/2025 10:00:00 AM,MIDATL,234.810
8/25/2025 1:00:00 PM,8/25/2025 9:00:00 AM,MIDATL,121.597
8/25/2025 12:00:00 PM,8/25/2025 8:00:00 AM,MIDATL,95.659
8/25/2025 11:00:00 AM,8/25/2025 7:00:00 AM,MIDATL,156.252
8/25/2025 10:00:00 AM,8/25/2025 6:00:00 AM,MIDATL,195.508
8/25/2025 9:00:00 AM,8/25/2025 5:00:00 AM,MIDATL,188.889
8/25/2025 8:00:00 AM,8/25/2025 4:00:00 AM,MIDATL,143.044
8/25/2025 7:00:00 AM,8/25/2025 3:00:00 AM,MIDATL,117.396
8/25/2025 6:00:00 AM,8/25/2025 2:00:00 AM,MIDATL,155.936
8/25/2025 5:00:00 AM,8/25/2025 1:00:00 AM,MIDATL,169.318
8/25/2025 4:00:00 AM,8/25/2025 12:00:00 AM,MIDATL,231.494
8/25/2025 3:00:00 AM,8/24/2025 11:00:00 PM,MIDATL,328.740
8/25/2025 2:00:00 AM,8/24/2025 10:00:00 PM,MIDATL,345.816
8/25/2025 1:00:00 AM,8/24/2025 9:00:00 PM,MIDATL,289.954
8/25/2025 12:00:00 AM,8/24/2025 8:00:00 PM,MIDATL,216.307
8/24/2025 11:00:00 PM,8/24/2025 7:00:00 PM,MIDATL,201.291
8/24/2025 10:00:00 PM,8/24/2025 6:00:00 PM,MIDATL,237.905
8/24/2025 9:00:00 PM,8/24/2025 5:00:00 PM,MIDATL,209.425
8/24/2025 8:00:00 PM,8/24/2025 4:00:00 PM,MIDATL,194.759
8/24/2025 7:00:00 PM,8/24/2025 3:00:00 PM,MIDATL,193.624
8/24/2025 6:00:00 PM,8/24/2025 2:00:00 PM,MIDATL,186.567
8/24/2025 5:00:00 PM,8/24/2025 1:00:00 PM,MIDATL,134.938
8/24/2025 4:00:00 PM,8/24/2025 12:00:00 PM,MIDATL,129.318
8/24/2025 3:00:00 PM,8/24/2025 11:00:00 AM,MIDATL,129.167
8/24/2025 2:00:00 PM,8/24/2025 10:00:00 AM,MIDATL,115.906
8/24/2025 1:00:00 PM,8/24/2025 9:00:00 AM,MIDATL,107.706
8/24/2025 12:00:00 PM,8/24/2025 8:00:00 AM,MIDATL,140.831
8/24/2025 11:00:00 AM,8/24/2025 7:00:00 AM,MIDATL,176.880
8/24/2025 10:00:00 AM,8/24/2025 6:00:00 AM,MIDATL,204.142
8/24/2025 9:00:00 AM,8/24/2025 5:00:00 AM,MIDATL,255.548
8/24/2025 8:00:00 AM,8/24/2025 4:00:00 AM,MIDATL,255.970
8/24/2025 7:00:00 AM,8/24/2025 3:00:00 AM,MIDATL,309.678
8/24/2025 6:00:00 AM,8/24/2025 2:00:00 AM,MIDATL,295.522
8/24/2025 5:00:00 AM,8/24/2025 1:00:00 AM,MIDATL,379.126
8/24/2025 4:00:00 AM,8/24/2025 12:00:00 AM,MIDATL,517.702
8/24/2025 3:00:00 AM,8/23/2025 11:00:00 PM,MIDATL,487.397
8/24/2025 2:00:00 AM,8/23/2025 10:00:00 PM,MIDATL,534.880
8/24/2025 1:00:00 AM,8/23/2025 9:00:00 PM,MIDATL,502.348
8/24/2025 12:00:00 AM,8/23/2025 8:00:00 PM,MIDATL,419.190
8/23/2025 11:00:00 PM,8/23/2025 7:00:00 PM,MIDATL,401.256
8/23/2025 10:00:00 PM,8/23/2025 6:00:00 PM,MIDATL,384.734
8/23/2025 9:00:00 PM,8/23/2025 5:00:00 PM,MIDATL,379.024
8/23/2025 8:00:00 PM,8/23/2025 4:00:00 PM,MIDATL,310.309
8/23/2025 7:00:00 PM,8/23/2025 3:00:00 PM,MIDATL,269.130
8/23/2025 6:00:00 PM,8/23/2025 2:00:00 PM,MIDATL,264.287
8/23/2025 5:00:00 PM,8/23/2025 1:00:00 PM,MIDATL,243.684
8/23/2025 4:00:00 PM,8/23/2025 12:00:00 PM,MIDATL,238.694
8/23/2025 3:00:00 PM,8/23/2025 11:00:00 AM,MIDATL,241.929
8/23/2025 2:00:00 PM,8/23/2025 10:00:00 AM,MIDATL,200.209
8/23/2025 1:00:00 PM,8/23/2025 9:00:00 AM,MIDATL,195.164
8/23/2025 12:00:00 PM,8/23/2025 8:00:00 AM,MIDATL,259.183
8/23/2025 11:00:00 AM,8/23/2025 7:00:00 AM,MIDATL,318.477
8/23/2025 10:00:00 AM,8/23/2025 6:00:00 AM,MIDATL,338.788
8/23/2025 9:00:00 AM,8/23/2025 5:00:00 AM,MIDATL,352.957
8/23/2025 8:00:00 AM,8/23/2025 4:00:00 AM,MIDATL,344.252
8/23/2025 7:00:00 AM,8/23/2025 3:00:00 AM,MIDATL,376.621
8/23/2025 6:00:00 AM,8/23/2025 2:00:00 AM,MIDATL,364.963
8/23/2025 5:00:00 AM,8/23/2025 1:00:00 AM,MIDATL,378.062
8/23/2025 4:00:00 AM,8/23/2025 12:00:00 AM,MIDATL,298.926
8/23/2025 3:00:00 AM,8/22/2025 11:00:00 PM,MIDATL,253.114
8/23/2025 2:00:00 AM,8/22/2025 10:00:00 PM,MIDATL,186.176
8/23/2025 1:00:00 AM,8/22/2025 9:00:00 PM,MIDATL,129.805
8/23/2025 12:00:00 AM,8/22/2025 8:00:00 PM,MIDATL,88.131
8/22/2025 11:00:00 PM,8/22/2025 7:00:00 PM,MIDATL,32.395
8/22/2025 10:00:00 PM,8/22/2025 6:00:00 PM,MIDATL,15.312
8/22/2025 9:00:00 PM,8/22/2025 5:00:00 PM,MIDATL,2.495
8/22/2025 8:00:00 PM,8/22/2025 4:00:00 PM,MIDATL,0.364
8/22/2025 7:00:00 PM,8/22/2025 3:00:00 PM,MIDATL,1.376
8/22/2025 6:00:00 PM,8/22/2025 2:00:00 PM,MIDATL,2.193
8/22/2025 5:00:00 PM,8/22/2025 1:00:00 PM,MIDATL,-1.481
8/22/2025 4:00:00 PM,8/22/2025 12:00:00 PM,MIDATL,-2.004
8/22/2025 3:00:00 PM,8/22/2025 11:00:00 AM,MIDATL,-1.842
8/22/2025 2:00:00 PM,8/22/2025 10:00:00 AM,MIDATL,-2.380
8/22/2025 1:00:00 PM,8/22/2025 9:00:00 AM,MIDATL,-1.781
8/22/2025 12:00:00 PM,8/22/2025 8:00:00 AM,MIDATL,11.036
8/22/2025 11:00:00 AM,8/22/2025 7:00:00 AM,MIDATL,27.934
8/22/2025 10:00:00 AM,8/22/2025 6:00:00 AM,MIDATL,44.915
8/22/2025 9:00:00 AM,8/22/2025 5:00:00 AM,MIDATL,35.784
8/22/2025 8:00:00 AM,8/22/2025 4:00:00 AM,MIDATL,25.309
8/22/2025 7:00:00 AM,8/22/2025 3:00:00 AM,MIDATL,26.435
8/22/2025 6:00:00 AM,8/22/2025 2:00:00 AM,MIDATL,46.780
8/22/2025 5:00:00 AM,8/22/2025 1:00:00 AM,MIDATL,51.894
8/22/2025 4:00:00 AM,8/22/2025 12:00:00 AM,MIDATL,90.531
8/22/2025 3:00:00 AM,8/21/2025 11:00:00 PM,MIDATL,117.977
8/22/2025 2:00:00 AM,8/21/2025 10:00:00 PM,MIDATL,102.659
8/22/2025 1:00:00 AM,8/21/2025 9:00:00 PM,MIDATL,58.352
8/22/2025 12:00:00 AM,8/21/2025 8:00:00 PM,MIDATL,51.026
8/21/2025 11:00:00 PM,8/21/2025 7:00:00 PM,MIDATL,36.032
8/21/2025 10:00:00 PM,8/21/2025 6:00:00 PM,MIDATL,25.444
8/21/2025 9:00:00 PM,8/21/2025 5:00:00 PM,MIDATL,41.080
8/21/2025 8:00:00 PM,8/21/2025 4:00:00 PM,MIDATL,37.369
8/21/2025 7:00:00 PM,8/21/2025 3:00:00 PM,MIDATL,31.618
8/21/2025 6:00:00 PM,8/21/2025 2:00:00 PM,MIDATL,21.896
8/21/2025 5:00:00 PM,8/21/2025 1:00:00 PM,MIDATL,15.890
8/21/2025 4:00:00 PM,8/21/2025 12:00:00 PM,MIDATL,21.112
8/21/2025 3:00:00 PM,8/21/2025 11:00:00 AM,MIDATL,26.178
8/21/2025 2:00:00 PM,8/21/2025 10:00:00 AM,MIDATL,21.034
8/21/2025 1:00:00 PM,8/21/2025 9:00:00 AM,MIDATL,40.284
8/21/2025 12:00:00 PM,8/21/2025 8:00:00 AM,MIDATL,59.961
8/21/2025 11:00:00 AM,8/21/2025 7:00:00 AM,MIDATL,56.405
8/21/2025 10:00:00 AM,8/21/2025 6:00:00 AM,MIDATL,35.662
8/21/2025 9:00:00 AM,8/21/2025 5:00:00 AM,MIDATL,42.437
8/21/2025 8:00:00 AM,8/21/2025 4:00:00 AM,MIDATL,47.038
8/21/2025 7:00:00 AM,8/21/2025 3:00:00 AM,MIDATL,58.410
8/21/2025 6:00:00 AM,8/21/2025 2:00:00 AM,MIDATL,66.642
8/21/2025 5:00:00 AM,8/21/2025 1:00:00 AM,MIDATL,68.890
8/21/2025 4:00:00 AM,8/21/2025 12:00:00 AM,MIDATL,74.219
8/21/2025 3:00:00 AM,8/20/2025 11:00:00 PM,MIDATL,83.599
8/21/2025 2:00:00 AM,8/20/2025 10:00:00 PM,MIDATL,98.046
8/21/2025 1:00:00 AM,8/20/2025 9:00:00 PM,MIDATL,110.572
8/21/2025 12:00:00 AM,8/20/2025 8:00:00 PM,MIDATL,93.097
8/20/2025 11:00:00 PM,8/20/2025 7:00:00 PM,MIDATL,92.905
8/20/2025 10:00:00 PM,8/20/2025 6:00:00 PM,MIDATL,102.589
8/20/2025 9:00:00 PM,8/20/2025 5:00:00 PM,MIDATL,86.367
8/20/2025 8:00:00 PM,8/20/2025 4:00:00 PM,MIDATL,73.332
8/20/2025 7:00:00 PM,8/20/2025 3:00:00 PM,MIDATL,74.157
8/20/2025 6:00:00 PM,8/20/2025 2:00:00 PM,MIDATL,97.759
8/20/2025 5:00:00 PM,8/20/2025 1:00:00 PM,MIDATL,119.486
8/20/2025 4:00:00 PM,8/20/2025 12:00:00 PM,MIDATL,152.210
8/20/2025 3:00:00 PM,8/20/2025 11:00:00 AM,MIDATL,169.183
8/20/2025 2:00:00 PM,8/20/2025 10:00:00 AM,MIDATL,173.744
8/20/2025 1:00:00 PM,8/20/2025 9:00:00 AM,MIDATL,221.091
8/20/2025 12:00:00 PM,8/20/2025 8:00:00 AM,MIDATL,324.028
8/20/2025 11:00:00 AM,8/20/2025 7:00:00 AM,MIDATL,372.708
8/20/2025 10:00:00 AM,8/20/2025 6:00:00 AM,MIDATL,333.718
8/20/2025 9:00:00 AM,8/20/2025 5:00:00 AM,MIDATL,280.703
8/20/2025 8:00:00 AM,8/20/2025 4:00:00 AM,MIDATL,339.404
8/20/2025 7:00:00 AM,8/20/2025 3:00:00 AM,MIDATL,402.577
8/20/2025 6:00:00 AM,8/20/2025 2:00:00 AM,MIDATL,498.267
8/20/2025 5:00:00 AM,8/20/2025 1:00:00 AM,MIDATL,487.195
8/20/2025 4:00:00 AM,8/20/2025 12:00:00 AM,MIDATL,468.733
8/20/2025 3:00:00 AM,8/19/2025 11:00:00 PM,MIDATL,456.265
8/20/2025 2:00:00 AM,8/19/2025 10:00:00 PM,MIDATL,477.493
8/20/2025 1:00:00 AM,8/19/2025 9:00:00 PM,MIDATL,457.996
8/20/2025 12:00:00 AM,8/19/2025 8:00:00 PM,MIDATL,435.019
8/19/2025 11:00:00 PM,8/19/2025 7:00:00 PM,MIDATL,385.278
8/19/2025 10:00:00 PM,8/19/2025 6:00:00 PM,MIDATL,259.979
8/19/2025 9:00:00 PM,8/19/2025 5:00:00 PM,MIDATL,263.130
8/19/2025 8:00:00 PM,8/19/2025 4:00:00 PM,MIDATL,228.576
8/19/2025 7:00:00 PM,8/19/2025 3:00:00 PM,MIDATL,187.671
8/19/2025 6:00:00 PM,8/19/2025 2:00:00 PM,MIDATL,159.345
8/19/2025 5:00:00 PM,8/19/2025 1:00:00 PM,MIDATL,164.292
8/19/2025 4:00:00 PM,8/19/2025 12:00:00 PM,MIDATL,176.311
8/19/2025 3:00:00 PM,8/19/2025 11:00:00 AM,MIDATL,225.368
8/19/2025 2:00:00 PM,8/19/2025 10:00:00 AM,MIDATL,230.553
8/19/2025 1:00:00 PM,8/19/2025 9:00:00 AM,MIDATL,260.751
8/19/2025 12:00:00 PM,8/19/2025 8:00:00 AM,MIDATL,285.270
8/19/2025 11:00:00 AM,8/19/2025 7:00:00 AM,MIDATL,246.118
8/19/2025 10:00:00 AM,8/19/2025 6:00:00 AM,MIDATL,228.779
8/19/2025 9:00:00 AM,8/19/2025 5:00:00 AM,MIDATL,215.185
8/19/2025 8:00:00 AM,8/19/2025 4:00:00 AM,MIDATL,192.567
8/19/2025 7:00:00 AM,8/19/2025 3:00:00 AM,MIDATL,219.248
8/19/2025 6:00:00 AM,8/19/2025 2:00:00 AM,MIDATL,179.004
8/19/2025 5:00:00 AM,8/19/2025 1:00:00 AM,MIDATL,222.110
8/19/2025 4:00:00 AM,8/19/2025 12:00:00 AM,MIDATL,305.803
8/19/2025 3:00:00 AM,8/18/2025 11:00:00 PM,MIDATL,299.643
8/19/2025 2:00:00 AM,8/18/2025 10:00:00 PM,MIDATL,191.337
8/19/2025 1:00:00 AM,8/18/2025 9:00:00 PM,MIDATL,139.452
8/19/2025 12:00:00 AM,8/18/2025 8:00:00 PM,MIDATL,109.328
8/18/2025 11:00:00 PM,8/18/2025 7:00:00 PM,MIDATL,64.426
8/18/2025 10:00:00 PM,8/18/2025 6:00:00 PM,MIDATL,54.340
8/18/2025 9:00:00 PM,8/18/2025 5:00:00 PM,MIDATL,53.142
8/18/2025 8:00:00 PM,8/18/2025 4:00:00 PM,MIDATL,32.945
8/18/2025 7:00:00 PM,8/18/2025 3:00:00 PM,MIDATL,21.414
8/18/2025 6:00:00 PM,8/18/2025 2:00:00 PM,MIDATL,17.985
8/18/2025 5:00:00 PM,8/18/2025 1:00:00 PM,MIDATL,16.418
8/18/2025 4:00:00 PM,8/18/2025 12:00:00 PM,MIDATL,13.843
8/18/2025 3:00:00 PM,8/18/2025 11:00:00 AM,MIDATL,26.713
8/18/2025 2:00:00 PM,8/18/2025 10:00:00 AM,MIDATL,51.321
8/18/2025 1:00:00 PM,8/18/2025 9:00:00 AM,MIDATL,106.537
8/18/2025 12:00:00 PM,8/18/2025 8:00:00 AM,MIDATL,120.277
8/18/2025 11:00:00 AM,8/18/2025 7:00:00 AM,MIDATL,183.434
8/18/2025 10:00:00 AM,8/18/2025 6:00:00 AM,MIDATL,237.310
8/18/2025 9:00:00 AM,8/18/2025 5:00:00 AM,MIDATL,263.021
8/18/2025 8:00:00 AM,8/18/2025 4:00:00 AM,MIDATL,254.633
8/18/2025 7:00:00 AM,8/18/2025 3:00:00 AM,MIDATL,266.614
8/18/2025 6:00:00 AM,8/18/2025 2:00:00 AM,MIDATL,297.890
8/18/2025 5:00:00 AM,8/18/2025 1:00:00 AM,MIDATL,298.147
8/18/2025 4:00:00 AM,8/18/2025 12:00:00 AM,MIDATL,304.165
8/18/2025 3:00:00 AM,8/17/2025 11:00:00 PM,MIDATL,307.945
8/18/2025 2:00:00 AM,8/17/2025 10:00:00 PM,MIDATL,284.402
8/18/2025 1:00:00 AM,8/17/2025 9:00:00 PM,MIDATL,303.326
8/18/2025 12:00:00 AM,8/17/2025 8:00:00 PM,MIDATL,302.773
8/17/2025 11:00:00 PM,8/17/2025 7:00:00 PM,MIDATL,276.117
8/17/2025 10:00:00 PM,8/17/2025 6:00:00 PM,MIDATL,271.149
8/17/2025 9:00:00 PM,8/17/2025 5:00:00 PM,MIDATL,283.765
8/17/2025 8:00:00 PM,8/17/2025 4:00:00 PM,MIDATL,275.585
8/17/2025 7:00:00 PM,8/17/2025 3:00:00 PM,MIDATL,231.087
8/17/2025 6:00:00 PM,8/17/2025 2:00:00 PM,MIDATL,254.415
8/17/2025 5:00:00 PM,8/17/2025 1:00:00 PM,MIDATL,192.696
8/17/2025 4:00:00 PM,8/17/2025 12:00:00 PM,MIDATL,183.277
8/17/2025 3:00:00 PM,8/17/2025 11:00:00 AM,MIDATL,136.808
8/17/2025 2:00:00 PM,8/17/2025 10:00:00 AM,MIDATL,140.923
8/17/2025 1:00:00 PM,8/17/2025 9:00:00 AM,MIDATL,99.446
8/17/2025 12:00:00 PM,8/17/2025 8:00:00 AM,MIDATL,105.846
8/17/2025 11:00:00 AM,8/17/2025 7:00:00 AM,MIDATL,143.165
8/17/2025 10:00:00 AM,8/17/2025 6:00:00 AM,MIDATL,112.685
8/17/2025 9:00:00 AM,8/17/2025 5:00:00 AM,MIDATL,128.657
8/17/2025 8:00:00 AM,8/17/2025 4:00:00 AM,MIDATL,143.539
8/17/2025 7:00:00 AM,8/17/2025 3:00:00 AM,MIDATL,135.646
8/17/2025 6:00:00 AM,8/17/2025 2:00:00 AM,MIDATL,100.235
8/17/2025 5:00:00 AM,8/17/2025 1:00:00 AM,MIDATL,97.114
8/17/2025 4:00:00 AM,8/17/2025 12:00:00 AM,MIDATL,47.887
8/17/2025 3:00:00 AM,8/16/2025 11:00:00 PM,MIDATL,69.714
8/17/2025 2:00:00 AM,8/16/2025 10:00:00 PM,MIDATL,105.602
8/17/2025 1:00:00 AM,8/16/2025 9:00:00 PM,MIDATL,89.765
8/17/2025 12:00:00 AM,8/16/2025 8:00:00 PM,MIDATL,79.753
8/16/2025 11:00:00 PM,8/16/2025 7:00:00 PM,MIDATL,76.049
8/16/2025 10:00:00 PM,8/16/2025 6:00:00 PM,MIDATL,80.738
8/16/2025 9:00:00 PM,8/16/2025 5:00:00 PM,MIDATL,80.953
8/16/2025 8:00:00 PM,8/16/2025 4:00:00 PM,MIDATL,79.149
8/16/2025 7:00:00 PM,8/16/2025 3:00:00 PM,MIDATL,83.219
8/16/2025 6:00:00 PM,8/16/2025 2:00:00 PM,MIDATL,51.926
8/16/2025 5:00:00 PM,8/16/2025 1:00:00 PM,MIDATL,32.031
8/16/2025 4:00:00 PM,8/16/2025 12:00:00 PM,MIDATL,19.696
8/16/2025 3:00:00 PM,8/16/2025 11:00:00 AM,MIDATL,9.334
8/16/2025 2:00:00 PM,8/16/2025 10:00:00 AM,MIDATL,9.067
8/16/2025 1:00:00 PM,8/16/2025 9:00:00 AM,MIDATL,14.779
8/16/2025 12:00:00 PM,8/16/2025 8:00:00 AM,MIDATL,38.239
8/16/2025 11:00:00 AM,8/16/2025 7:00:00 AM,MIDATL,62.759
8/16/2025 10:00:00 AM,8/16/2025 6:00:00 AM,MIDATL,60.823
8/16/2025 9:00:00 AM,8/16/2025 5:00:00 AM,MIDATL,70.325
8/16/2025 8:00:00 AM,8/16/2025 4:00:00 AM,MIDATL,74.208
8/16/2025 7:00:00 AM,8/16/2025 3:00:00 AM,MIDATL,108.819
8/16/2025 6:00:00 AM,8/16/2025 2:00:00 AM,MIDATL,95.040
8/16/2025 5:00:00 AM,8/16/2025 1:00:00 AM,MIDATL,95.271
8/16/2025 4:00:00 AM,8/16/2025 12:00:00 AM,MIDATL,80.777
8/16/2025 3:00:00 AM,8/15/2025 11:00:00 PM,MIDATL,73.448
8/16/2025 2:00:00 AM,8/15/2025 10:00:00 PM,MIDATL,66.644
8/16/2025 1:00:00 AM,8/15/2025 9:00:00 PM,MIDATL,49.257
8/16/2025 12:00:00 AM,8/15/2025 8:00:00 PM,MIDATL,34.876
8/15/2025 11:00:00 PM,8/15/2025 7:00:00 PM,MIDATL,17.740
8/15/2025 10:00:00 PM,8/15/2025 6:00:00 PM,MIDATL,3.072
8/15/2025 9:00:00 PM,8/15/2025 5:00:00 PM,MIDATL,-0.080
8/15/2025 8:00:00 PM,8/15/2025 4:00:00 PM,MIDATL,-2.140
8/15/2025 7:00:00 PM,8/15/2025 3:00:00 PM,MIDATL,-1.076
8/15/2025 6:00:00 PM,8/15/2025 2:00:00 PM,MIDATL,0.274
8/15/2025 5:00:00 PM,8/15/2025 1:00:00 PM,MIDATL,-0.438
8/15/2025 4:00:00 PM,8/15/2025 12:00:00 PM,MIDATL,-1.834
8/15/2025 3:00:00 PM,8/15/2025 11:00:00 AM,MIDATL,2.637
8/15/2025 2:00:00 PM,8/15/2025 10:00:00 AM,MIDATL,15.656
8/15/2025 1:00:00 PM,8/15/2025 9:00:00 AM,MIDATL,22.252
8/15/2025 12:00:00 PM,8/15/2025 8:00:00 AM,MIDATL,31.049
8/15/2025 11:00:00 AM,8/15/2025 7:00:00 AM,MIDATL,54.865
8/15/2025 10:00:00 AM,8/15/2025 6:00:00 AM,MIDATL,71.633
8/15/2025 9:00:00 AM,8/15/2025 5:00:00 AM,MIDATL,55.071
8/15/2025 8:00:00 AM,8/15/2025 4:00:00 AM,MIDATL,52.871
8/15/2025 7:00:00 AM,8/15/2025 3:00:00 AM,MIDATL,78.349
8/15/2025 6:00:00 AM,8/15/2025 2:00:00 AM,MIDATL,115.544
8/15/2025 5:00:00 AM,8/15/2025 1:00:00 AM,MIDATL,124.136
8/15/2025 4:00:00 AM,8/15/2025 12:00:00 AM,MIDATL,137.630
8/15/2025 3:00:00 AM,8/14/2025 11:00:00 PM,MIDATL,124.771
8/15/2025 2:00:00 AM,8/14/2025 10:00:00 PM,MIDATL,109.742
8/15/2025 1:00:00 AM,8/14/2025 9:00:00 PM,MIDATL,109.624
8/15/2025 12:00:00 AM,8/14/2025 8:00:00 PM,MIDATL,96.739
8/14/2025 11:00:00 PM,8/14/2025 7:00:00 PM,MIDATL,76.300
8/14/2025 10:00:00 PM,8/14/2025 6:00:00 PM,MIDATL,69.642
8/14/2025 9:00:00 PM,8/14/2025 5:00:00 PM,MIDATL,63.492
8/14/2025 8:00:00 PM,8/14/2025 4:00:00 PM,MIDATL,77.069
8/14/2025 7:00:00 PM,8/14/2025 3:00:00 PM,MIDATL,88.308
8/14/2025 6:00:00 PM,8/14/2025 2:00:00 PM,MIDATL,74.095
8/14/2025 5:00:00 PM,8/14/2025 1:00:00 PM,MIDATL,46.969
8/14/2025 4:00:00 PM,8/14/2025 12:00:00 PM,MIDATL,32.541
8/14/2025 3:00:00 PM,8/14/2025 11:00:00 AM,MIDATL,18.019
8/14/2025 2:00:00 PM,8/14/2025 10:00:00 AM,MIDATL,22.230
8/14/2025 1:00:00 PM,8/14/2025 9:00:00 AM,MIDATL,37.129
8/14/2025 12:00:00 PM,8/14/2025 8:00:00 AM,MIDATL,44.963
8/14/2025 11:00:00 AM,8/14/2025 7:00:00 AM,MIDATL,46.095
8/14/2025 10:00:00 AM,8/14/2025 6:00:00 AM,MIDATL,58.744
8/14/2025 9:00:00 AM,8/14/2025 5:00:00 AM,MIDATL,54.996
8/14/2025 8:00:00 AM,8/14/2025 4:00:00 AM,MIDATL,84.491
8/14/2025 7:00:00 AM,8/14/2025 3:00:00 AM,MIDATL,87.901
8/14/2025 6:00:00 AM,8/14/2025 2:00:00 AM,MIDATL,60.900
8/14/2025 5:00:00 AM,8/14/2025 1:00:00 AM,MIDATL,77.899
8/14/2025 4:00:00 AM,8/14/2025 12:00:00 AM,MIDATL,55.259
8/14/2025 3:00:00 AM,8/13/2025 11:00:00 PM,MIDATL,79.234
8/14/2025 2:00:00 AM,8/13/2025 10:00:00 PM,MIDATL,74.982
8/14/2025 1:00:00 AM,8/13/2025 9:00:00 PM,MIDATL,64.021
8/14/2025 12:00:00 AM,8/13/2025 8:00:00 PM,MIDATL,90.900
8/13/2025 11:00:00 PM,8/13/2025 7:00:00 PM,MIDATL,64.710
8/13/2025 10:00:00 PM,8/13/2025 6:00:00 PM,MIDATL,41.998
8/13/2025 9:00:00 PM,8/13/2025 5:00:00 PM,MIDATL,28.268
8/13/2025 8:00:00 PM,8/13/2025 4:00:00 PM,MIDATL,53.163
8/13/2025 7:00:00 PM,8/13/2025 3:00:00 PM,MIDATL,78.637
8/13/2025 6:00:00 PM,8/13/2025 2:00:00 PM,MIDATL,116.406
8/13/2025 5:00:00 PM,8/13/2025 1:00:00 PM,MIDATL,124.962
8/13/2025 4:00:00 PM,8/13/2025 12:00:00 PM,MIDATL,80.945
8/13/2025 3:00:00 PM,8/13/2025 11:00:00 AM,MIDATL,22.206
8/13/2025 2:00:00 PM,8/13/2025 10:00:00 AM,MIDATL,16.718
8/13/2025 1:00:00 PM,8/13/2025 9:00:00 AM,MIDATL,50.962
8/13/2025 12:00:00 PM,8/13/2025 8:00:00 AM,MIDATL,97.751
8/13/2025 11:00:00 AM,8/13/2025 7:00:00 AM,MIDATL,153.865
8/13/2025 10:00:00 AM,8/13/2025 6:00:00 AM,MIDATL,169.605
8/13/2025 9:00:00 AM,8/13/2025 5:00:00 AM,MIDATL,188.663
8/13/2025 8:00:00 AM,8/13/2025 4:00:00 AM,MIDATL,185.919
8/13/2025 7:00:00 AM,8/13/2025 3:00:00 AM,MIDATL,194.162
8/13/2025 6:00:00 AM,8/13/2025 2:00:00 AM,MIDATL,222.737
8/13/2025 5:00:00 AM,8/13/2025 1:00:00 AM,MIDATL,221.757
8/13/2025 4:00:00 AM,8/13/2025 12:00:00 AM,MIDATL,223.649
8/13/2025 3:00:00 AM,8/12/2025 11:00:00 PM,MIDATL,213.567
8/13/2025 2:00:00 AM,8/12/2025 10:00:00 PM,MIDATL,210.874
8/13/2025 1:00:00 AM,8/12/2025 9:00:00 PM,MIDATL,184.910
8/13/2025 12:00:00 AM,8/12/2025 8:00:00 PM,MIDATL,157.319
8/12/2025 11:00:00 PM,8/12/2025 7:00:00 PM,MIDATL,97.934
8/12/2025 10:00:00 PM,8/12/2025 6:00:00 PM,MIDATL,70.741
8/12/2025 9:00:00 PM,8/12/2025 5:00:00 PM,MIDATL,53.198
8/12/2025 8:00:00 PM,8/12/2025 4:00:00 PM,MIDATL,58.638
8/12/2025 7:00:00 PM,8/12/2025 3:00:00 PM,MIDATL,49.456
8/12/2025 6:00:00 PM,8/12/2025 2:00:00 PM,MIDATL,29.513
8/12/2025 5:00:00 PM,8/12/2025 1:00:00 PM,MIDATL,12.014
8/12/2025 4:00:00 PM,8/12/2025 12:00:00 PM,MIDATL,1.343
8/12/2025 3:00:00 PM,8/12/2025 11:00:00 AM,MIDATL,-4.859
8/12/2025 2:00:00 PM,8/12/2025 10:00:00 AM,MIDATL,-5.441
8/12/2025 1:00:00 PM,8/12/2025 9:00:00 AM,MIDATL,-3.009
8/12/2025 12:00:00 PM,8/12/2025 8:00:00 AM,MIDATL,29.665
8/12/2025 11:00:00 AM,8/12/2025 7:00:00 AM,MIDATL,97.055
8/12/2025 10:00:00 AM,8/12/2025 6:00:00 AM,MIDATL,128.559
8/12/2025 9:00:00 AM,8/12/2025 5:00:00 AM,MIDATL,183.987
8/12/2025 8:00:00 AM,8/12/2025 4:00:00 AM,MIDATL,203.020
8/12/2025 7:00:00 AM,8/12/2025 3:00:00 AM,MIDATL,225.724
8/12/2025 6:00:00 AM,8/12/2025 2:00:00 AM,MIDATL,250.048
8/12/2025 5:00:00 AM,8/12/2025 1:00:00 AM,MIDATL,270.889
8/12/2025 4:00:00 AM,8/12/2025 12:00:00 AM,MIDATL,286.750
8/12/2025 3:00:00 AM,8/11/2025 11:00:00 PM,MIDATL,262.782
8/12/2025 2:00:00 AM,8/11/2025 10:00:00 PM,MIDATL,248.274
8/12/2025 1:00:00 AM,8/11/2025 9:00:00 PM,MIDATL,207.995
8/12/2025 12:00:00 AM,8/11/2025 8:00:00 PM,MIDATL,137.801
8/11/2025 11:00:00 PM,8/11/2025 7:00:00 PM,MIDATL,81.750
8/11/2025 10:00:00 PM,8/11/2025 6:00:00 PM,MIDATL,48.855
8/11/2025 9:00:00 PM,8/11/2025 5:00:00 PM,MIDATL,31.834
8/11/2025 8:00:00 PM,8/11/2025 4:00:00 PM,MIDATL,22.387
8/11/2025 7:00:00 PM,8/11/2025 3:00:00 PM,MIDATL,15.902
8/11/2025 6:00:00 PM,8/11/2025 2:00:00 PM,MIDATL,7.938
8/11/2025 5:00:00 PM,8/11/2025 1:00:00 PM,MIDATL,2.188
8/11/2025 4:00:00 PM,8/11/2025 12:00:00 PM,MIDATL,-0.420
8/11/2025 3:00:00 PM,8/11/2025 11:00:00 AM,MIDATL,-1.243
8/11/2025 2:00:00 PM,8/11/2025 10:00:00 AM,MIDATL,1.532
8/11/2025 1:00:00 PM,8/11/2025 9:00:00 AM,MIDATL,4.540
8/11/2025 12:00:00 PM,8/11/2025 8:00:00 AM,MIDATL,41.037
8/11/2025 11:00:00 AM,8/11/2025 7:00:00 AM,MIDATL,110.926
8/11/2025 10:00:00 AM,8/11/2025 6:00:00 AM,MIDATL,160.590
8/11/2025 9:00:00 AM,8/11/2025 5:00:00 AM,MIDATL,171.569
8/11/2025 8:00:00 AM,8/11/2025 4:00:00 AM,MIDATL,183.543
8/11/2025 7:00:00 AM,8/11/2025 3:00:00 AM,MIDATL,188.699
8/11/2025 6:00:00 AM,8/11/2025 2:00:00 AM,MIDATL,225.507
8/11/2025 5:00:00 AM,8/11/2025 1:00:00 AM,MIDATL,257.745
8/11/2025 4:00:00 AM,8/11/2025 12:00:00 AM,MIDATL,287.657
8/11/2025 3:00:00 AM,8/10/2025 11:00:00 PM,MIDATL,293.074
8/11/2025 2:00:00 AM,8/10/2025 10:00:00 PM,MIDATL,270.193
8/11/2025 1:00:00 AM,8/10/2025 9:00:00 PM,MIDATL,234.733
8/11/2025 12:00:00 AM,8/10/2025 8:00:00 PM,MIDATL,178.145
8/10/2025 11:00:00 PM,8/10/2025 7:00:00 PM,MIDATL,105.398
8/10/2025 10:00:00 PM,8/10/2025 6:00:00 PM,MIDATL,47.540
8/10/2025 9:00:00 PM,8/10/2025 5:00:00 PM,MIDATL,40.671
8/10/2025 8:00:00 PM,8/10/2025 4:00:00 PM,MIDATL,50.599
8/10/2025 7:00:00 PM,8/10/2025 3:00:00 PM,MIDATL,52.841
8/10/2025 6:00:00 PM,8/10/2025 2:00:00 PM,MIDATL,42.644
8/10/2025 5:00:00 PM,8/10/2025 1:00:00 PM,MIDATL,27.621
8/10/2025 4:00:00 PM,8/10/2025 12:00:00 PM,MIDATL,22.880
8/10/2025 3:00:00 PM,8/10/2025 11:00:00 AM,MIDATL,10.018
8/10/2025 2:00:00 PM,8/10/2025 10:00:00 AM,MIDATL,4.290
8/10/2025 1:00:00 PM,8/10/2025 9:00:00 AM,MIDATL,13.686
8/10/2025 12:00:00 PM,8/10/2025 8:00:00 AM,MIDATL,52.419
8/10/2025 11:00:00 AM,8/10/2025 7:00:00 AM,MIDATL,137.421
8/10/2025 10:00:00 AM,8/10/2025 6:00:00 AM,MIDATL,135.031
8/10/2025 9:00:00 AM,8/10/2025 5:00:00 AM,MIDATL,164.483
8/10/2025 8:00:00 AM,8/10/2025 4:00:00 AM,MIDATL,166.245
8/10/2025 7:00:00 AM,8/10/2025 3:00:00 AM,MIDATL,178.151
8/10/2025 6:00:00 AM,8/10/2025 2:00:00 AM,MIDATL,188.756
8/10/2025 5:00:00 AM,8/10/2025 1:00:00 AM,MIDATL,206.395
8/10/2025 4:00:00 AM,8/10/2025 12:00:00 AM,MIDATL,212.396
8/10/2025 3:00:00 AM,8/9/2025 11:00:00 PM,MIDATL,215.070
8/10/2025 2:00:00 AM,8/9/2025 10:00:00 PM,MIDATL,200.113
8/10/2025 1:00:00 AM,8/9/2025 9:00:00 PM,MIDATL,160.389
8/10/2025 12:00:00 AM,8/9/2025 8:00:00 PM,MIDATL,87.548
8/9/2025 11:00:00 PM,8/9/2025 7:00:00 PM,MIDATL,44.565
8/9/2025 10:00:00 PM,8/9/2025 6:00:00 PM,MIDATL,13.220
8/9/2025 9:00:00 PM,8/9/2025 5:00:00 PM,MIDATL,5.711
8/9/2025 8:00:00 PM,8/9/2025 4:00:00 PM,MIDATL,17.250
8/9/2025 7:00:00 PM,8/9/2025 3:00:00 PM,MIDATL,31.819
8/9/2025 6:00:00 PM,8/9/2025 2:00:00 PM,MIDATL,31.191
8/9/2025 5:00:00 PM,8/9/2025 1:00:00 PM,MIDATL,15.851
8/9/2025 4:00:00 PM,8/9/2025 12:00:00 PM,MIDATL,6.214
8/9/2025 3:00:00 PM,8/9/2025 11:00:00 AM,MIDATL,7.953
8/9/2025 2:00:00 PM,8/9/2025 10:00:00 AM,MIDATL,-2.996
8/9/2025 1:00:00 PM,8/9/2025 9:00:00 AM,MIDATL,-4.859
8/9/2025 12:00:00 PM,8/9/2025 8:00:00 AM,MIDATL,2.202
8/9/2025 11:00:00 AM,8/9/2025 7:00:00 AM,MIDATL,31.820
8/9/2025 10:00:00 AM,8/9/2025 6:00:00 AM,MIDATL,45.628
8/9/2025 9:00:00 AM,8/9/2025 5:00:00 AM,MIDATL,63.713
8/9/2025 8:00:00 AM,8/9/2025 4:00:00 AM,MIDATL,95.700
8/9/2025 7:00:00 AM,8/9/2025 3:00:00 AM,MIDATL,124.002
8/9/2025 6:00:00 AM,8/9/2025 2:00:00 AM,MIDATL,143.240
8/9/2025 5:00:00 AM,8/9/2025 1:00:00 AM,MIDATL,150.553
8/9/2025 4:00:00 AM,8/9/2025 12:00:00 AM,MIDATL,186.545
8/9/2025 3:00:00 AM,8/8/2025 11:00:00 PM,MIDATL,223.682
8/9/2025 2:00:00 AM,8/8/2025 10:00:00 PM,MIDATL,211.000
8/9/2025 1:00:00 AM,8/8/2025 9:00:00 PM,MIDATL,185.790
8/9/2025 12:00:00 AM,8/8/2025 8:00:00 PM,MIDATL,151.284
8/8/2025 11:00:00 PM,8/8/2025 7:00:00 PM,MIDATL,102.412
8/8/2025 10:00:00 PM,8/8/2025 6:00:00 PM,MIDATL,55.065
8/8/2025 9:00:00 PM,8/8/2025 5:00:00 PM,MIDATL,44.839
8/8/2025 8:00:00 PM,8/8/2025 4:00:00 PM,MIDATL,35.697
8/8/2025 7:00:00 PM,8/8/2025 3:00:00 PM,MIDATL,31.877
8/8/2025 6:00:00 PM,8/8/2025 2:00:00 PM,MIDATL,32.433
8/8/2025 5:00:00 PM,8/8/2025 1:00:00 PM,MIDATL,45.500
8/8/2025 4:00:00 PM,8/8/2025 12:00:00 PM,MIDATL,33.083
8/8/2025 3:00:00 PM,8/8/2025 11:00:00 AM,MIDATL,27.863
8/8/2025 2:00:00 PM,8/8/2025 10:00:00 AM,MIDATL,54.148
8/8/2025 1:00:00 PM,8/8/2025 9:00:00 AM,MIDATL,66.448
8/8/2025 12:00:00 PM,8/8/2025 8:00:00 AM,MIDATL,101.696
8/8/2025 11:00:00 AM,8/8/2025 7:00:00 AM,MIDATL,152.724
8/8/2025 10:00:00 AM,8/8/2025 6:00:00 AM,MIDATL,153.812
8/8/2025 9:00:00 AM,8/8/2025 5:00:00 AM,MIDATL,188.435
8/8/2025 8:00:00 AM,8/8/2025 4:00:00 AM,MIDATL,213.938
8/8/2025 7:00:00 AM,8/8/2025 3:00:00 AM,MIDATL,198.542
8/8/2025 6:00:00 AM,8/8/2025 2:00:00 AM,MIDATL,199.271
8/8/2025 5:00:00 AM,8/8/2025 1:00:00 AM,MIDATL,205.670
8/8/2025 4:00:00 AM,8/8/2025 12:00:00 AM,MIDATL,266.287
8/8/2025 3:00:00 AM,8/7/2025 11:00:00 PM,MIDATL,316.175
8/8/2025 2:00:00 AM,8/7/2025 10:00:00 PM,MIDATL,278.391
8/8/2025 1:00:00 AM,8/7/2025 9:00:00 PM,MIDATL,213.320
8/8/2025 12:00:00 AM,8/7/2025 8:00:00 PM,MIDATL,139.322
8/7/2025 11:00:00 PM,8/7/2025 7:00:00 PM,MIDATL,108.912
8/7/2025 10:00:00 PM,8/7/2025 6:00:00 PM,MIDATL,127.839
8/7/2025 9:00:00 PM,8/7/2025 5:00:00 PM,MIDATL,129.136
8/7/2025 8:00:00 PM,8/7/2025 4:00:00 PM,MIDATL,112.466
8/7/2025 7:00:00 PM,8/7/2025 3:00:00 PM,MIDATL,152.383
8/7/2025 6:00:00 PM,8/7/2025 2:00:00 PM,MIDATL,190.167
8/7/2025 5:00:00 PM,8/7/2025 1:00:00 PM,MIDATL,196.294
8/7/2025 4:00:00 PM,8/7/2025 12:00:00 PM,MIDATL,181.988
8/7/2025 3:00:00 PM,8/7/2025 11:00:00 AM,MIDATL,160.273
8/7/2025 2:00:00 PM,8/7/2025 10:00:00 AM,MIDATL,125.347
8/7/2025 1:00:00 PM,8/7/2025 9:00:00 AM,MIDATL,109.432
8/7/2025 12:00:00 PM,8/7/2025 8:00:00 AM,MIDATL,107.432
8/7/2025 11:00:00 AM,8/7/2025 7:00:00 AM,MIDATL,153.340
8/7/2025 10:00:00 AM,8/7/2025 6:00:00 AM,MIDATL,163.890
8/7/2025 9:00:00 AM,8/7/2025 5:00:00 AM,MIDATL,192.668
8/7/2025 8:00:00 AM,8/7/2025 4:00:00 AM,MIDATL,222.210
8/7/2025 7:00:00 AM,8/7/2025 3:00:00 AM,MIDATL,216.688
8/7/2025 6:00:00 AM,8/7/2025 2:00:00 AM,MIDATL,254.341
8/7/2025 5:00:00 AM,8/7/2025 1:00:00 AM,MIDATL,355.309
8/7/2025 4:00:00 AM,8/7/2025 12:00:00 AM,MIDATL,357.492
8/7/2025 3:00:00 AM,8/6/2025 11:00:00 PM,MIDATL,402.519
8/7/2025 2:00:00 AM,8/6/2025 10:00:00 PM,MIDATL,287.361
8/7/2025 1:00:00 AM,8/6/2025 9:00:00 PM,MIDATL,213.593
8/7/2025 12:00:00 AM,8/6/2025 8:00:00 PM,MIDATL,158.545
8/6/2025 11:00:00 PM,8/6/2025 7:00:00 PM,MIDATL,149.310
8/6/2025 10:00:00 PM,8/6/2025 6:00:00 PM,MIDATL,116.676
8/6/2025 9:00:00 PM,8/6/2025 5:00:00 PM,MIDATL,163.278
8/6/2025 8:00:00 PM,8/6/2025 4:00:00 PM,MIDATL,233.462
8/6/2025 7:00:00 PM,8/6/2025 3:00:00 PM,MIDATL,205.751
8/6/2025 6:00:00 PM,8/6/2025 2:00:00 PM,MIDATL,140.820
8/6/2025 5:00:00 PM,8/6/2025 1:00:00 PM,MIDATL,122.567
8/6/2025 4:00:00 PM,8/6/2025 12:00:00 PM,MIDATL,121.961
8/6/2025 3:00:00 PM,8/6/2025 11:00:00 AM,MIDATL,108.706
8/6/2025 2:00:00 PM,8/6/2025 10:00:00 AM,MIDATL,99.619
8/6/2025 1:00:00 PM,8/6/2025 9:00:00 AM,MIDATL,112.447
8/6/2025 12:00:00 PM,8/6/2025 8:00:00 AM,MIDATL,99.266
8/6/2025 11:00:00 AM,8/6/2025 7:00:00 AM,MIDATL,100.019
8/6/2025 10:00:00 AM,8/6/2025 6:00:00 AM,MIDATL,111.859
8/6/2025 9:00:00 AM,8/6/2025 5:00:00 AM,MIDATL,121.815
8/6/2025 8:00:00 AM,8/6/2025 4:00:00 AM,MIDATL,100.096
8/6/2025 7:00:00 AM,8/6/2025 3:00:00 AM,MIDATL,92.587
8/6/2025 6:00:00 AM,8/6/2025 2:00:00 AM,MIDATL,81.850
8/6/2025 5:00:00 AM,8/6/2025 1:00:00 AM,MIDATL,87.922
8/6/2025 4:00:00 AM,8/6/2025 12:00:00 AM,MIDATL,106.016
8/6/2025 3:00:00 AM,8/5/2025 11:00:00 PM,MIDATL,104.667
8/6/2025 2:00:00 AM,8/5/2025 10:00:00 PM,MIDATL,110.325
8/6/2025 1:00:00 AM,8/5/2025 9:00:00 PM,MIDATL,98.771
8/6/2025 12:00:00 AM,8/5/2025 8:00:00 PM,MIDATL,69.628
8/5/2025 11:00:00 PM,8/5/2025 7:00:00 PM,MIDATL,82.022
8/5/2025 10:00:00 PM,8/5/2025 6:00:00 PM,MIDATL,84.979
8/5/2025 9:00:00 PM,8/5/2025 5:00:00 PM,MIDATL,79.966
8/5/2025 8:00:00 PM,8/5/2025 4:00:00 PM,MIDATL,81.966
8/5/2025 7:00:00 PM,8/5/2025 3:00:00 PM,MIDATL,82.892
8/5/2025 6:00:00 PM,8/5/2025 2:00:00 PM,MIDATL,79.545
8/5/2025 5:00:00 PM,8/5/2025 1:00:00 PM,MIDATL,92.105
8/5/2025 4:00:00 PM,8/5/2025 12:00:00 PM,MIDATL,93.058
8/5/2025 3:00:00 PM,8/5/2025 11:00:00 AM,MIDATL,72.441
8/5/2025 2:00:00 PM,8/5/2025 10:00:00 AM,MIDATL,43.453
8/5/2025 1:00:00 PM,8/5/2025 9:00:00 AM,MIDATL,42.382
8/5/2025 12:00:00 PM,8/5/2025 8:00:00 AM,MIDATL,45.895
8/5/2025 11:00:00 AM,8/5/2025 7:00:00 AM,MIDATL,55.249
8/5/2025 10:00:00 AM,8/5/2025 6:00:00 AM,MIDATL,37.103
8/5/2025 9:00:00 AM,8/5/2025 5:00:00 AM,MIDATL,37.087
8/5/2025 8:00:00 AM,8/5/2025 4:00:00 AM,MIDATL,89.956
8/5/2025 7:00:00 AM,8/5/2025 3:00:00 AM,MIDATL,96.427
8/5/2025 6:00:00 AM,8/5/2025 2:00:00 AM,MIDATL,66.894
8/5/2025 5:00:00 AM,8/5/2025 1:00:00 AM,MIDATL,68.767
8/5/2025 4:00:00 AM,8/5/2025 12:00:00 AM,MIDATL,71.513
8/5/2025 3:00:00 AM,8/4/2025 11:00:00 PM,MIDATL,87.401
8/5/2025 2:00:00 AM,8/4/2025 10:00:00 PM,MIDATL,74.619
8/5/2025 1:00:00 AM,8/4/2025 9:00:00 PM,MIDATL,68.276
8/5/2025 12:00:00 AM,8/4/2025 8:00:00 PM,MIDATL,24.463
8/4/2025 11:00:00 PM,8/4/2025 7:00:00 PM,MIDATL,14.316
8/4/2025 10:00:00 PM,8/4/2025 6:00:00 PM,MIDATL,18.689
8/4/2025 9:00:00 PM,8/4/2025 5:00:00 PM,MIDATL,21.001
8/4/2025 8:00:00 PM,8/4/2025 4:00:00 PM,MIDATL,19.911
8/4/2025 7:00:00 PM,8/4/2025 3:00:00 PM,MIDATL,21.633
8/4/2025 6:00:00 PM,8/4/2025 2:00:00 PM,MIDATL,28.174
8/4/2025 5:00:00 PM,8/4/2025 1:00:00 PM,MIDATL,30.472
8/4/2025 4:00:00 PM,8/4/2025 12:00:00 PM,MIDATL,31.487
8/4/2025 3:00:00 PM,8/4/2025 11:00:00 AM,MIDATL,23.020
8/4/2025 2:00:00 PM,8/4/2025 10:00:00 AM,MIDATL,13.440
8/4/2025 1:00:00 PM,8/4/2025 9:00:00 AM,MIDATL,2.991
8/4/2025 12:00:00 PM,8/4/2025 8:00:00 AM,MIDATL,3.841
8/4/2025 11:00:00 AM,8/4/2025 7:00:00 AM,MIDATL,10.459
8/4/2025 10:00:00 AM,8/4/2025 6:00:00 AM,MIDATL,5.958
8/4/2025 9:00:00 AM,8/4/2025 5:00:00 AM,MIDATL,2.637
8/4/2025 8:00:00 AM,8/4/2025 4:00:00 AM,MIDATL,2.596
8/4/2025 7:00:00 AM,8/4/2025 3:00:00 AM,MIDATL,1.854
8/4/2025 6:00:00 AM,8/4/2025 2:00:00 AM,MIDATL,2.099
8/4/2025 5:00:00 AM,8/4/2025 1:00:00 AM,MIDATL,3.481
8/4/2025 4:00:00 AM,8/4/2025 12:00:00 AM,MIDATL,5.261
8/4/2025 3:00:00 AM,8/3/2025 11:00:00 PM,MIDATL,10.018
8/4/2025 2:00:00 AM,8/3/2025 10:00:00 PM,MIDATL,12.882
8/4/2025 1:00:00 AM,8/3/2025 9:00:00 PM,MIDATL,14.399
8/4/2025 12:00:00 AM,8/3/2025 8:00:00 PM,MIDATL,3.746
8/3/2025 11:00:00 PM,8/3/2025 7:00:00 PM,MIDATL,-1.157
8/3/2025 10:00:00 PM,8/3/2025 6:00:00 PM,MIDATL,-1.076
8/3/2025 9:00:00 PM,8/3/2025 5:00:00 PM,MIDATL,-1.405
8/3/2025 8:00:00 PM,8/3/2025 4:00:00 PM,MIDATL,2.340
8/3/2025 7:00:00 PM,8/3/2025 3:00:00 PM,MIDATL,5.847
8/3/2025 6:00:00 PM,8/3/2025 2:00:00 PM,MIDATL,6.341
8/3/2025 5:00:00 PM,8/3/2025 1:00:00 PM,MIDATL,6.351
8/3/2025 4:00:00 PM,8/3/2025 12:00:00 PM,MIDATL,10.834
8/3/2025 3:00:00 PM,8/3/2025 11:00:00 AM,MIDATL,18.461
8/3/2025 2:00:00 PM,8/3/2025 10:00:00 AM,MIDATL,14.183
8/3/2025 1:00:00 PM,8/3/2025 9:00:00 AM,MIDATL,4.228
8/3/2025 12:00:00 PM,8/3/2025 8:00:00 AM,MIDATL,4.611
8/3/2025 11:00:00 AM,8/3/2025 7:00:00 AM,MIDATL,10.414
8/3/2025 10:00:00 AM,8/3/2025 6:00:00 AM,MIDATL,8.855
8/3/2025 9:00:00 AM,8/3/2025 5:00:00 AM,MIDATL,3.620
8/3/2025 8:00:00 AM,8/3/2025 4:00:00 AM,MIDATL,2.880
8/3/2025 7:00:00 AM,8/3/2025 3:00:00 AM,MIDATL,5.084
8/3/2025 6:00:00 AM,8/3/2025 2:00:00 AM,MIDATL,10.064
8/3/2025 5:00:00 AM,8/3/2025 1:00:00 AM,MIDATL,21.207
8/3/2025 4:00:00 AM,8/3/2025 12:00:00 AM,MIDATL,31.987
8/3/2025 3:00:00 AM,8/2/2025 11:00:00 PM,MIDATL,31.369
8/3/2025 2:00:00 AM,8/2/2025 10:00:00 PM,MIDATL,30.870
8/3/2025 1:00:00 AM,8/2/2025 9:00:00 PM,MIDATL,28.854
8/3/2025 12:00:00 AM,8/2/2025 8:00:00 PM,MIDATL,27.141
8/2/2025 11:00:00 PM,8/2/2025 7:00:00 PM,MIDATL,19.453
8/2/2025 10:00:00 PM,8/2/2025 6:00:00 PM,MIDATL,9.311
8/2/2025 9:00:00 PM,8/2/2025 5:00:00 PM,MIDATL,12.451
8/2/2025 8:00:00 PM,8/2/2025 4:00:00 PM,MIDATL,6.913
8/2/2025 7:00:00 PM,8/2/2025 3:00:00 PM,MIDATL,5.125
8/2/2025 6:00:00 PM,8/2/2025 2:00:00 PM,MIDATL,8.793
8/2/2025 5:00:00 PM,8/2/2025 1:00:00 PM,MIDATL,11.037
8/2/2025 4:00:00 PM,8/2/2025 12:00:00 PM,MIDATL,16.558
8/2/2025 3:00:00 PM,8/2/2025 11:00:00 AM,MIDATL,31.681
8/2/2025 2:00:00 PM,8/2/2025 10:00:00 AM,MIDATL,38.873
8/2/2025 1:00:00 PM,8/2/2025 9:00:00 AM,MIDATL,41.839
8/2/2025 12:00:00 PM,8/2/2025 8:00:00 AM,MIDATL,64.928
8/2/2025 11:00:00 AM,8/2/2025 7:00:00 AM,MIDATL,136.584
8/2/2025 10:00:00 AM,8/2/2025 6:00:00 AM,MIDATL,176.629
8/2/2025 9:00:00 AM,8/2/2025 5:00:00 AM,MIDATL,184.617
8/2/2025 8:00:00 AM,8/2/2025 4:00:00 AM,MIDATL,197.473
8/2/2025 7:00:00 AM,8/2/2025 3:00:00 AM,MIDATL,224.918
8/2/2025 6:00:00 AM,8/2/2025 2:00:00 AM,MIDATL,232.701
8/2/2025 5:00:00 AM,8/2/2025 1:00:00 AM,MIDATL,221.497
8/2/2025 4:00:00 AM,8/2/2025 12:00:00 AM,MIDATL,205.891
8/2/2025 3:00:00 AM,8/1/2025 11:00:00 PM,MIDATL,190.388
8/2/2025 2:00:00 AM,8/1/2025 10:00:00 PM,MIDATL,165.878
8/2/2025 1:00:00 AM,8/1/2025 9:00:00 PM,MIDATL,140.897
8/2/2025 12:00:00 AM,8/1/2025 8:00:00 PM,MIDATL,107.856
8/1/2025 11:00:00 PM,8/1/2025 7:00:00 PM,MIDATL,68.132
8/1/2025 10:00:00 PM,8/1/2025 6:00:00 PM,MIDATL,61.766
8/1/2025 9:00:00 PM,8/1/2025 5:00:00 PM,MIDATL,57.086
8/1/2025 8:00:00 PM,8/1/2025 4:00:00 PM,MIDATL,63.014
8/1/2025 7:00:00 PM,8/1/2025 3:00:00 PM,MIDATL,49.642
8/1/2025 6:00:00 PM,8/1/2025 2:00:00 PM,MIDATL,37.449
8/1/2025 5:00:00 PM,8/1/2025 1:00:00 PM,MIDATL,45.539
8/1/2025 4:00:00 PM,8/1/2025 12:00:00 PM,MIDATL,68.525
8/1/2025 3:00:00 PM,8/1/2025 11:00:00 AM,MIDATL,77.898
8/1/2025 2:00:00 PM,8/1/2025 10:00:00 AM,MIDATL,95.837
8/1/2025 1:00:00 PM,8/1/2025 9:00:00 AM,MIDATL,131.324
8/1/2025 12:00:00 PM,8/1/2025 8:00:00 AM,MIDATL,168.931
8/1/2025 11:00:00 AM,8/1/2025 7:00:00 AM,MIDATL,188.419
8/1/2025 10:00:00 AM,8/1/2025 6:00:00 AM,MIDATL,206.453
8/1/2025 9:00:00 AM,8/1/2025 5:00:00 AM,MIDATL,209.914
8/1/2025 8:00:00 AM,8/1/2025 4:00:00 AM,MIDATL,206.791
8/1/2025 7:00:00 AM,8/1/2025 3:00:00 AM,MIDATL,237.593
8/1/2025 6:00:00 AM,8/1/2025 2:00:00 AM,MIDATL,279.165
8/1/2025 5:00:00 AM,8/1/2025 1:00:00 AM,MIDATL,327.539
8/1/2025 4:00:00 AM,8/1/2025 12:00:00 AM,MIDATL,316.200
8/1/2025 3:00:00 AM,7/31/2025 11:00:00 PM,MIDATL,259.803
8/1/2025 2:00:00 AM,7/31/2025 10:00:00 PM,MIDATL,255.072
8/1/2025 1:00:00 AM,7/31/2025 9:00:00 PM,MIDATL,227.950
8/1/2025 12:00:00 AM,7/31/2025 8:00:00 PM,MIDATL,237.052
7/31/2025 11:00:00 PM,7/31/2025 7:00:00 PM,MIDATL,308.827
7/31/2025 10:00:00 PM,7/31/2025 6:00:00 PM,MIDATL,278.587
7/31/2025 9:00:00 PM,7/31/2025 5:00:00 PM,MIDATL,259.610
7/31/2025 8:00:00 PM,7/31/2025 4:00:00 PM,MIDATL,235.089
7/31/2025 7:00:00 PM,7/31/2025 3:00:00 PM,MIDATL,227.116
7/31/2025 6:00:00 PM,7/31/2025 2:00:00 PM,MIDATL,265.524
7/31/2025 5:00:00 PM,7/31/2025 1:00:00 PM,MIDATL,227.234
7/31/2025 4:00:00 PM,7/31/2025 12:00:00 PM,MIDATL,201.437
7/31/2025 3:00:00 PM,7/31/2025 11:00:00 AM,MIDATL,168.306
7/31/2025 2:00:00 PM,7/31/2025 10:00:00 AM,MIDATL,147.628
7/31/2025 1:00:00 PM,7/31/2025 9:00:00 AM,MIDATL,136.582
7/31/2025 12:00:00 PM,7/31/2025 8:00:00 AM,MIDATL,138.078
7/31/2025 11:00:00 AM,7/31/2025 7:00:00 AM,MIDATL,143.063
7/31/2025 10:00:00 AM,7/31/2025 6:00:00 AM,MIDATL,150.433
7/31/2025 9:00:00 AM,7/31/2025 5:00:00 AM,MIDATL,135.420
7/31/2025 8:00:00 AM,7/31/2025 4:00:00 AM,MIDATL,110.265
7/31/2025 7:00:00 AM,7/31/2025 3:00:00 AM,MIDATL,76.616
7/31/2025 6:00:00 AM,7/31/2025 2:00:00 AM,MIDATL,60.923
7/31/2025 5:00:00 AM,7/31/2025 1:00:00 AM,MIDATL,51.147
7/31/2025 4:00:00 AM,7/31/2025 12:00:00 AM,MIDATL,63.890
7/31/2025 3:00:00 AM,7/30/2025 11:00:00 PM,MIDATL,81.173
7/31/2025 2:00:00 AM,7/30/2025 10:00:00 PM,MIDATL,52.174
7/31/2025 1:00:00 AM,7/30/2025 9:00:00 PM,MIDATL,35.858
7/31/2025 12:00:00 AM,7/30/2025 8:00:00 PM,MIDATL,21.566
7/30/2025 11:00:00 PM,7/30/2025 7:00:00 PM,MIDATL,30.841
7/30/2025 10:00:00 PM,7/30/2025 6:00:00 PM,MIDATL,19.079
7/30/2025 9:00:00 PM,7/30/2025 5:00:00 PM,MIDATL,32.241
7/30/2025 8:00:00 PM,7/30/2025 4:00:00 PM,MIDATL,10.000
7/30/2025 7:00:00 PM,7/30/2025 3:00:00 PM,MIDATL,19.725
7/30/2025 6:00:00 PM,7/30/2025 2:00:00 PM,MIDATL,19.150
7/30/2025 5:00:00 PM,7/30/2025 1:00:00 PM,MIDATL,11.616
7/30/2025 4:00:00 PM,7/30/2025 12:00:00 PM,MIDATL,-2.354
7/30/2025 3:00:00 PM,7/30/2025 11:00:00 AM,MIDATL,-4.931
7/30/2025 2:00:00 PM,7/30/2025 10:00:00 AM,MIDATL,-4.534
7/30/2025 1:00:00 PM,7/30/2025 9:00:00 AM,MIDATL,-3.952
7/30/2025 12:00:00 PM,7/30/2025 8:00:00 AM,MIDATL,-3.444
7/30/2025 11:00:00 AM,7/30/2025 7:00:00 AM,MIDATL,-4.846
7/30/2025 10:00:00 AM,7/30/2025 6:00:00 AM,MIDATL,-3.101
7/30/2025 9:00:00 AM,7/30/2025 5:00:00 AM,MIDATL,-1.546
7/30/2025 8:00:00 AM,7/30/2025 4:00:00 AM,MIDATL,8.562
7/30/2025 7:00:00 AM,7/30/2025 3:00:00 AM,MIDATL,23.024
7/30/2025 6:00:00 AM,7/30/2025 2:00:00 AM,MIDATL,35.002
7/30/2025 5:00:00 AM,7/30/2025 1:00:00 AM,MIDATL,50.517
7/30/2025 4:00:00 AM,7/30/2025 12:00:00 AM,MIDATL,44.527
7/30/2025 3:00:00 AM,7/29/2025 11:00:00 PM,MIDATL,23.742
7/30/2025 2:00:00 AM,7/29/2025 10:00:00 PM,MIDATL,21.639
7/30/2025 1:00:00 AM,7/29/2025 9:00:00 PM,MIDATL,6.847
7/30/2025 12:00:00 AM,7/29/2025 8:00:00 PM,MIDATL,4.303
7/29/2025 11:00:00 PM,7/29/2025 7:00:00 PM,MIDATL,0.391
7/29/2025 10:00:00 PM,7/29/2025 6:00:00 PM,MIDATL,2.856
7/29/2025 9:00:00 PM,7/29/2025 5:00:00 PM,MIDATL,8.534
7/29/2025 8:00:00 PM,7/29/2025 4:00:00 PM,MIDATL,3.325
7/29/2025 7:00:00 PM,7/29/2025 3:00:00 PM,MIDATL,11.501
7/29/2025 6:00:00 PM,7/29/2025 2:00:00 PM,MIDATL,8.496
7/29/2025 5:00:00 PM,7/29/2025 1:00:00 PM,MIDATL,7.238
7/29/2025 4:00:00 PM,7/29/2025 12:00:00 PM,MIDATL,4.173
7/29/2025 3:00:00 PM,7/29/2025 11:00:00 AM,MIDATL,-2.373
7/29/2025 2:00:00 PM,7/29/2025 10:00:00 AM,MIDATL,-5.442
7/29/2025 1:00:00 PM,7/29/2025 9:00:00 AM,MIDATL,-4.283
7/29/2025 12:00:00 PM,7/29/2025 8:00:00 AM,MIDATL,-0.507
7/29/2025 11:00:00 AM,7/29/2025 7:00:00 AM,MIDATL,12.696
7/29/2025 10:00:00 AM,7/29/2025 6:00:00 AM,MIDATL,13.533
7/29/2025 9:00:00 AM,7/29/2025 5:00:00 AM,MIDATL,7.528
7/29/2025 8:00:00 AM,7/29/2025 4:00:00 AM,MIDATL,33.367
7/29/2025 7:00:00 AM,7/29/2025 3:00:00 AM,MIDATL,54.420
7/29/2025 6:00:00 AM,7/29/2025 2:00:00 AM,MIDATL,69.130
7/29/2025 5:00:00 AM,7/29/2025 1:00:00 AM,MIDATL,65.317
7/29/2025 4:00:00 AM,7/29/2025 12:00:00 AM,MIDATL,65.416
7/29/2025 3:00:00 AM,7/28/2025 11:00:00 PM,MIDATL,61.264
7/29/2025 2:00:00 AM,7/28/2025 10:00:00 PM,MIDATL,74.850
7/29/2025 1:00:00 AM,7/28/2025 9:00:00 PM,MIDATL,66.106
7/29/2025 12:00:00 AM,7/28/2025 8:00:00 PM,MIDATL,17.015
7/28/2025 11:00:00 PM,7/28/2025 7:00:00 PM,MIDATL,4.796
7/28/2025 10:00:00 PM,7/28/2025 6:00:00 PM,MIDATL,-3.023
7/28/2025 9:00:00 PM,7/28/2025 5:00:00 PM,MIDATL,-4.663
7/28/2025 8:00:00 PM,7/28/2025 4:00:00 PM,MIDATL,-1.360
7/28/2025 7:00:00 PM,7/28/2025 3:00:00 PM,MIDATL,0.724
7/28/2025 6:00:00 PM,7/28/2025 2:00:00 PM,MIDATL,2.715
7/28/2025 5:00:00 PM,7/28/2025 1:00:00 PM,MIDATL,9.746
7/28/2025 4:00:00 PM,7/28/2025 12:00:00 PM,MIDATL,16.469
7/28/2025 3:00:00 PM,7/28/2025 11:00:00 AM,MIDATL,14.810
7/28/2025 2:00:00 PM,7/28/2025 10:00:00 AM,MIDATL,22.523
7/28/2025 1:00:00 PM,7/28/2025 9:00:00 AM,MIDATL,22.581
7/28/2025 12:00:00 PM,7/28/2025 8:00:00 AM,MIDATL,31.293
7/28/2025 11:00:00 AM,7/28/2025 7:00:00 AM,MIDATL,86.948
7/28/2025 10:00:00 AM,7/28/2025 6:00:00 AM,MIDATL,126.911
7/28/2025 9:00:00 AM,7/28/2025 5:00:00 AM,MIDATL,182.814
7/28/2025 8:00:00 AM,7/28/2025 4:00:00 AM,MIDATL,228.906
7/28/2025 7:00:00 AM,7/28/2025 3:00:00 AM,MIDATL,205.972
7/28/2025 6:00:00 AM,7/28/2025 2:00:00 AM,MIDATL,197.947
7/28/2025 5:00:00 AM,7/28/2025 1:00:00 AM,MIDATL,199.796
7/28/2025 4:00:00 AM,7/28/2025 12:00:00 AM,MIDATL,225.839
7/28/2025 3:00:00 AM,7/27/2025 11:00:00 PM,MIDATL,297.321
7/28/2025 2:00:00 AM,7/27/2025 10:00:00 PM,MIDATL,246.027
7/28/2025 1:00:00 AM,7/27/2025 9:00:00 PM,MIDATL,226.228
7/28/2025 12:00:00 AM,7/27/2025 8:00:00 PM,MIDATL,174.222
7/27/2025 11:00:00 PM,7/27/2025 7:00:00 PM,MIDATL,152.309
7/27/2025 10:00:00 PM,7/27/2025 6:00:00 PM,MIDATL,180.234
7/27/2025 9:00:00 PM,7/27/2025 5:00:00 PM,MIDATL,246.248
7/27/2025 8:00:00 PM,7/27/2025 4:00:00 PM,MIDATL,253.594
7/27/2025 7:00:00 PM,7/27/2025 3:00:00 PM,MIDATL,234.373
7/27/2025 6:00:00 PM,7/27/2025 2:00:00 PM,MIDATL,176.299
7/27/2025 5:00:00 PM,7/27/2025 1:00:00 PM,MIDATL,197.461
7/27/2025 4:00:00 PM,7/27/2025 12:00:00 PM,MIDATL,208.567
7/27/2025 3:00:00 PM,7/27/2025 11:00:00 AM,MIDATL,171.795
7/27/2025 2:00:00 PM,7/27/2025 10:00:00 AM,MIDATL,216.852
7/27/2025 1:00:00 PM,7/27/2025 9:00:00 AM,MIDATL,267.408
7/27/2025 12:00:00 PM,7/27/2025 8:00:00 AM,MIDATL,262.720
7/27/2025 11:00:00 AM,7/27/2025 7:00:00 AM,MIDATL,335.840
7/27/2025 10:00:00 AM,7/27/2025 6:00:00 AM,MIDATL,313.253
7/27/2025 9:00:00 AM,7/27/2025 5:00:00 AM,MIDATL,276.241
7/27/2025 8:00:00 AM,7/27/2025 4:00:00 AM,MIDATL,262.665
7/27/2025 7:00:00 AM,7/27/2025 3:00:00 AM,MIDATL,300.456
7/27/2025 6:00:00 AM,7/27/2025 2:00:00 AM,MIDATL,266.494
7/27/2025 5:00:00 AM,7/27/2025 1:00:00 AM,MIDATL,233.796
7/27/2025 4:00:00 AM,7/27/2025 12:00:00 AM,MIDATL,180.297
7/27/2025 3:00:00 AM,7/26/2025 11:00:00 PM,MIDATL,151.684
7/27/2025 2:00:00 AM,7/26/2025 10:00:00 PM,MIDATL,130.076
7/27/2025 1:00:00 AM,7/26/2025 9:00:00 PM,MIDATL,106.035
7/27/2025 12:00:00 AM,7/26/2025 8:00:00 PM,MIDATL,110.554
7/26/2025 11:00:00 PM,7/26/2025 7:00:00 PM,MIDATL,57.554
7/26/2025 10:00:00 PM,7/26/2025 6:00:00 PM,MIDATL,36.726
7/26/2025 9:00:00 PM,7/26/2025 5:00:00 PM,MIDATL,54.714
7/26/2025 8:00:00 PM,7/26/2025 4:00:00 PM,MIDATL,94.636
7/26/2025 7:00:00 PM,7/26/2025 3:00:00 PM,MIDATL,111.362
7/26/2025 6:00:00 PM,7/26/2025 2:00:00 PM,MIDATL,114.631
7/26/2025 5:00:00 PM,7/26/2025 1:00:00 PM,MIDATL,85.552
7/26/2025 4:00:00 PM,7/26/2025 12:00:00 PM,MIDATL,85.092
7/26/2025 3:00:00 PM,7/26/2025 11:00:00 AM,MIDATL,73.281
7/26/2025 2:00:00 PM,7/26/2025 10:00:00 AM,MIDATL,43.725
7/26/2025 1:00:00 PM,7/26/2025 9:00:00 AM,MIDATL,31.874
7/26/2025 12:00:00 PM,7/26/2025 8:00:00 AM,MIDATL,14.977
7/26/2025 11:00:00 AM,7/26/2025 7:00:00 AM,MIDATL,22.721
7/26/2025 10:00:00 AM,7/26/2025 6:00:00 AM,MIDATL,19.641
7/26/2025 9:00:00 AM,7/26/2025 5:00:00 AM,MIDATL,21.092
7/26/2025 8:00:00 AM,7/26/2025 4:00:00 AM,MIDATL,18.601
7/26/2025 7:00:00 AM,7/26/2025 3:00:00 AM,MIDATL,20.613
7/26/2025 6:00:00 AM,7/26/2025 2:00:00 AM,MIDATL,48.809
7/26/2025 5:00:00 AM,7/26/2025 1:00:00 AM,MIDATL,53.091
7/26/2025 4:00:00 AM,7/26/2025 12:00:00 AM,MIDATL,58.141
7/26/2025 3:00:00 AM,7/25/2025 11:00:00 PM,MIDATL,75.695
7/26/2025 2:00:00 AM,7/25/2025 10:00:00 PM,MIDATL,98.766
7/26/2025 1:00:00 AM,7/25/2025 9:00:00 PM,MIDATL,149.276
7/26/2025 12:00:00 AM,7/25/2025 8:00:00 PM,MIDATL,200.242
7/25/2025 11:00:00 PM,7/25/2025 7:00:00 PM,MIDATL,138.199
7/25/2025 10:00:00 PM,7/25/2025 6:00:00 PM,MIDATL,151.634
7/25/2025 9:00:00 PM,7/25/2025 5:00:00 PM,MIDATL,225.029
7/25/2025 8:00:00 PM,7/25/2025 4:00:00 PM,MIDATL,289.712
7/25/2025 7:00:00 PM,7/25/2025 3:00:00 PM,MIDATL,326.309
7/25/2025 6:00:00 PM,7/25/2025 2:00:00 PM,MIDATL,264.041
7/25/2025 5:00:00 PM,7/25/2025 1:00:00 PM,MIDATL,246.314
7/25/2025 4:00:00 PM,7/25/2025 12:00:00 PM,MIDATL,203.678
7/25/2025 3:00:00 PM,7/25/2025 11:00:00 AM,MIDATL,222.482
7/25/2025 2:00:00 PM,7/25/2025 10:00:00 AM,MIDATL,255.365
7/25/2025 1:00:00 PM,7/25/2025 9:00:00 AM,MIDATL,294.936
7/25/2025 12:00:00 PM,7/25/2025 8:00:00 AM,MIDATL,301.490
7/25/2025 11:00:00 AM,7/25/2025 7:00:00 AM,MIDATL,377.517
7/25/2025 10:00:00 AM,7/25/2025 6:00:00 AM,MIDATL,436.249
7/25/2025 9:00:00 AM,7/25/2025 5:00:00 AM,MIDATL,504.483
7/25/2025 8:00:00 AM,7/25/2025 4:00:00 AM,MIDATL,518.700
7/25/2025 7:00:00 AM,7/25/2025 3:00:00 AM,MIDATL,551.129
7/25/2025 6:00:00 AM,7/25/2025 2:00:00 AM,MIDATL,507.769
7/25/2025 5:00:00 AM,7/25/2025 1:00:00 AM,MIDATL,511.221
7/25/2025 4:00:00 AM,7/25/2025 12:00:00 AM,MIDATL,402.962
7/25/2025 3:00:00 AM,7/24/2025 11:00:00 PM,MIDATL,361.214
7/25/2025 2:00:00 AM,7/24/2025 10:00:00 PM,MIDATL,372.462
7/25/2025 1:00:00 AM,7/24/2025 9:00:00 PM,MIDATL,327.354
7/25/2025 12:00:00 AM,7/24/2025 8:00:00 PM,MIDATL,209.953
7/24/2025 11:00:00 PM,7/24/2025 7:00:00 PM,MIDATL,170.053
7/24/2025 10:00:00 PM,7/24/2025 6:00:00 PM,MIDATL,193.988
7/24/2025 9:00:00 PM,7/24/2025 5:00:00 PM,MIDATL,177.103
7/24/2025 8:00:00 PM,7/24/2025 4:00:00 PM,MIDATL,156.627
7/24/2025 7:00:00 PM,7/24/2025 3:00:00 PM,MIDATL,163.253
7/24/2025 6:00:00 PM,7/24/2025 2:00:00 PM,MIDATL,137.012
7/24/2025 5:00:00 PM,7/24/2025 1:00:00 PM,MIDATL,132.989
7/24/2025 4:00:00 PM,7/24/2025 12:00:00 PM,MIDATL,117.445
7/24/2025 3:00:00 PM,7/24/2025 11:00:00 AM,MIDATL,102.001
7/24/2025 2:00:00 PM,7/24/2025 10:00:00 AM,MIDATL,113.088
7/24/2025 1:00:00 PM,7/24/2025 9:00:00 AM,MIDATL,146.885
7/24/2025 12:00:00 PM,7/24/2025 8:00:00 AM,MIDATL,232.317
7/24/2025 11:00:00 AM,7/24/2025 7:00:00 AM,MIDATL,339.967
7/24/2025 10:00:00 AM,7/24/2025 6:00:00 AM,MIDATL,388.392
7/24/2025 9:00:00 AM,7/24/2025 5:00:00 AM,MIDATL,395.791
7/24/2025 8:00:00 AM,7/24/2025 4:00:00 AM,MIDATL,398.082
7/24/2025 7:00:00 AM,7/24/2025 3:00:00 AM,MIDATL,412.431
7/24/2025 6:00:00 AM,7/24/2025 2:00:00 AM,MIDATL,422.745
7/24/2025 5:00:00 AM,7/24/2025 1:00:00 AM,MIDATL,415.136
7/24/2025 4:00:00 AM,7/24/2025 12:00:00 AM,MIDATL,405.218
7/24/2025 3:00:00 AM,7/23/2025 11:00:00 PM,MIDATL,382.285
7/24/2025 2:00:00 AM,7/23/2025 10:00:00 PM,MIDATL,337.480
7/24/2025 1:00:00 AM,7/23/2025 9:00:00 PM,MIDATL,243.117
7/24/2025 12:00:00 AM,7/23/2025 8:00:00 PM,MIDATL,143.039
7/23/2025 11:00:00 PM,7/23/2025 7:00:00 PM,MIDATL,105.173
7/23/2025 10:00:00 PM,7/23/2025 6:00:00 PM,MIDATL,119.030
7/23/2025 9:00:00 PM,7/23/2025 5:00:00 PM,MIDATL,133.217
7/23/2025 8:00:00 PM,7/23/2025 4:00:00 PM,MIDATL,139.389
7/23/2025 7:00:00 PM,7/23/2025 3:00:00 PM,MIDATL,119.067
7/23/2025 6:00:00 PM,7/23/2025 2:00:00 PM,MIDATL,123.894
7/23/2025 5:00:00 PM,7/23/2025 1:00:00 PM,MIDATL,111.628
7/23/2025 4:00:00 PM,7/23/2025 12:00:00 PM,MIDATL,107.818
7/23/2025 3:00:00 PM,7/23/2025 11:00:00 AM,MIDATL,109.015
7/23/2025 2:00:00 PM,7/23/2025 10:00:00 AM,MIDATL,123.727
7/23/2025 1:00:00 PM,7/23/2025 9:00:00 AM,MIDATL,133.651
7/23/2025 12:00:00 PM,7/23/2025 8:00:00 AM,MIDATL,167.054
7/23/2025 11:00:00 AM,7/23/2025 7:00:00 AM,MIDATL,194.943
7/23/2025 10:00:00 AM,7/23/2025 6:00:00 AM,MIDATL,208.396
7/23/2025 9:00:00 AM,7/23/2025 5:00:00 AM,MIDATL,183.880
7/23/2025 8:00:00 AM,7/23/2025 4:00:00 AM,MIDATL,193.506
7/23/2025 7:00:00 AM,7/23/2025 3:00:00 AM,MIDATL,181.733
7/23/2025 6:00:00 AM,7/23/2025 2:00:00 AM,MIDATL,154.522
7/23/2025 5:00:00 AM,7/23/2025 1:00:00 AM,MIDATL,131.386
7/23/2025 4:00:00 AM,7/23/2025 12:00:00 AM,MIDATL,130.134
7/23/2025 3:00:00 AM,7/22/2025 11:00:00 PM,MIDATL,118.916
7/23/2025 2:00:00 AM,7/22/2025 10:00:00 PM,MIDATL,86.705
7/23/2025 1:00:00 AM,7/22/2025 9:00:00 PM,MIDATL,72.066
7/23/2025 12:00:00 AM,7/22/2025 8:00:00 PM,MIDATL,40.165
7/22/2025 11:00:00 PM,7/22/2025 7:00:00 PM,MIDATL,24.008
7/22/2025 10:00:00 PM,7/22/2025 6:00:00 PM,MIDATL,6.920
7/22/2025 9:00:00 PM,7/22/2025 5:00:00 PM,MIDATL,0.296
7/22/2025 8:00:00 PM,7/22/2025 4:00:00 PM,MIDATL,-1.796
7/22/2025 7:00:00 PM,7/22/2025 3:00:00 PM,MIDATL,-2.134
7/22/2025 6:00:00 PM,7/22/2025 2:00:00 PM,MIDATL,-1.033
7/22/2025 5:00:00 PM,7/22/2025 1:00:00 PM,MIDATL,-0.067
7/22/2025 4:00:00 PM,7/22/2025 12:00:00 PM,MIDATL,-1.886
7/22/2025 3:00:00 PM,7/22/2025 11:00:00 AM,MIDATL,10.902
7/22/2025 2:00:00 PM,7/22/2025 10:00:00 AM,MIDATL,15.601
7/22/2025 1:00:00 PM,7/22/2025 9:00:00 AM,MIDATL,18.697
7/22/2025 12:00:00 PM,7/22/2025 8:00:00 AM,MIDATL,40.677
7/22/2025 11:00:00 AM,7/22/2025 7:00:00 AM,MIDATL,88.477
7/22/2025 10:00:00 AM,7/22/2025 6:00:00 AM,MIDATL,111.907
7/22/2025 9:00:00 AM,7/22/2025 5:00:00 AM,MIDATL,125.015
7/22/2025 8:00:00 AM,7/22/2025 4:00:00 AM,MIDATL,159.978
7/22/2025 7:00:00 AM,7/22/2025 3:00:00 AM,MIDATL,170.740
7/22/2025 6:00:00 AM,7/22/2025 2:00:00 AM,MIDATL,166.331
7/22/2025 5:00:00 AM,7/22/2025 1:00:00 AM,MIDATL,142.582
7/22/2025 4:00:00 AM,7/22/2025 12:00:00 AM,MIDATL,149.138
7/22/2025 3:00:00 AM,7/21/2025 11:00:00 PM,MIDATL,185.548
7/22/2025 2:00:00 AM,7/21/2025 10:00:00 PM,MIDATL,178.444
7/22/2025 1:00:00 AM,7/21/2025 9:00:00 PM,MIDATL,127.948
7/22/2025 12:00:00 AM,7/21/2025 8:00:00 PM,MIDATL,100.526
7/21/2025 11:00:00 PM,7/21/2025 7:00:00 PM,MIDATL,84.231
7/21/2025 10:00:00 PM,7/21/2025 6:00:00 PM,MIDATL,85.407
7/21/2025 9:00:00 PM,7/21/2025 5:00:00 PM,MIDATL,79.974
7/21/2025 8:00:00 PM,7/21/2025 4:00:00 PM,MIDATL,89.604
7/21/2025 7:00:00 PM,7/21/2025 3:00:00 PM,MIDATL,122.248
7/21/2025 6:00:00 PM,7/21/2025 2:00:00 PM,MIDATL,124.850
7/21/2025 5:00:00 PM,7/21/2025 1:00:00 PM,MIDATL,104.170
7/21/2025 4:00:00 PM,7/21/2025 12:00:00 PM,MIDATL,77.361
7/21/2025 3:00:00 PM,7/21/2025 11:00:00 AM,MIDATL,62.706
7/21/2025 2:00:00 PM,7/21/2025 10:00:00 AM,MIDATL,54.127
7/21/2025 1:00:00 PM,7/21/2025 9:00:00 AM,MIDATL,48.491
7/21/2025 12:00:00 PM,7/21/2025 8:00:00 AM,MIDATL,58.915
7/21/2025 11:00:00 AM,7/21/2025 7:00:00 AM,MIDATL,115.607
7/21/2025 10:00:00 AM,7/21/2025 6:00:00 AM,MIDATL,166.930
7/21/2025 9:00:00 AM,7/21/2025 5:00:00 AM,MIDATL,156.410
7/21/2025 8:00:00 AM,7/21/2025 4:00:00 AM,MIDATL,170.769
7/21/2025 7:00:00 AM,7/21/2025 3:00:00 AM,MIDATL,170.358
7/21/2025 6:00:00 AM,7/21/2025 2:00:00 AM,MIDATL,173.933
7/21/2025 5:00:00 AM,7/21/2025 1:00:00 AM,MIDATL,196.878
7/21/2025 4:00:00 AM,7/21/2025 12:00:00 AM,MIDATL,228.528
7/21/2025 3:00:00 AM,7/20/2025 11:00:00 PM,MIDATL,215.256
7/21/2025 2:00:00 AM,7/20/2025 10:00:00 PM,MIDATL,209.009
7/21/2025 1:00:00 AM,7/20/2025 9:00:00 PM,MIDATL,262.454
7/21/2025 12:00:00 AM,7/20/2025 8:00:00 PM,MIDATL,305.850
7/20/2025 11:00:00 PM,7/20/2025 7:00:00 PM,MIDATL,313.120
7/20/2025 10:00:00 PM,7/20/2025 6:00:00 PM,MIDATL,352.185
7/20/2025 9:00:00 PM,7/20/2025 5:00:00 PM,MIDATL,384.253
7/20/2025 8:00:00 PM,7/20/2025 4:00:00 PM,MIDATL,443.912
7/20/2025 7:00:00 PM,7/20/2025 3:00:00 PM,MIDATL,440.258
7/20/2025 6:00:00 PM,7/20/2025 2:00:00 PM,MIDATL,371.044
7/20/2025 5:00:00 PM,7/20/2025 1:00:00 PM,MIDATL,367.950
7/20/2025 4:00:00 PM,7/20/2025 12:00:00 PM,MIDATL,271.472
7/20/2025 3:00:00 PM,7/20/2025 11:00:00 AM,MIDATL,203.136
7/20/2025 2:00:00 PM,7/20/2025 10:00:00 AM,MIDATL,151.200
7/20/2025 1:00:00 PM,7/20/2025 9:00:00 AM,MIDATL,133.992
7/20/2025 12:00:00 PM,7/20/2025 8:00:00 AM,MIDATL,103.003
7/20/2025 11:00:00 AM,7/20/2025 7:00:00 AM,MIDATL,126.286
7/20/2025 10:00:00 AM,7/20/2025 6:00:00 AM,MIDATL,123.303
7/20/2025 9:00:00 AM,7/20/2025 5:00:00 AM,MIDATL,95.597
7/20/2025 8:00:00 AM,7/20/2025 4:00:00 AM,MIDATL,82.378
7/20/2025 7:00:00 AM,7/20/2025 3:00:00 AM,MIDATL,90.154
7/20/2025 6:00:00 AM,7/20/2025 2:00:00 AM,MIDATL,101.265
7/20/2025 5:00:00 AM,7/20/2025 1:00:00 AM,MIDATL,98.291
7/20/2025 4:00:00 AM,7/20/2025 12:00:00 AM,MIDATL,137.432
7/20/2025 3:00:00 AM,7/19/2025 11:00:00 PM,MIDATL,134.886
7/20/2025 2:00:00 AM,7/19/2025 10:00:00 PM,MIDATL,94.834
7/20/2025 1:00:00 AM,7/19/2025 9:00:00 PM,MIDATL,54.192
7/20/2025 12:00:00 AM,7/19/2025 8:00:00 PM,MIDATL,38.015
7/19/2025 11:00:00 PM,7/19/2025 7:00:00 PM,MIDATL,25.579
7/19/2025 10:00:00 PM,7/19/2025 6:00:00 PM,MIDATL,18.459
7/19/2025 9:00:00 PM,7/19/2025 5:00:00 PM,MIDATL,30.090
7/19/2025 8:00:00 PM,7/19/2025 4:00:00 PM,MIDATL,35.111
7/19/2025 7:00:00 PM,7/19/2025 3:00:00 PM,MIDATL,47.913
7/19/2025 6:00:00 PM,7/19/2025 2:00:00 PM,MIDATL,50.023
7/19/2025 5:00:00 PM,7/19/2025 1:00:00 PM,MIDATL,40.601
7/19/2025 4:00:00 PM,7/19/2025 12:00:00 PM,MIDATL,30.020
7/19/2025 3:00:00 PM,7/19/2025 11:00:00 AM,MIDATL,37.404
7/19/2025 2:00:00 PM,7/19/2025 10:00:00 AM,MIDATL,43.375
7/19/2025 1:00:00 PM,7/19/2025 9:00:00 AM,MIDATL,43.312
7/19/2025 12:00:00 PM,7/19/2025 8:00:00 AM,MIDATL,55.077
7/19/2025 11:00:00 AM,7/19/2025 7:00:00 AM,MIDATL,67.480
7/19/2025 10:00:00 AM,7/19/2025 6:00:00 AM,MIDATL,63.566
7/19/2025 9:00:00 AM,7/19/2025 5:00:00 AM,MIDATL,48.924
7/19/2025 8:00:00 AM,7/19/2025 4:00:00 AM,MIDATL,46.231
7/19/2025 7:00:00 AM,7/19/2025 3:00:00 AM,MIDATL,39.494
7/19/2025 6:00:00 AM,7/19/2025 2:00:00 AM,MIDATL,39.525
7/19/2025 5:00:00 AM,7/19/2025 1:00:00 AM,MIDATL,31.109
7/19/2025 4:00:00 AM,7/19/2025 12:00:00 AM,MIDATL,28.241
7/19/2025 3:00:00 AM,7/18/2025 11:00:00 PM,MIDATL,30.609
7/19/2025 2:00:00 AM,7/18/2025 10:00:00 PM,MIDATL,18.676
7/19/2025 1:00:00 AM,7/18/2025 9:00:00 PM,MIDATL,4.252
7/19/2025 12:00:00 AM,7/18/2025 8:00:00 PM,MIDATL,0.797
7/18/2025 11:00:00 PM,7/18/2025 7:00:00 PM,MIDATL,3.490
7/18/2025 10:00:00 PM,7/18/2025 6:00:00 PM,MIDATL,6.698
7/18/2025 9:00:00 PM,7/18/2025 5:00:00 PM,MIDATL,2.398
7/18/2025 8:00:00 PM,7/18/2025 4:00:00 PM,MIDATL,-0.950
7/18/2025 7:00:00 PM,7/18/2025 3:00:00 PM,MIDATL,-1.424
7/18/2025 6:00:00 PM,7/18/2025 2:00:00 PM,MIDATL,2.924
7/18/2025 5:00:00 PM,7/18/2025 1:00:00 PM,MIDATL,8.326
7/18/2025 4:00:00 PM,7/18/2025 12:00:00 PM,MIDATL,24.487
7/18/2025 3:00:00 PM,7/18/2025 11:00:00 AM,MIDATL,51.366
7/18/2025 2:00:00 PM,7/18/2025 10:00:00 AM,MIDATL,88.547
7/18/2025 1:00:00 PM,7/18/2025 9:00:00 AM,MIDATL,124.212
7/18/2025 12:00:00 PM,7/18/2025 8:00:00 AM,MIDATL,155.782
7/18/2025 11:00:00 AM,7/18/2025 7:00:00 AM,MIDATL,149.969
7/18/2025 10:00:00 AM,7/18/2025 6:00:00 AM,MIDATL,155.038
7/18/2025 9:00:00 AM,7/18/2025 5:00:00 AM,MIDATL,229.073
7/18/2025 8:00:00 AM,7/18/2025 4:00:00 AM,MIDATL,297.281
7/18/2025 7:00:00 AM,7/18/2025 3:00:00 AM,MIDATL,361.322
7/18/2025 6:00:00 AM,7/18/2025 2:00:00 AM,MIDATL,409.679
7/18/2025 5:00:00 AM,7/18/2025 1:00:00 AM,MIDATL,409.325
7/18/2025 4:00:00 AM,7/18/2025 12:00:00 AM,MIDATL,421.976
7/18/2025 3:00:00 AM,7/17/2025 11:00:00 PM,MIDATL,396.508
7/18/2025 2:00:00 AM,7/17/2025 10:00:00 PM,MIDATL,409.383
7/18/2025 1:00:00 AM,7/17/2025 9:00:00 PM,MIDATL,441.705
7/18/2025 12:00:00 AM,7/17/2025 8:00:00 PM,MIDATL,392.358
7/17/2025 11:00:00 PM,7/17/2025 7:00:00 PM,MIDATL,419.886
7/17/2025 10:00:00 PM,7/17/2025 6:00:00 PM,MIDATL,512.463
7/17/2025 9:00:00 PM,7/17/2025 5:00:00 PM,MIDATL,606.795
7/17/2025 8:00:00 PM,7/17/2025 4:00:00 PM,MIDATL,647.096
7/17/2025 7:00:00 PM,7/17/2025 3:00:00 PM,MIDATL,697.410
7/17/2025 6:00:00 PM,7/17/2025 2:00:00 PM,MIDATL,734.264
7/17/2025 5:00:00 PM,7/17/2025 1:00:00 PM,MIDATL,695.518
7/17/2025 4:00:00 PM,7/17/2025 12:00:00 PM,MIDATL,675.017
7/17/2025 3:00:00 PM,7/17/2025 11:00:00 AM,MIDATL,621.871
7/17/2025 2:00:00 PM,7/17/2025 10:00:00 AM,MIDATL,539.575
7/17/2025 1:00:00 PM,7/17/2025 9:00:00 AM,MIDATL,502.413
7/17/2025 12:00:00 PM,7/17/2025 8:00:00 AM,MIDATL,533.383
7/17/2025 11:00:00 AM,7/17/2025 7:00:00 AM,MIDATL,456.655
7/17/2025 10:00:00 AM,7/17/2025 6:00:00 AM,MIDATL,495.952
7/17/2025 9:00:00 AM,7/17/2025 5:00:00 AM,MIDATL,466.485
7/17/2025 8:00:00 AM,7/17/2025 4:00:00 AM,MIDATL,424.801
7/17/2025 7:00:00 AM,7/17/2025 3:00:00 AM,MIDATL,399.970
7/17/2025 6:00:00 AM,7/17/2025 2:00:00 AM,MIDATL,321.920
7/17/2025 5:00:00 AM,7/17/2025 1:00:00 AM,MIDATL,369.908
7/17/2025 4:00:00 AM,7/17/2025 12:00:00 AM,MIDATL,358.689
7/17/2025 3:00:00 AM,7/16/2025 11:00:00 PM,MIDATL,247.642
7/17/2025 2:00:00 AM,7/16/2025 10:00:00 PM,MIDATL,252.137
7/17/2025 1:00:00 AM,7/16/2025 9:00:00 PM,MIDATL,193.455
7/17/2025 12:00:00 AM,7/16/2025 8:00:00 PM,MIDATL,114.955
7/16/2025 11:00:00 PM,7/16/2025 7:00:00 PM,MIDATL,153.760
7/16/2025 10:00:00 PM,7/16/2025 6:00:00 PM,MIDATL,136.275
7/16/2025 9:00:00 PM,7/16/2025 5:00:00 PM,MIDATL,132.136
7/16/2025 8:00:00 PM,7/16/2025 4:00:00 PM,MIDATL,96.846
7/16/2025 7:00:00 PM,7/16/2025 3:00:00 PM,MIDATL,83.217
7/16/2025 6:00:00 PM,7/16/2025 2:00:00 PM,MIDATL,69.931
7/16/2025 5:00:00 PM,7/16/2025 1:00:00 PM,MIDATL,59.021
7/16/2025 4:00:00 PM,7/16/2025 12:00:00 PM,MIDATL,41.638
7/16/2025 3:00:00 PM,7/16/2025 11:00:00 AM,MIDATL,53.654
7/16/2025 2:00:00 PM,7/16/2025 10:00:00 AM,MIDATL,62.044
7/16/2025 1:00:00 PM,7/16/2025 9:00:00 AM,MIDATL,30.532
7/16/2025 12:00:00 PM,7/16/2025 8:00:00 AM,MIDATL,23.846
7/16/2025 11:00:00 AM,7/16/2025 7:00:00 AM,MIDATL,41.403
7/16/2025 10:00:00 AM,7/16/2025 6:00:00 AM,MIDATL,53.756
7/16/2025 9:00:00 AM,7/16/2025 5:00:00 AM,MIDATL,65.827
7/16/2025 8:00:00 AM,7/16/2025 4:00:00 AM,MIDATL,80.521
7/16/2025 7:00:00 AM,7/16/2025 3:00:00 AM,MIDATL,124.553
7/16/2025 6:00:00 AM,7/16/2025 2:00:00 AM,MIDATL,160.560
7/16/2025 5:00:00 AM,7/16/2025 1:00:00 AM,MIDATL,186.767
7/16/2025 4:00:00 AM,7/16/2025 12:00:00 AM,MIDATL,199.674
7/16/2025 3:00:00 AM,7/15/2025 11:00:00 PM,MIDATL,200.890
7/16/2025 2:00:00 AM,7/15/2025 10:00:00 PM,MIDATL,173.411
7/16/2025 1:00:00 AM,7/15/2025 9:00:00 PM,MIDATL,103.237
7/16/2025 12:00:00 AM,7/15/2025 8:00:00 PM,MIDATL,57.278
7/15/2025 11:00:00 PM,7/15/2025 7:00:00 PM,MIDATL,46.579
7/15/2025 10:00:00 PM,7/15/2025 6:00:00 PM,MIDATL,27.095
7/15/2025 9:00:00 PM,7/15/2025 5:00:00 PM,MIDATL,10.385
7/15/2025 8:00:00 PM,7/15/2025 4:00:00 PM,MIDATL,6.203
7/15/2025 7:00:00 PM,7/15/2025 3:00:00 PM,MIDATL,1.821
7/15/2025 6:00:00 PM,7/15/2025 2:00:00 PM,MIDATL,0.572
7/15/2025 5:00:00 PM,7/15/2025 1:00:00 PM,MIDATL,2.261
7/15/2025 4:00:00 PM,7/15/2025 12:00:00 PM,MIDATL,-1.198
7/15/2025 3:00:00 PM,7/15/2025 11:00:00 AM,MIDATL,-4.185
7/15/2025 2:00:00 PM,7/15/2025 10:00:00 AM,MIDATL,-5.086
7/15/2025 1:00:00 PM,7/15/2025 9:00:00 AM,MIDATL,-4.480
7/15/2025 12:00:00 PM,7/15/2025 8:00:00 AM,MIDATL,0.332
7/15/2025 11:00:00 AM,7/15/2025 7:00:00 AM,MIDATL,17.262
7/15/2025 10:00:00 AM,7/15/2025 6:00:00 AM,MIDATL,24.624
7/15/2025 9:00:00 AM,7/15/2025 5:00:00 AM,MIDATL,23.306
7/15/2025 8:00:00 AM,7/15/2025 4:00:00 AM,MIDATL,7.469
7/15/2025 7:00:00 AM,7/15/2025 3:00:00 AM,MIDATL,1.894
7/15/2025 6:00:00 AM,7/15/2025 2:00:00 AM,MIDATL,-1.776
7/15/2025 5:00:00 AM,7/15/2025 1:00:00 AM,MIDATL,0.028
7/15/2025 4:00:00 AM,7/15/2025 12:00:00 AM,MIDATL,4.381
7/15/2025 3:00:00 AM,7/14/2025 11:00:00 PM,MIDATL,9.262
7/15/2025 2:00:00 AM,7/14/2025 10:00:00 PM,MIDATL,2.183
7/15/2025 1:00:00 AM,7/14/2025 9:00:00 PM,MIDATL,-0.134
7/15/2025 12:00:00 AM,7/14/2025 8:00:00 PM,MIDATL,-2.598
7/14/2025 11:00:00 PM,7/14/2025 7:00:00 PM,MIDATL,-0.428
7/14/2025 10:00:00 PM,7/14/2025 6:00:00 PM,MIDATL,1.822
7/14/2025 9:00:00 PM,7/14/2025 5:00:00 PM,MIDATL,6.519
7/14/2025 8:00:00 PM,7/14/2025 4:00:00 PM,MIDATL,43.444
7/14/2025 7:00:00 PM,7/14/2025 3:00:00 PM,MIDATL,54.510
7/14/2025 6:00:00 PM,7/14/2025 2:00:00 PM,MIDATL,43.210
7/14/2025 5:00:00 PM,7/14/2025 1:00:00 PM,MIDATL,37.119
7/14/2025 4:00:00 PM,7/14/2025 12:00:00 PM,MIDATL,33.110
7/14/2025 3:00:00 PM,7/14/2025 11:00:00 AM,MIDATL,19.142
7/14/2025 2:00:00 PM,7/14/2025 10:00:00 AM,MIDATL,4.074
7/14/2025 1:00:00 PM,7/14/2025 9:00:00 AM,MIDATL,1.983
7/14/2025 12:00:00 PM,7/14/2025 8:00:00 AM,MIDATL,16.406
7/14/2025 11:00:00 AM,7/14/2025 7:00:00 AM,MIDATL,31.762
7/14/2025 10:00:00 AM,7/14/2025 6:00:00 AM,MIDATL,40.171
7/14/2025 9:00:00 AM,7/14/2025 5:00:00 AM,MIDATL,54.743
7/14/2025 8:00:00 AM,7/14/2025 4:00:00 AM,MIDATL,79.464
7/14/2025 7:00:00 AM,7/14/2025 3:00:00 AM,MIDATL,97.379
7/14/2025 6:00:00 AM,7/14/2025 2:00:00 AM,MIDATL,142.589
7/14/2025 5:00:00 AM,7/14/2025 1:00:00 AM,MIDATL,123.904
7/14/2025 4:00:00 AM,7/14/2025 12:00:00 AM,MIDATL,150.966
7/14/2025 3:00:00 AM,7/13/2025 11:00:00 PM,MIDATL,132.429
7/14/2025 2:00:00 AM,7/13/2025 10:00:00 PM,MIDATL,103.060
7/14/2025 1:00:00 AM,7/13/2025 9:00:00 PM,MIDATL,80.838
7/14/2025 12:00:00 AM,7/13/2025 8:00:00 PM,MIDATL,123.352
7/13/2025 11:00:00 PM,7/13/2025 7:00:00 PM,MIDATL,135.034
7/13/2025 10:00:00 PM,7/13/2025 6:00:00 PM,MIDATL,107.510
7/13/2025 9:00:00 PM,7/13/2025 5:00:00 PM,MIDATL,161.172
7/13/2025 8:00:00 PM,7/13/2025 4:00:00 PM,MIDATL,153.603
7/13/2025 7:00:00 PM,7/13/2025 3:00:00 PM,MIDATL,104.144
7/13/2025 6:00:00 PM,7/13/2025 2:00:00 PM,MIDATL,81.372
7/13/2025 5:00:00 PM,7/13/2025 1:00:00 PM,MIDATL,63.836
7/13/2025 4:00:00 PM,7/13/2025 12:00:00 PM,MIDATL,53.391
7/13/2025 3:00:00 PM,7/13/2025 11:00:00 AM,MIDATL,42.883
7/13/2025 2:00:00 PM,7/13/2025 10:00:00 AM,MIDATL,39.586
7/13/2025 1:00:00 PM,7/13/2025 9:00:00 AM,MIDATL,64.713
7/13/2025 12:00:00 PM,7/13/2025 8:00:00 AM,MIDATL,121.002
7/13/2025 11:00:00 AM,7/13/2025 7:00:00 AM,MIDATL,172.150
7/13/2025 10:00:00 AM,7/13/2025 6:00:00 AM,MIDATL,278.758
7/13/2025 9:00:00 AM,7/13/2025 5:00:00 AM,MIDATL,269.397
7/13/2025 8:00:00 AM,7/13/2025 4:00:00 AM,MIDATL,254.635
7/13/2025 7:00:00 AM,7/13/2025 3:00:00 AM,MIDATL,267.400
7/13/2025 6:00:00 AM,7/13/2025 2:00:00 AM,MIDATL,258.207
7/13/2025 5:00:00 AM,7/13/2025 1:00:00 AM,MIDATL,266.587
7/13/2025 4:00:00 AM,7/13/2025 12:00:00 AM,MIDATL,265.558
7/13/2025 3:00:00 AM,7/12/2025 11:00:00 PM,MIDATL,245.183
7/13/2025 2:00:00 AM,7/12/2025 10:00:00 PM,MIDATL,242.596
7/13/2025 1:00:00 AM,7/12/2025 9:00:00 PM,MIDATL,189.955
7/13/2025 12:00:00 AM,7/12/2025 8:00:00 PM,MIDATL,151.514
7/12/2025 11:00:00 PM,7/12/2025 7:00:00 PM,MIDATL,97.720
7/12/2025 10:00:00 PM,7/12/2025 6:00:00 PM,MIDATL,61.668
7/12/2025 9:00:00 PM,7/12/2025 5:00:00 PM,MIDATL,65.812
7/12/2025 8:00:00 PM,7/12/2025 4:00:00 PM,MIDATL,61.442
7/12/2025 7:00:00 PM,7/12/2025 3:00:00 PM,MIDATL,61.380
7/12/2025 6:00:00 PM,7/12/2025 2:00:00 PM,MIDATL,51.703
7/12/2025 5:00:00 PM,7/12/2025 1:00:00 PM,MIDATL,49.608
7/12/2025 4:00:00 PM,7/12/2025 12:00:00 PM,MIDATL,36.919
7/12/2025 3:00:00 PM,7/12/2025 11:00:00 AM,MIDATL,11.643
7/12/2025 2:00:00 PM,7/12/2025 10:00:00 AM,MIDATL,1.664
7/12/2025 1:00:00 PM,7/12/2025 9:00:00 AM,MIDATL,-0.283
7/12/2025 12:00:00 PM,7/12/2025 8:00:00 AM,MIDATL,14.555
7/12/2025 11:00:00 AM,7/12/2025 7:00:00 AM,MIDATL,63.896
7/12/2025 10:00:00 AM,7/12/2025 6:00:00 AM,MIDATL,100.074
7/12/2025 9:00:00 AM,7/12/2025 5:00:00 AM,MIDATL,108.395
7/12/2025 8:00:00 AM,7/12/2025 4:00:00 AM,MIDATL,119.199
7/12/2025 7:00:00 AM,7/12/2025 3:00:00 AM,MIDATL,159.553
7/12/2025 6:00:00 AM,7/12/2025 2:00:00 AM,MIDATL,160.257
7/12/2025 5:00:00 AM,7/12/2025 1:00:00 AM,MIDATL,156.684
7/12/2025 4:00:00 AM,7/12/2025 12:00:00 AM,MIDATL,161.247
7/12/2025 3:00:00 AM,7/11/2025 11:00:00 PM,MIDATL,132.110
7/12/2025 2:00:00 AM,7/11/2025 10:00:00 PM,MIDATL,123.158
7/12/2025 1:00:00 AM,7/11/2025 9:00:00 PM,MIDATL,83.858
7/12/2025 12:00:00 AM,7/11/2025 8:00:00 PM,MIDATL,40.313
7/11/2025 11:00:00 PM,7/11/2025 7:00:00 PM,MIDATL,22.460
7/11/2025 10:00:00 PM,7/11/2025 6:00:00 PM,MIDATL,20.206
7/11/2025 9:00:00 PM,7/11/2025 5:00:00 PM,MIDATL,16.585
7/11/2025 8:00:00 PM,7/11/2025 4:00:00 PM,MIDATL,12.238
7/11/2025 7:00:00 PM,7/11/2025 3:00:00 PM,MIDATL,11.866
7/11/2025 6:00:00 PM,7/11/2025 2:00:00 PM,MIDATL,1.862
7/11/2025 5:00:00 PM,7/11/2025 1:00:00 PM,MIDATL,7.473
7/11/2025 4:00:00 PM,7/11/2025 12:00:00 PM,MIDATL,-2.545
7/11/2025 3:00:00 PM,7/11/2025 11:00:00 AM,MIDATL,-3.432
7/11/2025 2:00:00 PM,7/11/2025 10:00:00 AM,MIDATL,-5.614
7/11/2025 1:00:00 PM,7/11/2025 9:00:00 AM,MIDATL,-4.139
7/11/2025 12:00:00 PM,7/11/2025 8:00:00 AM,MIDATL,-4.180
7/11/2025 11:00:00 AM,7/11/2025 7:00:00 AM,MIDATL,24.047
7/11/2025 10:00:00 AM,7/11/2025 6:00:00 AM,MIDATL,23.902
7/11/2025 9:00:00 AM,7/11/2025 5:00:00 AM,MIDATL,54.019
7/11/2025 8:00:00 AM,7/11/2025 4:00:00 AM,MIDATL,73.010
7/11/2025 7:00:00 AM,7/11/2025 3:00:00 AM,MIDATL,105.288
7/11/2025 6:00:00 AM,7/11/2025 2:00:00 AM,MIDATL,105.901
7/11/2025 5:00:00 AM,7/11/2025 1:00:00 AM,MIDATL,83.674
7/11/2025 4:00:00 AM,7/11/2025 12:00:00 AM,MIDATL,50.016
7/11/2025 3:00:00 AM,7/10/2025 11:00:00 PM,MIDATL,32.598
7/11/2025 2:00:00 AM,7/10/2025 10:00:00 PM,MIDATL,14.074
7/11/2025 1:00:00 AM,7/10/2025 9:00:00 PM,MIDATL,3.053
7/11/2025 12:00:00 AM,7/10/2025 8:00:00 PM,MIDATL,4.626
7/10/2025 11:00:00 PM,7/10/2025 7:00:00 PM,MIDATL,-0.700
7/10/2025 10:00:00 PM,7/10/2025 6:00:00 PM,MIDATL,0.494
7/10/2025 9:00:00 PM,7/10/2025 5:00:00 PM,MIDATL,6.765
7/10/2025 8:00:00 PM,7/10/2025 4:00:00 PM,MIDATL,4.251
7/10/2025 7:00:00 PM,7/10/2025 3:00:00 PM,MIDATL,6.323
7/10/2025 6:00:00 PM,7/10/2025 2:00:00 PM,MIDATL,-0.395
7/10/2025 5:00:00 PM,7/10/2025 1:00:00 PM,MIDATL,-0.681
7/10/2025 4:00:00 PM,7/10/2025 12:00:00 PM,MIDATL,-4.346
7/10/2025 3:00:00 PM,7/10/2025 11:00:00 AM,MIDATL,-3.859
7/10/2025 2:00:00 PM,7/10/2025 10:00:00 AM,MIDATL,-4.003
7/10/2025 1:00:00 PM,7/10/2025 9:00:00 AM,MIDATL,-1.037
7/10/2025 12:00:00 PM,7/10/2025 8:00:00 AM,MIDATL,2.545
7/10/2025 11:00:00 AM,7/10/2025 7:00:00 AM,MIDATL,22.023
7/10/2025 10:00:00 AM,7/10/2025 6:00:00 AM,MIDATL,29.834
7/10/2025 9:00:00 AM,7/10/2025 5:00:00 AM,MIDATL,19.849
7/10/2025 8:00:00 AM,7/10/2025 4:00:00 AM,MIDATL,33.149
7/10/2025 7:00:00 AM,7/10/2025 3:00:00 AM,MIDATL,20.940
7/10/2025 6:00:00 AM,7/10/2025 2:00:00 AM,MIDATL,4.079
7/10/2025 5:00:00 AM,7/10/2025 1:00:00 AM,MIDATL,7.475
7/10/2025 4:00:00 AM,7/10/2025 12:00:00 AM,MIDATL,3.817
7/10/2025 3:00:00 AM,7/9/2025 11:00:00 PM,MIDATL,-4.252
7/10/2025 2:00:00 AM,7/9/2025 10:00:00 PM,MIDATL,-2.050
7/10/2025 1:00:00 AM,7/9/2025 9:00:00 PM,MIDATL,-2.619
7/10/2025 12:00:00 AM,7/9/2025 8:00:00 PM,MIDATL,0.880
7/9/2025 11:00:00 PM,7/9/2025 7:00:00 PM,MIDATL,1.308
7/9/2025 10:00:00 PM,7/9/2025 6:00:00 PM,MIDATL,4.480
7/9/2025 9:00:00 PM,7/9/2025 5:00:00 PM,MIDATL,51.883
7/9/2025 8:00:00 PM,7/9/2025 4:00:00 PM,MIDATL,58.121
7/9/2025 7:00:00 PM,7/9/2025 3:00:00 PM,MIDATL,32.017
7/9/2025 6:00:00 PM,7/9/2025 2:00:00 PM,MIDATL,22.827
7/9/2025 5:00:00 PM,7/9/2025 1:00:00 PM,MIDATL,11.675
7/9/2025 4:00:00 PM,7/9/2025 12:00:00 PM,MIDATL,19.351
7/9/2025 3:00:00 PM,7/9/2025 11:00:00 AM,MIDATL,18.927
7/9/2025 2:00:00 PM,7/9/2025 10:00:00 AM,MIDATL,18.779
7/9/2025 1:00:00 PM,7/9/2025 9:00:00 AM,MIDATL,14.297
7/9/2025 12:00:00 PM,7/9/2025 8:00:00 AM,MIDATL,22.170
7/9/2025 11:00:00 AM,7/9/2025 7:00:00 AM,MIDATL,32.044
7/9/2025 10:00:00 AM,7/9/2025 6:00:00 AM,MIDATL,25.625
7/9/2025 9:00:00 AM,7/9/2025 5:00:00 AM,MIDATL,35.772
7/9/2025 8:00:00 AM,7/9/2025 4:00:00 AM,MIDATL,35.035
7/9/2025 7:00:00 AM,7/9/2025 3:00:00 AM,MIDATL,23.471
7/9/2025 6:00:00 AM,7/9/2025 2:00:00 AM,MIDATL,34.720
7/9/2025 5:00:00 AM,7/9/2025 1:00:00 AM,MIDATL,51.778
7/9/2025 4:00:00 AM,7/9/2025 12:00:00 AM,MIDATL,68.115
7/9/2025 3:00:00 AM,7/8/2025 11:00:00 PM,MIDATL,55.677
7/9/2025 2:00:00 AM,7/8/2025 10:00:00 PM,MIDATL,60.577
7/9/2025 1:00:00 AM,7/8/2025 9:00:00 PM,MIDATL,27.043
7/9/2025 12:00:00 AM,7/8/2025 8:00:00 PM,MIDATL,19.637
7/8/2025 11:00:00 PM,7/8/2025 7:00:00 PM,MIDATL,48.084
7/8/2025 10:00:00 PM,7/8/2025 6:00:00 PM,MIDATL,70.173
7/8/2025 9:00:00 PM,7/8/2025 5:00:00 PM,MIDATL,95.431
7/8/2025 8:00:00 PM,7/8/2025 4:00:00 PM,MIDATL,134.490
7/8/2025 7:00:00 PM,7/8/2025 3:00:00 PM,MIDATL,138.311
7/8/2025 6:00:00 PM,7/8/2025 2:00:00 PM,MIDATL,242.711
7/8/2025 5:00:00 PM,7/8/2025 1:00:00 PM,MIDATL,264.229
7/8/2025 4:00:00 PM,7/8/2025 12:00:00 PM,MIDATL,132.508
7/8/2025 3:00:00 PM,7/8/2025 11:00:00 AM,MIDATL,90.481
7/8/2025 2:00:00 PM,7/8/2025 10:00:00 AM,MIDATL,64.313
7/8/2025 1:00:00 PM,7/8/2025 9:00:00 AM,MIDATL,35.740
7/8/2025 12:00:00 PM,7/8/2025 8:00:00 AM,MIDATL,38.357
7/8/2025 11:00:00 AM,7/8/2025 7:00:00 AM,MIDATL,68.436
7/8/2025 10:00:00 AM,7/8/2025 6:00:00 AM,MIDATL,83.285
7/8/2025 9:00:00 AM,7/8/2025 5:00:00 AM,MIDATL,83.265
7/8/2025 8:00:00 AM,7/8/2025 4:00:00 AM,MIDATL,108.746
7/8/2025 7:00:00 AM,7/8/2025 3:00:00 AM,MIDATL,142.476
7/8/2025 6:00:00 AM,7/8/2025 2:00:00 AM,MIDATL,180.961
7/8/2025 5:00:00 AM,7/8/2025 1:00:00 AM,MIDATL,212.665
7/8/2025 4:00:00 AM,7/8/2025 12:00:00 AM,MIDATL,129.675
7/8/2025 3:00:00 AM,7/7/2025 11:00:00 PM,MIDATL,121.161
7/8/2025 2:00:00 AM,7/7/2025 10:00:00 PM,MIDATL,132.898
7/8/2025 1:00:00 AM,7/7/2025 9:00:00 PM,MIDATL,156.758
7/8/2025 12:00:00 AM,7/7/2025 8:00:00 PM,MIDATL,218.268
7/7/2025 11:00:00 PM,7/7/2025 7:00:00 PM,MIDATL,198.312
7/7/2025 10:00:00 PM,7/7/2025 6:00:00 PM,MIDATL,260.919
7/7/2025 9:00:00 PM,7/7/2025 5:00:00 PM,MIDATL,262.816
7/7/2025 8:00:00 PM,7/7/2025 4:00:00 PM,MIDATL,105.710
7/7/2025 7:00:00 PM,7/7/2025 3:00:00 PM,MIDATL,87.420
7/7/2025 6:00:00 PM,7/7/2025 2:00:00 PM,MIDATL,92.939
7/7/2025 5:00:00 PM,7/7/2025 1:00:00 PM,MIDATL,63.314
7/7/2025 4:00:00 PM,7/7/2025 12:00:00 PM,MIDATL,55.099
7/7/2025 3:00:00 PM,7/7/2025 11:00:00 AM,MIDATL,55.314
7/7/2025 2:00:00 PM,7/7/2025 10:00:00 AM,MIDATL,53.300
7/7/2025 1:00:00 PM,7/7/2025 9:00:00 AM,MIDATL,36.023
7/7/2025 12:00:00 PM,7/7/2025 8:00:00 AM,MIDATL,45.632
7/7/2025 11:00:00 AM,7/7/2025 7:00:00 AM,MIDATL,106.789
7/7/2025 10:00:00 AM,7/7/2025 6:00:00 AM,MIDATL,164.696
7/7/2025 9:00:00 AM,7/7/2025 5:00:00 AM,MIDATL,163.705
7/7/2025 8:00:00 AM,7/7/2025 4:00:00 AM,MIDATL,199.331
7/7/2025 7:00:00 AM,7/7/2025 3:00:00 AM,MIDATL,239.550
7/7/2025 6:00:00 AM,7/7/2025 2:00:00 AM,MIDATL,231.068
7/7/2025 5:00:00 AM,7/7/2025 1:00:00 AM,MIDATL,305.170
7/7/2025 4:00:00 AM,7/7/2025 12:00:00 AM,MIDATL,288.668
7/7/2025 3:00:00 AM,7/6/2025 11:00:00 PM,MIDATL,297.071
7/7/2025 2:00:00 AM,7/6/2025 10:00:00 PM,MIDATL,248.684
7/7/2025 1:00:00 AM,7/6/2025 9:00:00 PM,MIDATL,246.960
7/7/2025 12:00:00 AM,7/6/2025 8:00:00 PM,MIDATL,209.391
7/6/2025 11:00:00 PM,7/6/2025 7:00:00 PM,MIDATL,165.769
7/6/2025 10:00:00 PM,7/6/2025 6:00:00 PM,MIDATL,173.951
7/6/2025 9:00:00 PM,7/6/2025 5:00:00 PM,MIDATL,138.925
7/6/2025 8:00:00 PM,7/6/2025 4:00:00 PM,MIDATL,111.971
7/6/2025 7:00:00 PM,7/6/2025 3:00:00 PM,MIDATL,103.406
7/6/2025 6:00:00 PM,7/6/2025 2:00:00 PM,MIDATL,112.997
7/6/2025 5:00:00 PM,7/6/2025 1:00:00 PM,MIDATL,120.192
7/6/2025 4:00:00 PM,7/6/2025 12:00:00 PM,MIDATL,115.573
7/6/2025 3:00:00 PM,7/6/2025 11:00:00 AM,MIDATL,115.066
7/6/2025 2:00:00 PM,7/6/2025 10:00:00 AM,MIDATL,96.416
7/6/2025 1:00:00 PM,7/6/2025 9:00:00 AM,MIDATL,91.902
7/6/2025 12:00:00 PM,7/6/2025 8:00:00 AM,MIDATL,124.252
7/6/2025 11:00:00 AM,7/6/2025 7:00:00 AM,MIDATL,201.028
7/6/2025 10:00:00 AM,7/6/2025 6:00:00 AM,MIDATL,229.726
7/6/2025 9:00:00 AM,7/6/2025 5:00:00 AM,MIDATL,257.593
7/6/2025 8:00:00 AM,7/6/2025 4:00:00 AM,MIDATL,299.839
7/6/2025 7:00:00 AM,7/6/2025 3:00:00 AM,MIDATL,316.138
7/6/2025 6:00:00 AM,7/6/2025 2:00:00 AM,MIDATL,306.220
7/6/2025 5:00:00 AM,7/6/2025 1:00:00 AM,MIDATL,300.766
7/6/2025 4:00:00 AM,7/6/2025 12:00:00 AM,MIDATL,294.726
7/6/2025 3:00:00 AM,7/5/2025 11:00:00 PM,MIDATL,281.391
7/6/2025 2:00:00 AM,7/5/2025 10:00:00 PM,MIDATL,230.807
7/6/2025 1:00:00 AM,7/5/2025 9:00:00 PM,MIDATL,179.781
7/6/2025 12:00:00 AM,7/5/2025 8:00:00 PM,MIDATL,130.987
7/5/2025 11:00:00 PM,7/5/2025 7:00:00 PM,MIDATL,117.018
7/5/2025 10:00:00 PM,7/5/2025 6:00:00 PM,MIDATL,85.792
7/5/2025 9:00:00 PM,7/5/2025 5:00:00 PM,MIDATL,88.326
7/5/2025 8:00:00 PM,7/5/2025 4:00:00 PM,MIDATL,65.614
7/5/2025 7:00:00 PM,7/5/2025 3:00:00 PM,MIDATL,61.034
7/5/2025 6:00:00 PM,7/5/2025 2:00:00 PM,MIDATL,39.759
7/5/2025 5:00:00 PM,7/5/2025 1:00:00 PM,MIDATL,38.097
7/5/2025 4:00:00 PM,7/5/2025 12:00:00 PM,MIDATL,31.873
7/5/2025 3:00:00 PM,7/5/2025 11:00:00 AM,MIDATL,11.889
7/5/2025 2:00:00 PM,7/5/2025 10:00:00 AM,MIDATL,14.515
7/5/2025 1:00:00 PM,7/5/2025 9:00:00 AM,MIDATL,29.548
7/5/2025 12:00:00 PM,7/5/2025 8:00:00 AM,MIDATL,81.676
7/5/2025 11:00:00 AM,7/5/2025 7:00:00 AM,MIDATL,126.151
7/5/2025 10:00:00 AM,7/5/2025 6:00:00 AM,MIDATL,107.457
7/5/2025 9:00:00 AM,7/5/2025 5:00:00 AM,MIDATL,70.733
7/5/2025 8:00:00 AM,7/5/2025 4:00:00 AM,MIDATL,46.754
7/5/2025 7:00:00 AM,7/5/2025 3:00:00 AM,MIDATL,33.867
7/5/2025 6:00:00 AM,7/5/2025 2:00:00 AM,MIDATL,14.466
7/5/2025 5:00:00 AM,7/5/2025 1:00:00 AM,MIDATL,1.834
7/5/2025 4:00:00 AM,7/5/2025 12:00:00 AM,MIDATL,-1.723
7/5/2025 3:00:00 AM,7/4/2025 11:00:00 PM,MIDATL,-1.266
7/5/2025 2:00:00 AM,7/4/2025 10:00:00 PM,MIDATL,0.425
7/5/2025 1:00:00 AM,7/4/2025 9:00:00 PM,MIDATL,4.296
7/5/2025 12:00:00 AM,7/4/2025 8:00:00 PM,MIDATL,9.065
7/4/2025 11:00:00 PM,7/4/2025 7:00:00 PM,MIDATL,6.558
7/4/2025 10:00:00 PM,7/4/2025 6:00:00 PM,MIDATL,15.476
7/4/2025 9:00:00 PM,7/4/2025 5:00:00 PM,MIDATL,23.710
7/4/2025 8:00:00 PM,7/4/2025 4:00:00 PM,MIDATL,39.750
7/4/2025 7:00:00 PM,7/4/2025 3:00:00 PM,MIDATL,82.546
7/4/2025 6:00:00 PM,7/4/2025 2:00:00 PM,MIDATL,121.494
7/4/2025 5:00:00 PM,7/4/2025 1:00:00 PM,MIDATL,118.263
7/4/2025 4:00:00 PM,7/4/2025 12:00:00 PM,MIDATL,112.363
7/4/2025 3:00:00 PM,7/4/2025 11:00:00 AM,MIDATL,126.467
7/4/2025 2:00:00 PM,7/4/2025 10:00:00 AM,MIDATL,140.529
7/4/2025 1:00:00 PM,7/4/2025 9:00:00 AM,MIDATL,87.404
7/4/2025 12:00:00 PM,7/4/2025 8:00:00 AM,MIDATL,62.724
7/4/2025 11:00:00 AM,7/4/2025 7:00:00 AM,MIDATL,120.612
7/4/2025 10:00:00 AM,7/4/2025 6:00:00 AM,MIDATL,167.220
7/4/2025 9:00:00 AM,7/4/2025 5:00:00 AM,MIDATL,209.661
7/4/2025 8:00:00 AM,7/4/2025 4:00:00 AM,MIDATL,221.111
7/4/2025 7:00:00 AM,7/4/2025 3:00:00 AM,MIDATL,232.126
7/4/2025 6:00:00 AM,7/4/2025 2:00:00 AM,MIDATL,235.801
7/4/2025 5:00:00 AM,7/4/2025 1:00:00 AM,MIDATL,263.350
7/4/2025 4:00:00 AM,7/4/2025 12:00:00 AM,MIDATL,300.028
7/4/2025 3:00:00 AM,7/3/2025 11:00:00 PM,MIDATL,373.458
7/4/2025 2:00:00 AM,7/3/2025 10:00:00 PM,MIDATL,391.829
7/4/2025 1:00:00 AM,7/3/2025 9:00:00 PM,MIDATL,423.952
7/4/2025 12:00:00 AM,7/3/2025 8:00:00 PM,MIDATL,371.272
7/3/2025 11:00:00 PM,7/3/2025 7:00:00 PM,MIDATL,412.086
7/3/2025 10:00:00 PM,7/3/2025 6:00:00 PM,MIDATL,438.755
7/3/2025 9:00:00 PM,7/3/2025 5:00:00 PM,MIDATL,501.394
7/3/2025 8:00:00 PM,7/3/2025 4:00:00 PM,MIDATL,544.947
7/3/2025 7:00:00 PM,7/3/2025 3:00:00 PM,MIDATL,414.571
7/3/2025 6:00:00 PM,7/3/2025 2:00:00 PM,MIDATL,320.774
7/3/2025 5:00:00 PM,7/3/2025 1:00:00 PM,MIDATL,261.237
7/3/2025 4:00:00 PM,7/3/2025 12:00:00 PM,MIDATL,224.508
7/3/2025 3:00:00 PM,7/3/2025 11:00:00 AM,MIDATL,190.334
7/3/2025 2:00:00 PM,7/3/2025 10:00:00 AM,MIDATL,134.270
7/3/2025 1:00:00 PM,7/3/2025 9:00:00 AM,MIDATL,126.182
7/3/2025 12:00:00 PM,7/3/2025 8:00:00 AM,MIDATL,127.970
7/3/2025 11:00:00 AM,7/3/2025 7:00:00 AM,MIDATL,165.844
7/3/2025 10:00:00 AM,7/3/2025 6:00:00 AM,MIDATL,142.165
7/3/2025 9:00:00 AM,7/3/2025 5:00:00 AM,MIDATL,93.796
7/3/2025 8:00:00 AM,7/3/2025 4:00:00 AM,MIDATL,123.822
7/3/2025 7:00:00 AM,7/3/2025 3:00:00 AM,MIDATL,179.070
7/3/2025 6:00:00 AM,7/3/2025 2:00:00 AM,MIDATL,211.621
7/3/2025 5:00:00 AM,7/3/2025 1:00:00 AM,MIDATL,174.640
7/3/2025 4:00:00 AM,7/3/2025 12:00:00 AM,MIDATL,107.871
7/3/2025 3:00:00 AM,7/2/2025 11:00:00 PM,MIDATL,67.610
7/3/2025 2:00:00 AM,7/2/2025 10:00:00 PM,MIDATL,64.385
7/3/2025 1:00:00 AM,7/2/2025 9:00:00 PM,MIDATL,58.452
7/3/2025 12:00:00 AM,7/2/2025 8:00:00 PM,MIDATL,47.401
7/2/2025 11:00:00 PM,7/2/2025 7:00:00 PM,MIDATL,43.577
7/2/2025 10:00:00 PM,7/2/2025 6:00:00 PM,MIDATL,63.476
7/2/2025 9:00:00 PM,7/2/2025 5:00:00 PM,MIDATL,83.450
7/2/2025 8:00:00 PM,7/2/2025 4:00:00 PM,MIDATL,87.381
7/2/2025 7:00:00 PM,7/2/2025 3:00:00 PM,MIDATL,111.418
7/2/2025 6:00:00 PM,7/2/2025 2:00:00 PM,MIDATL,140.598
7/2/2025 5:00:00 PM,7/2/2025 1:00:00 PM,MIDATL,120.979
7/2/2025 4:00:00 PM,7/2/2025 12:00:00 PM,MIDATL,77.945
7/2/2025 3:00:00 PM,7/2/2025 11:00:00 AM,MIDATL,44.867
7/2/2025 2:00:00 PM,7/2/2025 10:00:00 AM,MIDATL,45.254
7/2/2025 1:00:00 PM,7/2/2025 9:00:00 AM,MIDATL,49.147
7/2/2025 12:00:00 PM,7/2/2025 8:00:00 AM,MIDATL,56.858
7/2/2025 11:00:00 AM,7/2/2025 7:00:00 AM,MIDATL,76.955
7/2/2025 10:00:00 AM,7/2/2025 6:00:00 AM,MIDATL,99.102
7/2/2025 9:00:00 AM,7/2/2025 5:00:00 AM,MIDATL,141.988
7/2/2025 8:00:00 AM,7/2/2025 4:00:00 AM,MIDATL,181.696
7/2/2025 7:00:00 AM,7/2/2025 3:00:00 AM,MIDATL,189.230
7/2/2025 6:00:00 AM,7/2/2025 2:00:00 AM,MIDATL,192.170
7/2/2025 5:00:00 AM,7/2/2025 1:00:00 AM,MIDATL,209.025
7/2/2025 4:00:00 AM,7/2/2025 12:00:00 AM,MIDATL,243.613
7/2/2025 3:00:00 AM,7/1/2025 11:00:00 PM,MIDATL,228.517
7/2/2025 2:00:00 AM,7/1/2025 10:00:00 PM,MIDATL,143.208
7/2/2025 1:00:00 AM,7/1/2025 9:00:00 PM,MIDATL,136.148
7/2/2025 12:00:00 AM,7/1/2025 8:00:00 PM,MIDATL,89.130
7/1/2025 11:00:00 PM,7/1/2025 7:00:00 PM,MIDATL,59.861
7/1/2025 10:00:00 PM,7/1/2025 6:00:00 PM,MIDATL,41.227
7/1/2025 9:00:00 PM,7/1/2025 5:00:00 PM,MIDATL,34.727
7/1/2025 8:00:00 PM,7/1/2025 4:00:00 PM,MIDATL,61.776
7/1/2025 7:00:00 PM,7/1/2025 3:00:00 PM,MIDATL,108.585
7/1/2025 6:00:00 PM,7/1/2025 2:00:00 PM,MIDATL,251.900
7/1/2025 5:00:00 PM,7/1/2025 1:00:00 PM,MIDATL,322.864
7/1/2025 4:00:00 PM,7/1/2025 12:00:00 PM,MIDATL,98.403
7/1/2025 3:00:00 PM,7/1/2025 11:00:00 AM,MIDATL,88.292
7/1/2025 2:00:00 PM,7/1/2025 10:00:00 AM,MIDATL,124.521
7/1/2025 1:00:00 PM,7/1/2025 9:00:00 AM,MIDATL,145.421
7/1/2025 12:00:00 PM,7/1/2025 8:00:00 AM,MIDATL,192.802
7/1/2025 11:00:00 AM,7/1/2025 7:00:00 AM,MIDATL,263.673
7/1/2025 10:00:00 AM,7/1/2025 6:00:00 AM,MIDATL,338.517
7/1/2025 9:00:00 AM,7/1/2025 5:00:00 AM,MIDATL,330.669
7/1/2025 8:00:00 AM,7/1/2025 4:00:00 AM,MIDATL,359.420
7/1/2025 7:00:00 AM,7/1/2025 3:00:00 AM,MIDATL,362.023
7/1/2025 6:00:00 AM,7/1/2025 2:00:00 AM,MIDATL,356.030
7/1/2025 5:00:00 AM,7/1/2025 1:00:00 AM,MIDATL,448.195
7/1/2025 4:00:00 AM,7/1/2025 12:00:00 AM,MIDATL,447.721
7/1/2025 3:00:00 AM,6/30/2025 11:00:00 PM,MIDATL,331.333
7/1/2025 2:00:00 AM,6/30/2025 10:00:00 PM,MIDATL,418.758
7/1/2025 1:00:00 AM,6/30/2025 9:00:00 PM,MIDATL,378.337
7/1/2025 12:00:00 AM,6/30/2025 8:00:00 PM,MIDATL,305.435
6/30/2025 11:00:00 PM,6/30/2025 7:00:00 PM,MIDATL,274.962
6/30/2025 10:00:00 PM,6/30/2025 6:00:00 PM,MIDATL,251.605
6/30/2025 9:00:00 PM,6/30/2025 5:00:00 PM,MIDATL,213.512
6/30/2025 8:00:00 PM,6/30/2025 4:00:00 PM,MIDATL,199.283
6/30/2025 7:00:00 PM,6/30/2025 3:00:00 PM,MIDATL,211.381
6/30/2025 6:00:00 PM,6/30/2025 2:00:00 PM,MIDATL,134.851
6/30/2025 5:00:00 PM,6/30/2025 1:00:00 PM,MIDATL,79.015
6/30/2025 4:00:00 PM,6/30/2025 12:00:00 PM,MIDATL,38.741
6/30/2025 3:00:00 PM,6/30/2025 11:00:00 AM,MIDATL,23.667
6/30/2025 2:00:00 PM,6/30/2025 10:00:00 AM,MIDATL,5.491
6/30/2025 1:00:00 PM,6/30/2025 9:00:00 AM,MIDATL,7.262
6/30/2025 12:00:00 PM,6/30/2025 8:00:00 AM,MIDATL,20.200
6/30/2025 11:00:00 AM,6/30/2025 7:00:00 AM,MIDATL,34.011
6/30/2025 10:00:00 AM,6/30/2025 6:00:00 AM,MIDATL,24.226
6/30/2025 9:00:00 AM,6/30/2025 5:00:00 AM,MIDATL,16.135
6/30/2025 8:00:00 AM,6/30/2025 4:00:00 AM,MIDATL,12.424
6/30/2025 7:00:00 AM,6/30/2025 3:00:00 AM,MIDATL,5.260
6/30/2025 6:00:00 AM,6/30/2025 2:00:00 AM,MIDATL,2.526
6/30/2025 5:00:00 AM,6/30/2025 1:00:00 AM,MIDATL,8.324
6/30/2025 4:00:00 AM,6/30/2025 12:00:00 AM,MIDATL,2.680
6/30/2025 3:00:00 AM,6/29/2025 11:00:00 PM,MIDATL,-2.980
6/30/2025 2:00:00 AM,6/29/2025 10:00:00 PM,MIDATL,-4.172
6/30/2025 1:00:00 AM,6/29/2025 9:00:00 PM,MIDATL,-4.682
6/30/2025 12:00:00 AM,6/29/2025 8:00:00 PM,MIDATL,-4.554
6/29/2025 11:00:00 PM,6/29/2025 7:00:00 PM,MIDATL,-3.959
6/29/2025 10:00:00 PM,6/29/2025 6:00:00 PM,MIDATL,15.875
6/29/2025 9:00:00 PM,6/29/2025 5:00:00 PM,MIDATL,48.541
6/29/2025 8:00:00 PM,6/29/2025 4:00:00 PM,MIDATL,48.499
6/29/2025 7:00:00 PM,6/29/2025 3:00:00 PM,MIDATL,51.011
6/29/2025 6:00:00 PM,6/29/2025 2:00:00 PM,MIDATL,57.878
6/29/2025 5:00:00 PM,6/29/2025 1:00:00 PM,MIDATL,52.620
6/29/2025 4:00:00 PM,6/29/2025 12:00:00 PM,MIDATL,41.614
6/29/2025 3:00:00 PM,6/29/2025 11:00:00 AM,MIDATL,28.012
6/29/2025 2:00:00 PM,6/29/2025 10:00:00 AM,MIDATL,22.005
6/29/2025 1:00:00 PM,6/29/2025 9:00:00 AM,MIDATL,36.319
6/29/2025 12:00:00 PM,6/29/2025 8:00:00 AM,MIDATL,47.235
6/29/2025 11:00:00 AM,6/29/2025 7:00:00 AM,MIDATL,58.734
6/29/2025 10:00:00 AM,6/29/2025 6:00:00 AM,MIDATL,74.224
6/29/2025 9:00:00 AM,6/29/2025 5:00:00 AM,MIDATL,99.034
6/29/2025 8:00:00 AM,6/29/2025 4:00:00 AM,MIDATL,98.248
6/29/2025 7:00:00 AM,6/29/2025 3:00:00 AM,MIDATL,154.217
6/29/2025 6:00:00 AM,6/29/2025 2:00:00 AM,MIDATL,208.845
6/29/2025 5:00:00 AM,6/29/2025 1:00:00 AM,MIDATL,262.843
6/29/2025 4:00:00 AM,6/29/2025 12:00:00 AM,MIDATL,326.336
6/29/2025 3:00:00 AM,6/28/2025 11:00:00 PM,MIDATL,222.645
6/29/2025 2:00:00 AM,6/28/2025 10:00:00 PM,MIDATL,202.707
6/29/2025 1:00:00 AM,6/28/2025 9:00:00 PM,MIDATL,210.346
6/29/2025 12:00:00 AM,6/28/2025 8:00:00 PM,MIDATL,186.460
6/28/2025 11:00:00 PM,6/28/2025 7:00:00 PM,MIDATL,241.280
6/28/2025 10:00:00 PM,6/28/2025 6:00:00 PM,MIDATL,214.961
6/28/2025 9:00:00 PM,6/28/2025 5:00:00 PM,MIDATL,207.441
6/28/2025 8:00:00 PM,6/28/2025 4:00:00 PM,MIDATL,248.101
6/28/2025 7:00:00 PM,6/28/2025 3:00:00 PM,MIDATL,305.347
6/28/2025 6:00:00 PM,6/28/2025 2:00:00 PM,MIDATL,364.596
6/28/2025 5:00:00 PM,6/28/2025 1:00:00 PM,MIDATL,226.588
6/28/2025 4:00:00 PM,6/28/2025 12:00:00 PM,MIDATL,246.776
6/28/2025 3:00:00 PM,6/28/2025 11:00:00 AM,MIDATL,210.286
6/28/2025 2:00:00 PM,6/28/2025 10:00:00 AM,MIDATL,182.656
6/28/2025 1:00:00 PM,6/28/2025 9:00:00 AM,MIDATL,205.325
6/28/2025 12:00:00 PM,6/28/2025 8:00:00 AM,MIDATL,272.100
6/28/2025 11:00:00 AM,6/28/2025 7:00:00 AM,MIDATL,326.088
6/28/2025 10:00:00 AM,6/28/2025 6:00:00 AM,MIDATL,331.781
6/28/2025 9:00:00 AM,6/28/2025 5:00:00 AM,MIDATL,311.436
6/28/2025 8:00:00 AM,6/28/2025 4:00:00 AM,MIDATL,296.385
6/28/2025 7:00:00 AM,6/28/2025 3:00:00 AM,MIDATL,312.243
6/28/2025 6:00:00 AM,6/28/2025 2:00:00 AM,MIDATL,374.631
6/28/2025 5:00:00 AM,6/28/2025 1:00:00 AM,MIDATL,488.126
6/28/2025 4:00:00 AM,6/28/2025 12:00:00 AM,MIDATL,464.325
6/28/2025 3:00:00 AM,6/27/2025 11:00:00 PM,MIDATL,423.067
6/28/2025 2:00:00 AM,6/27/2025 10:00:00 PM,MIDATL,563.687
6/28/2025 1:00:00 AM,6/27/2025 9:00:00 PM,MIDATL,610.812
6/28/2025 12:00:00 AM,6/27/2025 8:00:00 PM,MIDATL,493.436
6/27/2025 11:00:00 PM,6/27/2025 7:00:00 PM,MIDATL,436.945
6/27/2025 10:00:00 PM,6/27/2025 6:00:00 PM,MIDATL,455.209
6/27/2025 9:00:00 PM,6/27/2025 5:00:00 PM,MIDATL,492.566
6/27/2025 8:00:00 PM,6/27/2025 4:00:00 PM,MIDATL,446.979
6/27/2025 7:00:00 PM,6/27/2025 3:00:00 PM,MIDATL,403.676
6/27/2025 6:00:00 PM,6/27/2025 2:00:00 PM,MIDATL,382.728
6/27/2025 5:00:00 PM,6/27/2025 1:00:00 PM,MIDATL,339.394
6/27/2025 4:00:00 PM,6/27/2025 12:00:00 PM,MIDATL,281.940
6/27/2025 3:00:00 PM,6/27/2025 11:00:00 AM,MIDATL,237.873
6/27/2025 2:00:00 PM,6/27/2025 10:00:00 AM,MIDATL,227.592
6/27/2025 1:00:00 PM,6/27/2025 9:00:00 AM,MIDATL,180.499
6/27/2025 12:00:00 PM,6/27/2025 8:00:00 AM,MIDATL,157.717
6/27/2025 11:00:00 AM,6/27/2025 7:00:00 AM,MIDATL,151.088
6/27/2025 10:00:00 AM,6/27/2025 6:00:00 AM,MIDATL,140.539
6/27/2025 9:00:00 AM,6/27/2025 5:00:00 AM,MIDATL,98.808
6/27/2025 8:00:00 AM,6/27/2025 4:00:00 AM,MIDATL,151.602
6/27/2025 7:00:00 AM,6/27/2025 3:00:00 AM,MIDATL,190.313
6/27/2025 6:00:00 AM,6/27/2025 2:00:00 AM,MIDATL,169.516
6/27/2025 5:00:00 AM,6/27/2025 1:00:00 AM,MIDATL,118.920
6/27/2025 4:00:00 AM,6/27/2025 12:00:00 AM,MIDATL,76.970
6/27/2025 3:00:00 AM,6/26/2025 11:00:00 PM,MIDATL,77.772
6/27/2025 2:00:00 AM,6/26/2025 10:00:00 PM,MIDATL,103.652
6/27/2025 1:00:00 AM,6/26/2025 9:00:00 PM,MIDATL,102.791
6/27/2025 12:00:00 AM,6/26/2025 8:00:00 PM,MIDATL,149.100
6/26/2025 11:00:00 PM,6/26/2025 7:00:00 PM,MIDATL,176.095
6/26/2025 10:00:00 PM,6/26/2025 6:00:00 PM,MIDATL,188.526
6/26/2025 9:00:00 PM,6/26/2025 5:00:00 PM,MIDATL,78.435
6/26/2025 8:00:00 PM,6/26/2025 4:00:00 PM,MIDATL,108.538
6/26/2025 7:00:00 PM,6/26/2025 3:00:00 PM,MIDATL,151.435
6/26/2025 6:00:00 PM,6/26/2025 2:00:00 PM,MIDATL,189.516
6/26/2025 5:00:00 PM,6/26/2025 1:00:00 PM,MIDATL,159.850
6/26/2025 4:00:00 PM,6/26/2025 12:00:00 PM,MIDATL,112.120
6/26/2025 3:00:00 PM,6/26/2025 11:00:00 AM,MIDATL,76.903
6/26/2025 2:00:00 PM,6/26/2025 10:00:00 AM,MIDATL,58.819
6/26/2025 1:00:00 PM,6/26/2025 9:00:00 AM,MIDATL,31.848
6/26/2025 12:00:00 PM,6/26/2025 8:00:00 AM,MIDATL,31.895
6/26/2025 11:00:00 AM,6/26/2025 7:00:00 AM,MIDATL,37.568
6/26/2025 10:00:00 AM,6/26/2025 6:00:00 AM,MIDATL,37.944
6/26/2025 9:00:00 AM,6/26/2025 5:00:00 AM,MIDATL,38.532
6/26/2025 8:00:00 AM,6/26/2025 4:00:00 AM,MIDATL,50.719
6/26/2025 7:00:00 AM,6/26/2025 3:00:00 AM,MIDATL,49.820
6/26/2025 6:00:00 AM,6/26/2025 2:00:00 AM,MIDATL,46.755
6/26/2025 5:00:00 AM,6/26/2025 1:00:00 AM,MIDATL,30.778
6/26/2025 4:00:00 AM,6/26/2025 12:00:00 AM,MIDATL,16.909
6/26/2025 3:00:00 AM,6/25/2025 11:00:00 PM,MIDATL,23.191
6/26/2025 2:00:00 AM,6/25/2025 10:00:00 PM,MIDATL,26.778
6/26/2025 1:00:00 AM,6/25/2025 9:00:00 PM,MIDATL,57.683
6/26/2025 12:00:00 AM,6/25/2025 8:00:00 PM,MIDATL,68.033
6/25/2025 11:00:00 PM,6/25/2025 7:00:00 PM,MIDATL,96.250
6/25/2025 10:00:00 PM,6/25/2025 6:00:00 PM,MIDATL,101.446
6/25/2025 9:00:00 PM,6/25/2025 5:00:00 PM,MIDATL,103.803
6/25/2025 8:00:00 PM,6/25/2025 4:00:00 PM,MIDATL,172.726
6/25/2025 7:00:00 PM,6/25/2025 3:00:00 PM,MIDATL,150.711
6/25/2025 6:00:00 PM,6/25/2025 2:00:00 PM,MIDATL,120.786
6/25/2025 5:00:00 PM,6/25/2025 1:00:00 PM,MIDATL,97.936
6/25/2025 4:00:00 PM,6/25/2025 12:00:00 PM,MIDATL,80.170
6/25/2025 3:00:00 PM,6/25/2025 11:00:00 AM,MIDATL,83.020
6/25/2025 2:00:00 PM,6/25/2025 10:00:00 AM,MIDATL,82.216
6/25/2025 1:00:00 PM,6/25/2025 9:00:00 AM,MIDATL,69.883
6/25/2025 12:00:00 PM,6/25/2025 8:00:00 AM,MIDATL,73.645
6/25/2025 11:00:00 AM,6/25/2025 7:00:00 AM,MIDATL,136.808
6/25/2025 10:00:00 AM,6/25/2025 6:00:00 AM,MIDATL,116.919
6/25/2025 9:00:00 AM,6/25/2025 5:00:00 AM,MIDATL,147.762
6/25/2025 8:00:00 AM,6/25/2025 4:00:00 AM,MIDATL,129.261
6/25/2025 7:00:00 AM,6/25/2025 3:00:00 AM,MIDATL,103.688
6/25/2025 6:00:00 AM,6/25/2025 2:00:00 AM,MIDATL,116.351
6/25/2025 5:00:00 AM,6/25/2025 1:00:00 AM,MIDATL,105.661
6/25/2025 4:00:00 AM,6/25/2025 12:00:00 AM,MIDATL,145.165
6/25/2025 3:00:00 AM,6/24/2025 11:00:00 PM,MIDATL,233.407
6/25/2025 2:00:00 AM,6/24/2025 10:00:00 PM,MIDATL,262.200
6/25/2025 1:00:00 AM,6/24/2025 9:00:00 PM,MIDATL,267.596
6/25/2025 12:00:00 AM,6/24/2025 8:00:00 PM,MIDATL,187.422
6/24/2025 11:00:00 PM,6/24/2025 7:00:00 PM,MIDATL,119.380
6/24/2025 10:00:00 PM,6/24/2025 6:00:00 PM,MIDATL,131.584
6/24/2025 9:00:00 PM,6/24/2025 5:00:00 PM,MIDATL,155.583
6/24/2025 8:00:00 PM,6/24/2025 4:00:00 PM,MIDATL,146.295
6/24/2025 7:00:00 PM,6/24/2025 3:00:00 PM,MIDATL,134.847
6/24/2025 6:00:00 PM,6/24/2025 2:00:00 PM,MIDATL,109.464
6/24/2025 5:00:00 PM,6/24/2025 1:00:00 PM,MIDATL,91.696
6/24/2025 4:00:00 PM,6/24/2025 12:00:00 PM,MIDATL,73.680
6/24/2025 3:00:00 PM,6/24/2025 11:00:00 AM,MIDATL,102.996
6/24/2025 2:00:00 PM,6/24/2025 10:00:00 AM,MIDATL,143.962
6/24/2025 1:00:00 PM,6/24/2025 9:00:00 AM,MIDATL,136.298
6/24/2025 12:00:00 PM,6/24/2025 8:00:00 AM,MIDATL,183.864
6/24/2025 11:00:00 AM,6/24/2025 7:00:00 AM,MIDATL,316.891
6/24/2025 10:00:00 AM,6/24/2025 6:00:00 AM,MIDATL,359.566
6/24/2025 9:00:00 AM,6/24/2025 5:00:00 AM,MIDATL,409.296
6/24/2025 8:00:00 AM,6/24/2025 4:00:00 AM,MIDATL,426.846
6/24/2025 7:00:00 AM,6/24/2025 3:00:00 AM,MIDATL,421.519
6/24/2025 6:00:00 AM,6/24/2025 2:00:00 AM,MIDATL,356.085
6/24/2025 5:00:00 AM,6/24/2025 1:00:00 AM,MIDATL,290.546
6/24/2025 4:00:00 AM,6/24/2025 12:00:00 AM,MIDATL,285.041
6/24/2025 3:00:00 AM,6/23/2025 11:00:00 PM,MIDATL,286.402
6/24/2025 2:00:00 AM,6/23/2025 10:00:00 PM,MIDATL,242.077
6/24/2025 1:00:00 AM,6/23/2025 9:00:00 PM,MIDATL,203.511
6/24/2025 12:00:00 AM,6/23/2025 8:00:00 PM,MIDATL,121.728
6/23/2025 11:00:00 PM,6/23/2025 7:00:00 PM,MIDATL,56.259
6/23/2025 10:00:00 PM,6/23/2025 6:00:00 PM,MIDATL,90.022
6/23/2025 9:00:00 PM,6/23/2025 5:00:00 PM,MIDATL,114.950
6/23/2025 8:00:00 PM,6/23/2025 4:00:00 PM,MIDATL,83.974
6/23/2025 7:00:00 PM,6/23/2025 3:00:00 PM,MIDATL,108.886
6/23/2025 6:00:00 PM,6/23/2025 2:00:00 PM,MIDATL,88.497
6/23/2025 5:00:00 PM,6/23/2025 1:00:00 PM,MIDATL,95.545
6/23/2025 4:00:00 PM,6/23/2025 12:00:00 PM,MIDATL,122.375
6/23/2025 3:00:00 PM,6/23/2025 11:00:00 AM,MIDATL,187.381
6/23/2025 2:00:00 PM,6/23/2025 10:00:00 AM,MIDATL,190.500
6/23/2025 1:00:00 PM,6/23/2025 9:00:00 AM,MIDATL,136.227
6/23/2025 12:00:00 PM,6/23/2025 8:00:00 AM,MIDATL,150.631
6/23/2025 11:00:00 AM,6/23/2025 7:00:00 AM,MIDATL,253.867
6/23/2025 10:00:00 AM,6/23/2025 6:00:00 AM,MIDATL,443.577
6/23/2025 9:00:00 AM,6/23/2025 5:00:00 AM,MIDATL,490.475
6/23/2025 8:00:00 AM,6/23/2025 4:00:00 AM,MIDATL,486.394
6/23/2025 7:00:00 AM,6/23/2025 3:00:00 AM,MIDATL,495.035
6/23/2025 6:00:00 AM,6/23/2025 2:00:00 AM,MIDATL,484.316
6/23/2025 5:00:00 AM,6/23/2025 1:00:00 AM,MIDATL,498.371
6/23/2025 4:00:00 AM,6/23/2025 12:00:00 AM,MIDATL,521.829
6/23/2025 3:00:00 AM,6/22/2025 11:00:00 PM,MIDATL,517.906
6/23/2025 2:00:00 AM,6/22/2025 10:00:00 PM,MIDATL,502.813
6/23/2025 1:00:00 AM,6/22/2025 9:00:00 PM,MIDATL,390.514
6/23/2025 12:00:00 AM,6/22/2025 8:00:00 PM,MIDATL,258.336
6/22/2025 11:00:00 PM,6/22/2025 7:00:00 PM,MIDATL,229.643
6/22/2025 10:00:00 PM,6/22/2025 6:00:00 PM,MIDATL,212.949
6/22/2025 9:00:00 PM,6/22/2025 5:00:00 PM,MIDATL,185.846
6/22/2025 8:00:00 PM,6/22/2025 4:00:00 PM,MIDATL,205.812
6/22/2025 7:00:00 PM,6/22/2025 3:00:00 PM,MIDATL,181.848
6/22/2025 6:00:00 PM,6/22/2025 2:00:00 PM,MIDATL,151.078
6/22/2025 5:00:00 PM,6/22/2025 1:00:00 PM,MIDATL,243.686
6/22/2025 4:00:00 PM,6/22/2025 12:00:00 PM,MIDATL,328.997
6/22/2025 3:00:00 PM,6/22/2025 11:00:00 AM,MIDATL,401.788
6/22/2025 2:00:00 PM,6/22/2025 10:00:00 AM,MIDATL,518.367
6/22/2025 1:00:00 PM,6/22/2025 9:00:00 AM,MIDATL,602.861
6/22/2025 12:00:00 PM,6/22/2025 8:00:00 AM,MIDATL,686.332
6/22/2025 11:00:00 AM,6/22/2025 7:00:00 AM,MIDATL,789.845
6/22/2025 10:00:00 AM,6/22/2025 6:00:00 AM,MIDATL,692.539
6/22/2025 9:00:00 AM,6/22/2025 5:00:00 AM,MIDATL,706.702
6/22/2025 8:00:00 AM,6/22/2025 4:00:00 AM,MIDATL,756.045
6/22/2025 7:00:00 AM,6/22/2025 3:00:00 AM,MIDATL,731.018
6/22/2025 6:00:00 AM,6/22/2025 2:00:00 AM,MIDATL,654.010
6/22/2025 5:00:00 AM,6/22/2025 1:00:00 AM,MIDATL,596.146
6/22/2025 4:00:00 AM,6/22/2025 12:00:00 AM,MIDATL,503.528
6/22/2025 3:00:00 AM,6/21/2025 11:00:00 PM,MIDATL,461.977
6/22/2025 2:00:00 AM,6/21/2025 10:00:00 PM,MIDATL,416.036
6/22/2025 1:00:00 AM,6/21/2025 9:00:00 PM,MIDATL,336.665
6/22/2025 12:00:00 AM,6/21/2025 8:00:00 PM,MIDATL,190.967
6/21/2025 11:00:00 PM,6/21/2025 7:00:00 PM,MIDATL,137.936
6/21/2025 10:00:00 PM,6/21/2025 6:00:00 PM,MIDATL,93.997
6/21/2025 9:00:00 PM,6/21/2025 5:00:00 PM,MIDATL,76.412
6/21/2025 8:00:00 PM,6/21/2025 4:00:00 PM,MIDATL,51.621
6/21/2025 7:00:00 PM,6/21/2025 3:00:00 PM,MIDATL,56.753
6/21/2025 6:00:00 PM,6/21/2025 2:00:00 PM,MIDATL,56.083
6/21/2025 5:00:00 PM,6/21/2025 1:00:00 PM,MIDATL,44.921
6/21/2025 4:00:00 PM,6/21/2025 12:00:00 PM,MIDATL,44.563
6/21/2025 3:00:00 PM,6/21/2025 11:00:00 AM,MIDATL,52.196
6/21/2025 2:00:00 PM,6/21/2025 10:00:00 AM,MIDATL,47.061
6/21/2025 1:00:00 PM,6/21/2025 9:00:00 AM,MIDATL,65.018
6/21/2025 12:00:00 PM,6/21/2025 8:00:00 AM,MIDATL,124.658
6/21/2025 11:00:00 AM,6/21/2025 7:00:00 AM,MIDATL,225.121
6/21/2025 10:00:00 AM,6/21/2025 6:00:00 AM,MIDATL,272.393
6/21/2025 9:00:00 AM,6/21/2025 5:00:00 AM,MIDATL,293.731
6/21/2025 8:00:00 AM,6/21/2025 4:00:00 AM,MIDATL,309.715
6/21/2025 7:00:00 AM,6/21/2025 3:00:00 AM,MIDATL,351.208
6/21/2025 6:00:00 AM,6/21/2025 2:00:00 AM,MIDATL,313.797
6/21/2025 5:00:00 AM,6/21/2025 1:00:00 AM,MIDATL,256.597
6/21/2025 4:00:00 AM,6/21/2025 12:00:00 AM,MIDATL,339.232
6/21/2025 3:00:00 AM,6/20/2025 11:00:00 PM,MIDATL,307.422
6/21/2025 2:00:00 AM,6/20/2025 10:00:00 PM,MIDATL,245.633
6/21/2025 1:00:00 AM,6/20/2025 9:00:00 PM,MIDATL,233.531
6/21/2025 12:00:00 AM,6/20/2025 8:00:00 PM,MIDATL,229.156
6/20/2025 11:00:00 PM,6/20/2025 7:00:00 PM,MIDATL,281.896
6/20/2025 10:00:00 PM,6/20/2025 6:00:00 PM,MIDATL,265.813
6/20/2025 9:00:00 PM,6/20/2025 5:00:00 PM,MIDATL,272.603
6/20/2025 8:00:00 PM,6/20/2025 4:00:00 PM,MIDATL,329.050
6/20/2025 7:00:00 PM,6/20/2025 3:00:00 PM,MIDATL,395.023
6/20/2025 6:00:00 PM,6/20/2025 2:00:00 PM,MIDATL,367.702
6/20/2025 5:00:00 PM,6/20/2025 1:00:00 PM,MIDATL,436.172
6/20/2025 4:00:00 PM,6/20/2025 12:00:00 PM,MIDATL,491.630
6/20/2025 3:00:00 PM,6/20/2025 11:00:00 AM,MIDATL,471.270
6/20/2025 2:00:00 PM,6/20/2025 10:00:00 AM,MIDATL,499.398
6/20/2025 1:00:00 PM,6/20/2025 9:00:00 AM,MIDATL,554.429
6/20/2025 12:00:00 PM,6/20/2025 8:00:00 AM,MIDATL,545.527
6/20/2025 11:00:00 AM,6/20/2025 7:00:00 AM,MIDATL,653.265
6/20/2025 10:00:00 AM,6/20/2025 6:00:00 AM,MIDATL,612.103
6/20/2025 9:00:00 AM,6/20/2025 5:00:00 AM,MIDATL,566.617
6/20/2025 8:00:00 AM,6/20/2025 4:00:00 AM,MIDATL,540.102
6/20/2025 7:00:00 AM,6/20/2025 3:00:00 AM,MIDATL,553.585
6/20/2025 6:00:00 AM,6/20/2025 2:00:00 AM,MIDATL,623.651
6/20/2025 5:00:00 AM,6/20/2025 1:00:00 AM,MIDATL,704.739
6/20/2025 4:00:00 AM,6/20/2025 12:00:00 AM,MIDATL,772.256
6/20/2025 3:00:00 AM,6/19/2025 11:00:00 PM,MIDATL,853.632
6/20/2025 2:00:00 AM,6/19/2025 10:00:00 PM,MIDATL,749.617
6/20/2025 1:00:00 AM,6/19/2025 9:00:00 PM,MIDATL,778.727
6/20/2025 12:00:00 AM,6/19/2025 8:00:00 PM,MIDATL,781.433
6/19/2025 11:00:00 PM,6/19/2025 7:00:00 PM,MIDATL,589.794
6/19/2025 10:00:00 PM,6/19/2025 6:00:00 PM,MIDATL,600.971
6/19/2025 9:00:00 PM,6/19/2025 5:00:00 PM,MIDATL,739.041
6/19/2025 8:00:00 PM,6/19/2025 4:00:00 PM,MIDATL,680.635
6/19/2025 7:00:00 PM,6/19/2025 3:00:00 PM,MIDATL,620.011
6/19/2025 6:00:00 PM,6/19/2025 2:00:00 PM,MIDATL,547.574
6/19/2025 5:00:00 PM,6/19/2025 1:00:00 PM,MIDATL,537.297
6/19/2025 4:00:00 PM,6/19/2025 12:00:00 PM,MIDATL,553.073
6/19/2025 3:00:00 PM,6/19/2025 11:00:00 AM,MIDATL,513.536
6/19/2025 2:00:00 PM,6/19/2025 10:00:00 AM,MIDATL,555.149
6/19/2025 1:00:00 PM,6/19/2025 9:00:00 AM,MIDATL,513.163
6/19/2025 12:00:00 PM,6/19/2025 8:00:00 AM,MIDATL,525.779
6/19/2025 11:00:00 AM,6/19/2025 7:00:00 AM,MIDATL,555.117
6/19/2025 10:00:00 AM,6/19/2025 6:00:00 AM,MIDATL,497.411
6/19/2025 9:00:00 AM,6/19/2025 5:00:00 AM,MIDATL,533.306
6/19/2025 8:00:00 AM,6/19/2025 4:00:00 AM,MIDATL,529.553
6/19/2025 7:00:00 AM,6/19/2025 3:00:00 AM,MIDATL,478.153
6/19/2025 6:00:00 AM,6/19/2025 2:00:00 AM,MIDATL,468.739
6/19/2025 5:00:00 AM,6/19/2025 1:00:00 AM,MIDATL,522.597
6/19/2025 4:00:00 AM,6/19/2025 12:00:00 AM,MIDATL,441.429
6/19/2025 3:00:00 AM,6/18/2025 11:00:00 PM,MIDATL,359.142
6/19/2025 2:00:00 AM,6/18/2025 10:00:00 PM,MIDATL,267.779
6/19/2025 1:00:00 AM,6/18/2025 9:00:00 PM,MIDATL,196.980
6/19/2025 12:00:00 AM,6/18/2025 8:00:00 PM,MIDATL,201.300
6/18/2025 11:00:00 PM,6/18/2025 7:00:00 PM,MIDATL,135.541
6/18/2025 10:00:00 PM,6/18/2025 6:00:00 PM,MIDATL,109.113
6/18/2025 9:00:00 PM,6/18/2025 5:00:00 PM,MIDATL,119.530
6/18/2025 8:00:00 PM,6/18/2025 4:00:00 PM,MIDATL,150.940
6/18/2025 7:00:00 PM,6/18/2025 3:00:00 PM,MIDATL,137.358
6/18/2025 6:00:00 PM,6/18/2025 2:00:00 PM,MIDATL,106.145
6/18/2025 5:00:00 PM,6/18/2025 1:00:00 PM,MIDATL,107.004
6/18/2025 4:00:00 PM,6/18/2025 12:00:00 PM,MIDATL,73.191
6/18/2025 3:00:00 PM,6/18/2025 11:00:00 AM,MIDATL,63.770
6/18/2025 2:00:00 PM,6/18/2025 10:00:00 AM,MIDATL,84.387
6/18/2025 1:00:00 PM,6/18/2025 9:00:00 AM,MIDATL,92.854
6/18/2025 12:00:00 PM,6/18/2025 8:00:00 AM,MIDATL,89.453
6/18/2025 11:00:00 AM,6/18/2025 7:00:00 AM,MIDATL,112.614
6/18/2025 10:00:00 AM,6/18/2025 6:00:00 AM,MIDATL,133.204
6/18/2025 9:00:00 AM,6/18/2025 5:00:00 AM,MIDATL,147.359
6/18/2025 8:00:00 AM,6/18/2025 4:00:00 AM,MIDATL,171.892
6/18/2025 7:00:00 AM,6/18/2025 3:00:00 AM,MIDATL,187.733
6/18/2025 6:00:00 AM,6/18/2025 2:00:00 AM,MIDATL,212.594
6/18/2025 5:00:00 AM,6/18/2025 1:00:00 AM,MIDATL,221.431
6/18/2025 4:00:00 AM,6/18/2025 12:00:00 AM,MIDATL,231.815
6/18/2025 3:00:00 AM,6/17/2025 11:00:00 PM,MIDATL,234.678
6/18/2025 2:00:00 AM,6/17/2025 10:00:00 PM,MIDATL,239.621
6/18/2025 1:00:00 AM,6/17/2025 9:00:00 PM,MIDATL,180.215
6/18/2025 12:00:00 AM,6/17/2025 8:00:00 PM,MIDATL,161.320
6/17/2025 11:00:00 PM,6/17/2025 7:00:00 PM,MIDATL,146.454
6/17/2025 10:00:00 PM,6/17/2025 6:00:00 PM,MIDATL,103.098
6/17/2025 9:00:00 PM,6/17/2025 5:00:00 PM,MIDATL,85.171
6/17/2025 8:00:00 PM,6/17/2025 4:00:00 PM,MIDATL,87.381
6/17/2025 7:00:00 PM,6/17/2025 3:00:00 PM,MIDATL,135.647
6/17/2025 6:00:00 PM,6/17/2025 2:00:00 PM,MIDATL,113.216
6/17/2025 5:00:00 PM,6/17/2025 1:00:00 PM,MIDATL,97.062
6/17/2025 4:00:00 PM,6/17/2025 12:00:00 PM,MIDATL,68.184
6/17/2025 3:00:00 PM,6/17/2025 11:00:00 AM,MIDATL,66.141
6/17/2025 2:00:00 PM,6/17/2025 10:00:00 AM,MIDATL,44.676
6/17/2025 1:00:00 PM,6/17/2025 9:00:00 AM,MIDATL,48.264
6/17/2025 12:00:00 PM,6/17/2025 8:00:00 AM,MIDATL,61.597
6/17/2025 11:00:00 AM,6/17/2025 7:00:00 AM,MIDATL,89.854
6/17/2025 10:00:00 AM,6/17/2025 6:00:00 AM,MIDATL,136.012
6/17/2025 9:00:00 AM,6/17/2025 5:00:00 AM,MIDATL,126.643
6/17/2025 8:00:00 AM,6/17/2025 4:00:00 AM,MIDATL,139.452
6/17/2025 7:00:00 AM,6/17/2025 3:00:00 AM,MIDATL,164.162
6/17/2025 6:00:00 AM,6/17/2025 2:00:00 AM,MIDATL,172.800
6/17/2025 5:00:00 AM,6/17/2025 1:00:00 AM,MIDATL,204.083
6/17/2025 4:00:00 AM,6/17/2025 12:00:00 AM,MIDATL,200.315
6/17/2025 3:00:00 AM,6/16/2025 11:00:00 PM,MIDATL,156.874
6/17/2025 2:00:00 AM,6/16/2025 10:00:00 PM,MIDATL,114.716
6/17/2025 1:00:00 AM,6/16/2025 9:00:00 PM,MIDATL,109.209
6/17/2025 12:00:00 AM,6/16/2025 8:00:00 PM,MIDATL,100.537
6/16/2025 11:00:00 PM,6/16/2025 7:00:00 PM,MIDATL,123.498
6/16/2025 10:00:00 PM,6/16/2025 6:00:00 PM,MIDATL,118.226
6/16/2025 9:00:00 PM,6/16/2025 5:00:00 PM,MIDATL,97.141
6/16/2025 8:00:00 PM,6/16/2025 4:00:00 PM,MIDATL,98.068
6/16/2025 7:00:00 PM,6/16/2025 3:00:00 PM,MIDATL,82.697
6/16/2025 6:00:00 PM,6/16/2025 2:00:00 PM,MIDATL,70.777
6/16/2025 5:00:00 PM,6/16/2025 1:00:00 PM,MIDATL,67.059
6/16/2025 4:00:00 PM,6/16/2025 12:00:00 PM,MIDATL,70.307
6/16/2025 3:00:00 PM,6/16/2025 11:00:00 AM,MIDATL,59.442
6/16/2025 2:00:00 PM,6/16/2025 10:00:00 AM,MIDATL,52.838
6/16/2025 1:00:00 PM,6/16/2025 9:00:00 AM,MIDATL,80.303
6/16/2025 12:00:00 PM,6/16/2025 8:00:00 AM,MIDATL,102.509
6/16/2025 11:00:00 AM,6/16/2025 7:00:00 AM,MIDATL,101.329
6/16/2025 10:00:00 AM,6/16/2025 6:00:00 AM,MIDATL,112.097
6/16/2025 9:00:00 AM,6/16/2025 5:00:00 AM,MIDATL,152.877
6/16/2025 8:00:00 AM,6/16/2025 4:00:00 AM,MIDATL,192.418
6/16/2025 7:00:00 AM,6/16/2025 3:00:00 AM,MIDATL,185.672
6/16/2025 6:00:00 AM,6/16/2025 2:00:00 AM,MIDATL,173.191
6/16/2025 5:00:00 AM,6/16/2025 1:00:00 AM,MIDATL,161.658
6/16/2025 4:00:00 AM,6/16/2025 12:00:00 AM,MIDATL,152.554
6/16/2025 3:00:00 AM,6/15/2025 11:00:00 PM,MIDATL,147.376
6/16/2025 2:00:00 AM,6/15/2025 10:00:00 PM,MIDATL,135.132
6/16/2025 1:00:00 AM,6/15/2025 9:00:00 PM,MIDATL,99.744
6/16/2025 12:00:00 AM,6/15/2025 8:00:00 PM,MIDATL,72.334
6/15/2025 11:00:00 PM,6/15/2025 7:00:00 PM,MIDATL,67.231
6/15/2025 10:00:00 PM,6/15/2025 6:00:00 PM,MIDATL,45.083
6/15/2025 9:00:00 PM,6/15/2025 5:00:00 PM,MIDATL,48.082
6/15/2025 8:00:00 PM,6/15/2025 4:00:00 PM,MIDATL,53.241
6/15/2025 7:00:00 PM,6/15/2025 3:00:00 PM,MIDATL,59.252
6/15/2025 6:00:00 PM,6/15/2025 2:00:00 PM,MIDATL,46.528
6/15/2025 5:00:00 PM,6/15/2025 1:00:00 PM,MIDATL,49.948
6/15/2025 4:00:00 PM,6/15/2025 12:00:00 PM,MIDATL,55.402
6/15/2025 3:00:00 PM,6/15/2025 11:00:00 AM,MIDATL,62.459
6/15/2025 2:00:00 PM,6/15/2025 10:00:00 AM,MIDATL,58.560
6/15/2025 1:00:00 PM,6/15/2025 9:00:00 AM,MIDATL,64.962
6/15/2025 12:00:00 PM,6/15/2025 8:00:00 AM,MIDATL,68.608
6/15/2025 11:00:00 AM,6/15/2025 7:00:00 AM,MIDATL,63.051
6/15/2025 10:00:00 AM,6/15/2025 6:00:00 AM,MIDATL,59.349
6/15/2025 9:00:00 AM,6/15/2025 5:00:00 AM,MIDATL,53.541
6/15/2025 8:00:00 AM,6/15/2025 4:00:00 AM,MIDATL,67.287
6/15/2025 7:00:00 AM,6/15/2025 3:00:00 AM,MIDATL,90.606
6/15/2025 6:00:00 AM,6/15/2025 2:00:00 AM,MIDATL,134.966
6/15/2025 5:00:00 AM,6/15/2025 1:00:00 AM,MIDATL,168.401
6/15/2025 4:00:00 AM,6/15/2025 12:00:00 AM,MIDATL,166.337
6/15/2025 3:00:00 AM,6/14/2025 11:00:00 PM,MIDATL,98.073
6/15/2025 2:00:00 AM,6/14/2025 10:00:00 PM,MIDATL,91.001
6/15/2025 1:00:00 AM,6/14/2025 9:00:00 PM,MIDATL,57.553
6/15/2025 12:00:00 AM,6/14/2025 8:00:00 PM,MIDATL,36.299
6/14/2025 11:00:00 PM,6/14/2025 7:00:00 PM,MIDATL,29.329
6/14/2025 10:00:00 PM,6/14/2025 6:00:00 PM,MIDATL,22.516
6/14/2025 9:00:00 PM,6/14/2025 5:00:00 PM,MIDATL,15.882
6/14/2025 8:00:00 PM,6/14/2025 4:00:00 PM,MIDATL,20.477
6/14/2025 7:00:00 PM,6/14/2025 3:00:00 PM,MIDATL,19.371
6/14/2025 6:00:00 PM,6/14/2025 2:00:00 PM,MIDATL,33.589
6/14/2025 5:00:00 PM,6/14/2025 1:00:00 PM,MIDATL,36.510
6/14/2025 4:00:00 PM,6/14/2025 12:00:00 PM,MIDATL,23.105
6/14/2025 3:00:00 PM,6/14/2025 11:00:00 AM,MIDATL,16.243
6/14/2025 2:00:00 PM,6/14/2025 10:00:00 AM,MIDATL,11.707
6/14/2025 1:00:00 PM,6/14/2025 9:00:00 AM,MIDATL,17.398
6/14/2025 12:00:00 PM,6/14/2025 8:00:00 AM,MIDATL,35.733
6/14/2025 11:00:00 AM,6/14/2025 7:00:00 AM,MIDATL,67.479
6/14/2025 10:00:00 AM,6/14/2025 6:00:00 AM,MIDATL,69.227
6/14/2025 9:00:00 AM,6/14/2025 5:00:00 AM,MIDATL,53.180
6/14/2025 8:00:00 AM,6/14/2025 4:00:00 AM,MIDATL,40.460
6/14/2025 7:00:00 AM,6/14/2025 3:00:00 AM,MIDATL,71.948
6/14/2025 6:00:00 AM,6/14/2025 2:00:00 AM,MIDATL,79.888
6/14/2025 5:00:00 AM,6/14/2025 1:00:00 AM,MIDATL,89.777
6/14/2025 4:00:00 AM,6/14/2025 12:00:00 AM,MIDATL,116.461
6/14/2025 3:00:00 AM,6/13/2025 11:00:00 PM,MIDATL,140.105
6/14/2025 2:00:00 AM,6/13/2025 10:00:00 PM,MIDATL,171.811
6/14/2025 1:00:00 AM,6/13/2025 9:00:00 PM,MIDATL,137.416
6/14/2025 12:00:00 AM,6/13/2025 8:00:00 PM,MIDATL,97.463
6/13/2025 11:00:00 PM,6/13/2025 7:00:00 PM,MIDATL,78.117
6/13/2025 10:00:00 PM,6/13/2025 6:00:00 PM,MIDATL,64.626
6/13/2025 9:00:00 PM,6/13/2025 5:00:00 PM,MIDATL,55.248
6/13/2025 8:00:00 PM,6/13/2025 4:00:00 PM,MIDATL,44.810
6/13/2025 7:00:00 PM,6/13/2025 3:00:00 PM,MIDATL,30.850
6/13/2025 6:00:00 PM,6/13/2025 2:00:00 PM,MIDATL,24.161
6/13/2025 5:00:00 PM,6/13/2025 1:00:00 PM,MIDATL,22.058
6/13/2025 4:00:00 PM,6/13/2025 12:00:00 PM,MIDATL,22.301
6/13/2025 3:00:00 PM,6/13/2025 11:00:00 AM,MIDATL,28.218
6/13/2025 2:00:00 PM,6/13/2025 10:00:00 AM,MIDATL,38.999
6/13/2025 1:00:00 PM,6/13/2025 9:00:00 AM,MIDATL,46.869
6/13/2025 12:00:00 PM,6/13/2025 8:00:00 AM,MIDATL,63.758
6/13/2025 11:00:00 AM,6/13/2025 7:00:00 AM,MIDATL,70.089
6/13/2025 10:00:00 AM,6/13/2025 6:00:00 AM,MIDATL,53.831
6/13/2025 9:00:00 AM,6/13/2025 5:00:00 AM,MIDATL,38.123
6/13/2025 8:00:00 AM,6/13/2025 4:00:00 AM,MIDATL,55.560
6/13/2025 7:00:00 AM,6/13/2025 3:00:00 AM,MIDATL,49.701
6/13/2025 6:00:00 AM,6/13/2025 2:00:00 AM,MIDATL,38.483
6/13/2025 5:00:00 AM,6/13/2025 1:00:00 AM,MIDATL,36.084
6/13/2025 4:00:00 AM,6/13/2025 12:00:00 AM,MIDATL,50.017
6/13/2025 3:00:00 AM,6/12/2025 11:00:00 PM,MIDATL,57.123
6/13/2025 2:00:00 AM,6/12/2025 10:00:00 PM,MIDATL,60.836
6/13/2025 1:00:00 AM,6/12/2025 9:00:00 PM,MIDATL,61.190
6/13/2025 12:00:00 AM,6/12/2025 8:00:00 PM,MIDATL,38.488
6/12/2025 11:00:00 PM,6/12/2025 7:00:00 PM,MIDATL,27.052
6/12/2025 10:00:00 PM,6/12/2025 6:00:00 PM,MIDATL,44.097
6/12/2025 9:00:00 PM,6/12/2025 5:00:00 PM,MIDATL,49.870
6/12/2025 8:00:00 PM,6/12/2025 4:00:00 PM,MIDATL,56.091
6/12/2025 7:00:00 PM,6/12/2025 3:00:00 PM,MIDATL,78.315
6/12/2025 6:00:00 PM,6/12/2025 2:00:00 PM,MIDATL,78.736
6/12/2025 5:00:00 PM,6/12/2025 1:00:00 PM,MIDATL,61.896
6/12/2025 4:00:00 PM,6/12/2025 12:00:00 PM,MIDATL,68.197
6/12/2025 3:00:00 PM,6/12/2025 11:00:00 AM,MIDATL,83.365
6/12/2025 2:00:00 PM,6/12/2025 10:00:00 AM,MIDATL,136.933
6/12/2025 1:00:00 PM,6/12/2025 9:00:00 AM,MIDATL,244.798
6/12/2025 12:00:00 PM,6/12/2025 8:00:00 AM,MIDATL,383.378
6/12/2025 11:00:00 AM,6/12/2025 7:00:00 AM,MIDATL,500.166
6/12/2025 10:00:00 AM,6/12/2025 6:00:00 AM,MIDATL,581.506
6/12/2025 9:00:00 AM,6/12/2025 5:00:00 AM,MIDATL,668.774
6/12/2025 8:00:00 AM,6/12/2025 4:00:00 AM,MIDATL,720.468
6/12/2025 7:00:00 AM,6/12/2025 3:00:00 AM,MIDATL,731.208
6/12/2025 6:00:00 AM,6/12/2025 2:00:00 AM,MIDATL,696.176
6/12/2025 5:00:00 AM,6/12/2025 1:00:00 AM,MIDATL,646.916
6/12/2025 4:00:00 AM,6/12/2025 12:00:00 AM,MIDATL,704.372
6/12/2025 3:00:00 AM,6/11/2025 11:00:00 PM,MIDATL,702.971
6/12/2025 2:00:00 AM,6/11/2025 10:00:00 PM,MIDATL,626.496
6/12/2025 1:00:00 AM,6/11/2025 9:00:00 PM,MIDATL,540.091
6/12/2025 12:00:00 AM,6/11/2025 8:00:00 PM,MIDATL,288.594
6/11/2025 11:00:00 PM,6/11/2025 7:00:00 PM,MIDATL,221.232
6/11/2025 10:00:00 PM,6/11/2025 6:00:00 PM,MIDATL,237.686
6/11/2025 9:00:00 PM,6/11/2025 5:00:00 PM,MIDATL,212.048
6/11/2025 8:00:00 PM,6/11/2025 4:00:00 PM,MIDATL,180.095
6/11/2025 7:00:00 PM,6/11/2025 3:00:00 PM,MIDATL,172.748
6/11/2025 6:00:00 PM,6/11/2025 2:00:00 PM,MIDATL,164.236
6/11/2025 5:00:00 PM,6/11/2025 1:00:00 PM,MIDATL,184.469
6/11/2025 4:00:00 PM,6/11/2025 12:00:00 PM,MIDATL,190.481
6/11/2025 3:00:00 PM,6/11/2025 11:00:00 AM,MIDATL,206.245
6/11/2025 2:00:00 PM,6/11/2025 10:00:00 AM,MIDATL,213.132
6/11/2025 1:00:00 PM,6/11/2025 9:00:00 AM,MIDATL,163.606
6/11/2025 12:00:00 PM,6/11/2025 8:00:00 AM,MIDATL,232.341
6/11/2025 11:00:00 AM,6/11/2025 7:00:00 AM,MIDATL,380.377
6/11/2025 10:00:00 AM,6/11/2025 6:00:00 AM,MIDATL,435.395
6/11/2025 9:00:00 AM,6/11/2025 5:00:00 AM,MIDATL,369.698
6/11/2025 8:00:00 AM,6/11/2025 4:00:00 AM,MIDATL,360.525
6/11/2025 7:00:00 AM,6/11/2025 3:00:00 AM,MIDATL,304.270
6/11/2025 6:00:00 AM,6/11/2025 2:00:00 AM,MIDATL,312.696
6/11/2025 5:00:00 AM,6/11/2025 1:00:00 AM,MIDATL,308.004
6/11/2025 4:00:00 AM,6/11/2025 12:00:00 AM,MIDATL,294.093
6/11/2025 3:00:00 AM,6/10/2025 11:00:00 PM,MIDATL,268.436
6/11/2025 2:00:00 AM,6/10/2025 10:00:00 PM,MIDATL,265.797
6/11/2025 1:00:00 AM,6/10/2025 9:00:00 PM,MIDATL,219.504
6/11/2025 12:00:00 AM,6/10/2025 8:00:00 PM,MIDATL,198.052
6/10/2025 11:00:00 PM,6/10/2025 7:00:00 PM,MIDATL,265.589
6/10/2025 10:00:00 PM,6/10/2025 6:00:00 PM,MIDATL,346.790
6/10/2025 9:00:00 PM,6/10/2025 5:00:00 PM,MIDATL,357.748
6/10/2025 8:00:00 PM,6/10/2025 4:00:00 PM,MIDATL,385.881
6/10/2025 7:00:00 PM,6/10/2025 3:00:00 PM,MIDATL,449.575
6/10/2025 6:00:00 PM,6/10/2025 2:00:00 PM,MIDATL,469.842
6/10/2025 5:00:00 PM,6/10/2025 1:00:00 PM,MIDATL,415.579
6/10/2025 4:00:00 PM,6/10/2025 12:00:00 PM,MIDATL,327.674
6/10/2025 3:00:00 PM,6/10/2025 11:00:00 AM,MIDATL,266.097
6/10/2025 2:00:00 PM,6/10/2025 10:00:00 AM,MIDATL,190.722
6/10/2025 1:00:00 PM,6/10/2025 9:00:00 AM,MIDATL,115.256
6/10/2025 12:00:00 PM,6/10/2025 8:00:00 AM,MIDATL,195.618
6/10/2025 11:00:00 AM,6/10/2025 7:00:00 AM,MIDATL,265.832
6/10/2025 10:00:00 AM,6/10/2025 6:00:00 AM,MIDATL,238.587
6/10/2025 9:00:00 AM,6/10/2025 5:00:00 AM,MIDATL,284.435
6/10/2025 8:00:00 AM,6/10/2025 4:00:00 AM,MIDATL,207.994
6/10/2025 7:00:00 AM,6/10/2025 3:00:00 AM,MIDATL,165.172
6/10/2025 6:00:00 AM,6/10/2025 2:00:00 AM,MIDATL,214.396
6/10/2025 5:00:00 AM,6/10/2025 1:00:00 AM,MIDATL,216.975
6/10/2025 4:00:00 AM,6/10/2025 12:00:00 AM,MIDATL,222.545
6/10/2025 3:00:00 AM,6/9/2025 11:00:00 PM,MIDATL,262.514
6/10/2025 2:00:00 AM,6/9/2025 10:00:00 PM,MIDATL,246.152
6/10/2025 1:00:00 AM,6/9/2025 9:00:00 PM,MIDATL,331.318
6/10/2025 12:00:00 AM,6/9/2025 8:00:00 PM,MIDATL,246.580
6/9/2025 11:00:00 PM,6/9/2025 7:00:00 PM,MIDATL,236.366
6/9/2025 10:00:00 PM,6/9/2025 6:00:00 PM,MIDATL,234.576
6/9/2025 9:00:00 PM,6/9/2025 5:00:00 PM,MIDATL,198.594
6/9/2025 8:00:00 PM,6/9/2025 4:00:00 PM,MIDATL,157.070
6/9/2025 7:00:00 PM,6/9/2025 3:00:00 PM,MIDATL,122.159
6/9/2025 6:00:00 PM,6/9/2025 2:00:00 PM,MIDATL,92.598
6/9/2025 5:00:00 PM,6/9/2025 1:00:00 PM,MIDATL,90.385
6/9/2025 4:00:00 PM,6/9/2025 12:00:00 PM,MIDATL,90.154
6/9/2025 3:00:00 PM,6/9/2025 11:00:00 AM,MIDATL,88.588
6/9/2025 2:00:00 PM,6/9/2025 10:00:00 AM,MIDATL,93.753
6/9/2025 1:00:00 PM,6/9/2025 9:00:00 AM,MIDATL,124.111
6/9/2025 12:00:00 PM,6/9/2025 8:00:00 AM,MIDATL,229.115
6/9/2025 11:00:00 AM,6/9/2025 7:00:00 AM,MIDATL,275.755
6/9/2025 10:00:00 AM,6/9/2025 6:00:00 AM,MIDATL,275.066
6/9/2025 9:00:00 AM,6/9/2025 5:00:00 AM,MIDATL,324.241
6/9/2025 8:00:00 AM,6/9/2025 4:00:00 AM,MIDATL,357.476
6/9/2025 7:00:00 AM,6/9/2025 3:00:00 AM,MIDATL,369.864
6/9/2025 6:00:00 AM,6/9/2025 2:00:00 AM,MIDATL,349.671
6/9/2025 5:00:00 AM,6/9/2025 1:00:00 AM,MIDATL,330.806
6/9/2025 4:00:00 AM,6/9/2025 12:00:00 AM,MIDATL,335.872
6/9/2025 3:00:00 AM,6/8/2025 11:00:00 PM,MIDATL,413.187
6/9/2025 2:00:00 AM,6/8/2025 10:00:00 PM,MIDATL,464.087
6/9/2025 1:00:00 AM,6/8/2025 9:00:00 PM,MIDATL,466.738
6/9/2025 12:00:00 AM,6/8/2025 8:00:00 PM,MIDATL,416.950
6/8/2025 11:00:00 PM,6/8/2025 7:00:00 PM,MIDATL,374.623
6/8/2025 10:00:00 PM,6/8/2025 6:00:00 PM,MIDATL,322.192
6/8/2025 9:00:00 PM,6/8/2025 5:00:00 PM,MIDATL,359.955
6/8/2025 8:00:00 PM,6/8/2025 4:00:00 PM,MIDATL,340.919
6/8/2025 7:00:00 PM,6/8/2025 3:00:00 PM,MIDATL,347.566
6/8/2025 6:00:00 PM,6/8/2025 2:00:00 PM,MIDATL,315.796
6/8/2025 5:00:00 PM,6/8/2025 1:00:00 PM,MIDATL,334.486
6/8/2025 4:00:00 PM,6/8/2025 12:00:00 PM,MIDATL,374.755
6/8/2025 3:00:00 PM,6/8/2025 11:00:00 AM,MIDATL,379.025
6/8/2025 2:00:00 PM,6/8/2025 10:00:00 AM,MIDATL,354.177
6/8/2025 1:00:00 PM,6/8/2025 9:00:00 AM,MIDATL,317.247
6/8/2025 12:00:00 PM,6/8/2025 8:00:00 AM,MIDATL,348.182
6/8/2025 11:00:00 AM,6/8/2025 7:00:00 AM,MIDATL,400.877
6/8/2025 10:00:00 AM,6/8/2025 6:00:00 AM,MIDATL,390.514
6/8/2025 9:00:00 AM,6/8/2025 5:00:00 AM,MIDATL,320.726
6/8/2025 8:00:00 AM,6/8/2025 4:00:00 AM,MIDATL,289.715
6/8/2025 7:00:00 AM,6/8/2025 3:00:00 AM,MIDATL,281.732
6/8/2025 6:00:00 AM,6/8/2025 2:00:00 AM,MIDATL,229.344
6/8/2025 5:00:00 AM,6/8/2025 1:00:00 AM,MIDATL,190.032
6/8/2025 4:00:00 AM,6/8/2025 12:00:00 AM,MIDATL,151.522
6/8/2025 3:00:00 AM,6/7/2025 11:00:00 PM,MIDATL,77.061
6/8/2025 2:00:00 AM,6/7/2025 10:00:00 PM,MIDATL,77.135
6/8/2025 1:00:00 AM,6/7/2025 9:00:00 PM,MIDATL,50.476
6/8/2025 12:00:00 AM,6/7/2025 8:00:00 PM,MIDATL,58.061
6/7/2025 11:00:00 PM,6/7/2025 7:00:00 PM,MIDATL,45.389
6/7/2025 10:00:00 PM,6/7/2025 6:00:00 PM,MIDATL,76.246
6/7/2025 9:00:00 PM,6/7/2025 5:00:00 PM,MIDATL,117.207
6/7/2025 8:00:00 PM,6/7/2025 4:00:00 PM,MIDATL,175.441
6/7/2025 7:00:00 PM,6/7/2025 3:00:00 PM,MIDATL,218.288
6/7/2025 6:00:00 PM,6/7/2025 2:00:00 PM,MIDATL,187.258
6/7/2025 5:00:00 PM,6/7/2025 1:00:00 PM,MIDATL,200.748
6/7/2025 4:00:00 PM,6/7/2025 12:00:00 PM,MIDATL,154.690
6/7/2025 3:00:00 PM,6/7/2025 11:00:00 AM,MIDATL,109.207
6/7/2025 2:00:00 PM,6/7/2025 10:00:00 AM,MIDATL,88.137
6/7/2025 1:00:00 PM,6/7/2025 9:00:00 AM,MIDATL,103.358
6/7/2025 12:00:00 PM,6/7/2025 8:00:00 AM,MIDATL,123.284
6/7/2025 11:00:00 AM,6/7/2025 7:00:00 AM,MIDATL,114.096
6/7/2025 10:00:00 AM,6/7/2025 6:00:00 AM,MIDATL,90.924
6/7/2025 9:00:00 AM,6/7/2025 5:00:00 AM,MIDATL,59.958
6/7/2025 8:00:00 AM,6/7/2025 4:00:00 AM,MIDATL,61.116
6/7/2025 7:00:00 AM,6/7/2025 3:00:00 AM,MIDATL,85.297
6/7/2025 6:00:00 AM,6/7/2025 2:00:00 AM,MIDATL,108.949
6/7/2025 5:00:00 AM,6/7/2025 1:00:00 AM,MIDATL,86.261
6/7/2025 4:00:00 AM,6/7/2025 12:00:00 AM,MIDATL,92.911
6/7/2025 3:00:00 AM,6/6/2025 11:00:00 PM,MIDATL,90.445
6/7/2025 2:00:00 AM,6/6/2025 10:00:00 PM,MIDATL,80.361
6/7/2025 1:00:00 AM,6/6/2025 9:00:00 PM,MIDATL,64.259
6/7/2025 12:00:00 AM,6/6/2025 8:00:00 PM,MIDATL,35.288
6/6/2025 11:00:00 PM,6/6/2025 7:00:00 PM,MIDATL,22.418
6/6/2025 10:00:00 PM,6/6/2025 6:00:00 PM,MIDATL,14.364
6/6/2025 9:00:00 PM,6/6/2025 5:00:00 PM,MIDATL,20.252
6/6/2025 8:00:00 PM,6/6/2025 4:00:00 PM,MIDATL,36.340
6/6/2025 7:00:00 PM,6/6/2025 3:00:00 PM,MIDATL,27.573
6/6/2025 6:00:00 PM,6/6/2025 2:00:00 PM,MIDATL,13.283
6/6/2025 5:00:00 PM,6/6/2025 1:00:00 PM,MIDATL,16.522
6/6/2025 4:00:00 PM,6/6/2025 12:00:00 PM,MIDATL,6.374
6/6/2025 3:00:00 PM,6/6/2025 11:00:00 AM,MIDATL,52.702
6/6/2025 2:00:00 PM,6/6/2025 10:00:00 AM,MIDATL,75.628
6/6/2025 1:00:00 PM,6/6/2025 9:00:00 AM,MIDATL,7.856
6/6/2025 12:00:00 PM,6/6/2025 8:00:00 AM,MIDATL,9.671
6/6/2025 11:00:00 AM,6/6/2025 7:00:00 AM,MIDATL,17.285
6/6/2025 10:00:00 AM,6/6/2025 6:00:00 AM,MIDATL,13.309
6/6/2025 9:00:00 AM,6/6/2025 5:00:00 AM,MIDATL,8.896
6/6/2025 8:00:00 AM,6/6/2025 4:00:00 AM,MIDATL,21.498
6/6/2025 7:00:00 AM,6/6/2025 3:00:00 AM,MIDATL,21.619
6/6/2025 6:00:00 AM,6/6/2025 2:00:00 AM,MIDATL,33.947
6/6/2025 5:00:00 AM,6/6/2025 1:00:00 AM,MIDATL,72.228
6/6/2025 4:00:00 AM,6/6/2025 12:00:00 AM,MIDATL,66.136
6/6/2025 3:00:00 AM,6/5/2025 11:00:00 PM,MIDATL,69.652
6/6/2025 2:00:00 AM,6/5/2025 10:00:00 PM,MIDATL,57.269
6/6/2025 1:00:00 AM,6/5/2025 9:00:00 PM,MIDATL,89.985
6/6/2025 12:00:00 AM,6/5/2025 8:00:00 PM,MIDATL,141.295
6/5/2025 11:00:00 PM,6/5/2025 7:00:00 PM,MIDATL,82.053
6/5/2025 10:00:00 PM,6/5/2025 6:00:00 PM,MIDATL,71.642
6/5/2025 9:00:00 PM,6/5/2025 5:00:00 PM,MIDATL,58.812
6/5/2025 8:00:00 PM,6/5/2025 4:00:00 PM,MIDATL,26.337
6/5/2025 7:00:00 PM,6/5/2025 3:00:00 PM,MIDATL,12.949
6/5/2025 6:00:00 PM,6/5/2025 2:00:00 PM,MIDATL,4.233
6/5/2025 5:00:00 PM,6/5/2025 1:00:00 PM,MIDATL,1.286
6/5/2025 4:00:00 PM,6/5/2025 12:00:00 PM,MIDATL,2.754
6/5/2025 3:00:00 PM,6/5/2025 11:00:00 AM,MIDATL,3.140
6/5/2025 2:00:00 PM,6/5/2025 10:00:00 AM,MIDATL,0.340
6/5/2025 1:00:00 PM,6/5/2025 9:00:00 AM,MIDATL,7.537
6/5/2025 12:00:00 PM,6/5/2025 8:00:00 AM,MIDATL,48.820
6/5/2025 11:00:00 AM,6/5/2025 7:00:00 AM,MIDATL,94.679
6/5/2025 10:00:00 AM,6/5/2025 6:00:00 AM,MIDATL,122.221
6/5/2025 9:00:00 AM,6/5/2025 5:00:00 AM,MIDATL,209.956
6/5/2025 8:00:00 AM,6/5/2025 4:00:00 AM,MIDATL,279.330
6/5/2025 7:00:00 AM,6/5/2025 3:00:00 AM,MIDATL,291.826
6/5/2025 6:00:00 AM,6/5/2025 2:00:00 AM,MIDATL,289.243
6/5/2025 5:00:00 AM,6/5/2025 1:00:00 AM,MIDATL,261.211
6/5/2025 4:00:00 AM,6/5/2025 12:00:00 AM,MIDATL,259.785
6/5/2025 3:00:00 AM,6/4/2025 11:00:00 PM,MIDATL,272.941
6/5/2025 2:00:00 AM,6/4/2025 10:00:00 PM,MIDATL,264.393
6/5/2025 1:00:00 AM,6/4/2025 9:00:00 PM,MIDATL,228.271
6/5/2025 12:00:00 AM,6/4/2025 8:00:00 PM,MIDATL,216.320
6/4/2025 11:00:00 PM,6/4/2025 7:00:00 PM,MIDATL,174.238
6/4/2025 10:00:00 PM,6/4/2025 6:00:00 PM,MIDATL,168.026
6/4/2025 9:00:00 PM,6/4/2025 5:00:00 PM,MIDATL,141.196
6/4/2025 8:00:00 PM,6/4/2025 4:00:00 PM,MIDATL,131.352
6/4/2025 7:00:00 PM,6/4/2025 3:00:00 PM,MIDATL,113.565
6/4/2025 6:00:00 PM,6/4/2025 2:00:00 PM,MIDATL,69.235
6/4/2025 5:00:00 PM,6/4/2025 1:00:00 PM,MIDATL,48.393
6/4/2025 4:00:00 PM,6/4/2025 12:00:00 PM,MIDATL,68.273
6/4/2025 3:00:00 PM,6/4/2025 11:00:00 AM,MIDATL,72.319
6/4/2025 2:00:00 PM,6/4/2025 10:00:00 AM,MIDATL,68.860
6/4/2025 1:00:00 PM,6/4/2025 9:00:00 AM,MIDATL,118.390
6/4/2025 12:00:00 PM,6/4/2025 8:00:00 AM,MIDATL,240.164
6/4/2025 11:00:00 AM,6/4/2025 7:00:00 AM,MIDATL,440.168
6/4/2025 10:00:00 AM,6/4/2025 6:00:00 AM,MIDATL,505.502
6/4/2025 9:00:00 AM,6/4/2025 5:00:00 AM,MIDATL,503.143
6/4/2025 8:00:00 AM,6/4/2025 4:00:00 AM,MIDATL,496.627
6/4/2025 7:00:00 AM,6/4/2025 3:00:00 AM,MIDATL,535.320
6/4/2025 6:00:00 AM,6/4/2025 2:00:00 AM,MIDATL,609.128
6/4/2025 5:00:00 AM,6/4/2025 1:00:00 AM,MIDATL,651.527
6/4/2025 4:00:00 AM,6/4/2025 12:00:00 AM,MIDATL,684.547
6/4/2025 3:00:00 AM,6/3/2025 11:00:00 PM,MIDATL,639.683
6/4/2025 2:00:00 AM,6/3/2025 10:00:00 PM,MIDATL,539.367
6/4/2025 1:00:00 AM,6/3/2025 9:00:00 PM,MIDATL,416.369
6/4/2025 12:00:00 AM,6/3/2025 8:00:00 PM,MIDATL,293.740
6/3/2025 11:00:00 PM,6/3/2025 7:00:00 PM,MIDATL,174.779
6/3/2025 10:00:00 PM,6/3/2025 6:00:00 PM,MIDATL,175.129
6/3/2025 9:00:00 PM,6/3/2025 5:00:00 PM,MIDATL,149.936
6/3/2025 8:00:00 PM,6/3/2025 4:00:00 PM,MIDATL,122.381
6/3/2025 7:00:00 PM,6/3/2025 3:00:00 PM,MIDATL,91.951
6/3/2025 6:00:00 PM,6/3/2025 2:00:00 PM,MIDATL,79.789
6/3/2025 5:00:00 PM,6/3/2025 1:00:00 PM,MIDATL,53.118
6/3/2025 4:00:00 PM,6/3/2025 12:00:00 PM,MIDATL,29.253
6/3/2025 3:00:00 PM,6/3/2025 11:00:00 AM,MIDATL,9.296
6/3/2025 2:00:00 PM,6/3/2025 10:00:00 AM,MIDATL,14.757
6/3/2025 1:00:00 PM,6/3/2025 9:00:00 AM,MIDATL,31.279
6/3/2025 12:00:00 PM,6/3/2025 8:00:00 AM,MIDATL,71.150
6/3/2025 11:00:00 AM,6/3/2025 7:00:00 AM,MIDATL,132.692
6/3/2025 10:00:00 AM,6/3/2025 6:00:00 AM,MIDATL,212.800
6/3/2025 9:00:00 AM,6/3/2025 5:00:00 AM,MIDATL,251.528
6/3/2025 8:00:00 AM,6/3/2025 4:00:00 AM,MIDATL,286.632
6/3/2025 7:00:00 AM,6/3/2025 3:00:00 AM,MIDATL,349.987
6/3/2025 6:00:00 AM,6/3/2025 2:00:00 AM,MIDATL,344.195
6/3/2025 5:00:00 AM,6/3/2025 1:00:00 AM,MIDATL,316.440
6/3/2025 4:00:00 AM,6/3/2025 12:00:00 AM,MIDATL,332.829
6/3/2025 3:00:00 AM,6/2/2025 11:00:00 PM,MIDATL,332.951
6/3/2025 2:00:00 AM,6/2/2025 10:00:00 PM,MIDATL,315.189
6/3/2025 1:00:00 AM,6/2/2025 9:00:00 PM,MIDATL,250.574
6/3/2025 12:00:00 AM,6/2/2025 8:00:00 PM,MIDATL,175.983
6/2/2025 11:00:00 PM,6/2/2025 7:00:00 PM,MIDATL,180.999
6/2/2025 10:00:00 PM,6/2/2025 6:00:00 PM,MIDATL,206.254
6/2/2025 9:00:00 PM,6/2/2025 5:00:00 PM,MIDATL,216.292
6/2/2025 8:00:00 PM,6/2/2025 4:00:00 PM,MIDATL,170.130
6/2/2025 7:00:00 PM,6/2/2025 3:00:00 PM,MIDATL,162.526
6/2/2025 6:00:00 PM,6/2/2025 2:00:00 PM,MIDATL,138.854
6/2/2025 5:00:00 PM,6/2/2025 1:00:00 PM,MIDATL,141.379
6/2/2025 4:00:00 PM,6/2/2025 12:00:00 PM,MIDATL,140.991
6/2/2025 3:00:00 PM,6/2/2025 11:00:00 AM,MIDATL,130.922
6/2/2025 2:00:00 PM,6/2/2025 10:00:00 AM,MIDATL,162.481
6/2/2025 1:00:00 PM,6/2/2025 9:00:00 AM,MIDATL,150.908
6/2/2025 12:00:00 PM,6/2/2025 8:00:00 AM,MIDATL,222.337
6/2/2025 11:00:00 AM,6/2/2025 7:00:00 AM,MIDATL,324.663
6/2/2025 10:00:00 AM,6/2/2025 6:00:00 AM,MIDATL,365.622
6/2/2025 9:00:00 AM,6/2/2025 5:00:00 AM,MIDATL,347.764
6/2/2025 8:00:00 AM,6/2/2025 4:00:00 AM,MIDATL,292.076
6/2/2025 7:00:00 AM,6/2/2025 3:00:00 AM,MIDATL,271.652
6/2/2025 6:00:00 AM,6/2/2025 2:00:00 AM,MIDATL,293.584
6/2/2025 5:00:00 AM,6/2/2025 1:00:00 AM,MIDATL,280.799
6/2/2025 4:00:00 AM,6/2/2025 12:00:00 AM,MIDATL,339.511
6/2/2025 3:00:00 AM,6/1/2025 11:00:00 PM,MIDATL,410.089
6/2/2025 2:00:00 AM,6/1/2025 10:00:00 PM,MIDATL,478.244
6/2/2025 1:00:00 AM,6/1/2025 9:00:00 PM,MIDATL,369.992
6/2/2025 12:00:00 AM,6/1/2025 8:00:00 PM,MIDATL,281.682
6/1/2025 11:00:00 PM,6/1/2025 7:00:00 PM,MIDATL,319.272
6/1/2025 10:00:00 PM,6/1/2025 6:00:00 PM,MIDATL,391.331
6/1/2025 9:00:00 PM,6/1/2025 5:00:00 PM,MIDATL,437.899
6/1/2025 8:00:00 PM,6/1/2025 4:00:00 PM,MIDATL,496.952
6/1/2025 7:00:00 PM,6/1/2025 3:00:00 PM,MIDATL,475.553
6/1/2025 6:00:00 PM,6/1/2025 2:00:00 PM,MIDATL,494.771
6/1/2025 5:00:00 PM,6/1/2025 1:00:00 PM,MIDATL,518.061
6/1/2025 4:00:00 PM,6/1/2025 12:00:00 PM,MIDATL,574.717
6/1/2025 3:00:00 PM,6/1/2025 11:00:00 AM,MIDATL,622.016
6/1/2025 2:00:00 PM,6/1/2025 10:00:00 AM,MIDATL,569.861
6/1/2025 1:00:00 PM,6/1/2025 9:00:00 AM,MIDATL,463.850
6/1/2025 12:00:00 PM,6/1/2025 8:00:00 AM,MIDATL,356.073
6/1/2025 11:00:00 AM,6/1/2025 7:00:00 AM,MIDATL,511.449
6/1/2025 10:00:00 AM,6/1/2025 6:00:00 AM,MIDATL,680.391
6/1/2025 9:00:00 AM,6/1/2025 5:00:00 AM,MIDATL,737.689
6/1/2025 8:00:00 AM,6/1/2025 4:00:00 AM,MIDATL,793.267
6/1/2025 7:00:00 AM,6/1/2025 3:00:00 AM,MIDATL,823.710
6/1/2025 6:00:00 AM,6/1/2025 2:00:00 AM,MIDATL,828.933
6/1/2025 5:00:00 AM,6/1/2025 1:00:00 AM,MIDATL,811.680
6/1/2025 4:00:00 AM,6/1/2025 12:00:00 AM,MIDATL,854.715
6/1/2025 3:00:00 AM,5/31/2025 11:00:00 PM,MIDATL,876.084
6/1/2025 2:00:00 AM,5/31/2025 10:00:00 PM,MIDATL,825.513
6/1/2025 1:00:00 AM,5/31/2025 9:00:00 PM,MIDATL,836.857
6/1/2025 12:00:00 AM,5/31/2025 8:00:00 PM,MIDATL,876.571
5/31/2025 11:00:00 PM,5/31/2025 7:00:00 PM,MIDATL,917.218
5/31/2025 10:00:00 PM,5/31/2025 6:00:00 PM,MIDATL,959.586
5/31/2025 9:00:00 PM,5/31/2025 5:00:00 PM,MIDATL,967.310
5/31/2025 8:00:00 PM,5/31/2025 4:00:00 PM,MIDATL,953.564
5/31/2025 7:00:00 PM,5/31/2025 3:00:00 PM,MIDATL,955.082
5/31/2025 6:00:00 PM,5/31/2025 2:00:00 PM,MIDATL,954.209
5/31/2025 5:00:00 PM,5/31/2025 1:00:00 PM,MIDATL,966.328
5/31/2025 4:00:00 PM,5/31/2025 12:00:00 PM,MIDATL,969.805
5/31/2025 3:00:00 PM,5/31/2025 11:00:00 AM,MIDATL,912.567
5/31/2025 2:00:00 PM,5/31/2025 10:00:00 AM,MIDATL,768.600
5/31/2025 1:00:00 PM,5/31/2025 9:00:00 AM,MIDATL,726.749
5/31/2025 12:00:00 PM,5/31/2025 8:00:00 AM,MIDATL,751.342
5/31/2025 11:00:00 AM,5/31/2025 7:00:00 AM,MIDATL,694.873
5/31/2025 10:00:00 AM,5/31/2025 6:00:00 AM,MIDATL,679.257
5/31/2025 9:00:00 AM,5/31/2025 5:00:00 AM,MIDATL,726.989
5/31/2025 8:00:00 AM,5/31/2025 4:00:00 AM,MIDATL,715.589
5/31/2025 7:00:00 AM,5/31/2025 3:00:00 AM,MIDATL,680.061
5/31/2025 6:00:00 AM,5/31/2025 2:00:00 AM,MIDATL,728.576
5/31/2025 5:00:00 AM,5/31/2025 1:00:00 AM,MIDATL,726.016
5/31/2025 4:00:00 AM,5/31/2025 12:00:00 AM,MIDATL,753.969
